candidateId,entryArm,populationN,filledN,noEntryN,resolvedN,censoredN,missingReferenceCaseN,missingReferenceAttemptN,continuationWeakMax,failureStrongMin,persistenceFreshCheckpoints,predictionSpec,return.averageLoss,return.averageWin,return.losingN,return.mean,return.median,return.n,return.p05,return.p10,return.profitFactor,return.winRate,return.winningN,return.worst,return.zeroReturnN,activeMinutesHeld.mean,activeMinutesHeld.median,activeMinutesHeld.n,activeMinutesHeld.p05,activeMinutesHeld.p10,activeMinutesHeld.worst,earlyExitOpportunityCostPp.mean,earlyExitOpportunityCostPp.median,earlyExitOpportunityCostPp.n,earlyExitOpportunityCostPp.p05,earlyExitOpportunityCostPp.p10,earlyExitOpportunityCostPp.worst,entryToPostEntryHighPct.mean,entryToPostEntryHighPct.median,entryToPostEntryHighPct.n,entryToPostEntryHighPct.p05,entryToPostEntryHighPct.p10,entryToPostEntryHighPct.worst,entryToSameOrderedHighPct.mean,entryToSameOrderedHighPct.median,entryToSameOrderedHighPct.n,entryToSameOrderedHighPct.p05,entryToSameOrderedHighPct.p10,entryToSameOrderedHighPct.worst,grossEntryToExitPct.mean,grossEntryToExitPct.median,grossEntryToExitPct.n,grossEntryToExitPct.p05,grossEntryToExitPct.p10,grossEntryToExitPct.worst,netReturnPct.mean,netReturnPct.median,netReturnPct.n,netReturnPct.p05,netReturnPct.p10,netReturnPct.worst,ownedPeakGivebackPp.mean,ownedPeakGivebackPp.median,ownedPeakGivebackPp.n,ownedPeakGivebackPp.p05,ownedPeakGivebackPp.p10,ownedPeakGivebackPp.worst,postEntryHighEvaluatorGapPp.mean,postEntryHighEvaluatorGapPp.median,postEntryHighEvaluatorGapPp.n,postEntryHighEvaluatorGapPp.p05,postEntryHighEvaluatorGapPp.p10,postEntryHighEvaluatorGapPp.worst,postEntryUpsideCapturePct.mean,postEntryUpsideCapturePct.median,postEntryUpsideCapturePct.n,postEntryUpsideCapturePct.p05,postEntryUpsideCapturePct.p10,postEntryUpsideCapturePct.worst,sameHighEvaluatorGapPp.mean,sameHighEvaluatorGapPp.median,sameHighEvaluatorGapPp.n,sameHighEvaluatorGapPp.p05,sameHighEvaluatorGapPp.p10,sameHighEvaluatorGapPp.worst,sameHighUpsideCapturePct.mean,sameHighUpsideCapturePct.median,sameHighUpsideCapturePct.n,sameHighUpsideCapturePct.p05,sameHighUpsideCapturePct.p10,sameHighUpsideCapturePct.worst,wallMinutesHeld.mean,wallMinutesHeld.median,wallMinutesHeld.n,wallMinutesHeld.p05,wallMinutesHeld.p10,wallMinutesHeld.worst,wholeOpportunityCapturePct.mean,wholeOpportunityCapturePct.median,wholeOpportunityCapturePct.n,wholeOpportunityCapturePct.p05,wholeOpportunityCapturePct.p10,wholeOpportunityCapturePct.worst,eligibility.activeMinutesHeld.censoredExcludedN,eligibility.activeMinutesHeld.eligibleN,eligibility.activeMinutesHeld.filledN,eligibility.activeMinutesHeld.resolvedMetricMissingN,eligibility.activeMinutesHeld.resolvedN,eligibility.earlyExitOpportunityCostPp.censoredExcludedN,eligibility.earlyExitOpportunityCostPp.eligibleN,eligibility.earlyExitOpportunityCostPp.filledN,eligibility.earlyExitOpportunityCostPp.resolvedMetricMissingN,eligibility.earlyExitOpportunityCostPp.resolvedN,eligibility.entryToPostEntryHighPct.censoredExcludedN,eligibility.entryToPostEntryHighPct.eligibleN,eligibility.entryToPostEntryHighPct.filledN,eligibility.entryToPostEntryHighPct.resolvedMetricMissingN,eligibility.entryToPostEntryHighPct.resolvedN,eligibility.entryToSameOrderedHighPct.censoredExcludedN,eligibility.entryToSameOrderedHighPct.eligibleN,eligibility.entryToSameOrderedHighPct.filledN,eligibility.entryToSameOrderedHighPct.resolvedMetricMissingN,eligibility.entryToSameOrderedHighPct.resolvedN,eligibility.grossEntryToExitPct.censoredExcludedN,eligibility.grossEntryToExitPct.eligibleN,eligibility.grossEntryToExitPct.filledN,eligibility.grossEntryToExitPct.resolvedMetricMissingN,eligibility.grossEntryToExitPct.resolvedN,eligibility.netReturnPct.censoredExcludedN,eligibility.netReturnPct.eligibleN,eligibility.netReturnPct.filledN,eligibility.netReturnPct.resolvedMetricMissingN,eligibility.netReturnPct.resolvedN,eligibility.ownedPeakGivebackPp.censoredExcludedN,eligibility.ownedPeakGivebackPp.eligibleN,eligibility.ownedPeakGivebackPp.filledN,eligibility.ownedPeakGivebackPp.resolvedMetricMissingN,eligibility.ownedPeakGivebackPp.resolvedN,eligibility.postEntryHighEvaluatorGapPp.censoredExcludedN,eligibility.postEntryHighEvaluatorGapPp.eligibleN,eligibility.postEntryHighEvaluatorGapPp.filledN,eligibility.postEntryHighEvaluatorGapPp.resolvedMetricMissingN,eligibility.postEntryHighEvaluatorGapPp.resolvedN,eligibility.postEntryUpsideCapturePct.censoredExcludedN,eligibility.postEntryUpsideCapturePct.eligibleN,eligibility.postEntryUpsideCapturePct.filledN,eligibility.postEntryUpsideCapturePct.resolvedMetricMissingN,eligibility.postEntryUpsideCapturePct.resolvedN,eligibility.sameHighEvaluatorGapPp.censoredExcludedN,eligibility.sameHighEvaluatorGapPp.eligibleN,eligibility.sameHighEvaluatorGapPp.filledN,eligibility.sameHighEvaluatorGapPp.resolvedMetricMissingN,eligibility.sameHighEvaluatorGapPp.resolvedN,eligibility.sameHighUpsideCapturePct.censoredExcludedN,eligibility.sameHighUpsideCapturePct.eligibleN,eligibility.sameHighUpsideCapturePct.filledN,eligibility.sameHighUpsideCapturePct.resolvedMetricMissingN,eligibility.sameHighUpsideCapturePct.resolvedN,eligibility.wallMinutesHeld.censoredExcludedN,eligibility.wallMinutesHeld.eligibleN,eligibility.wallMinutesHeld.filledN,eligibility.wallMinutesHeld.resolvedMetricMissingN,eligibility.wallMinutesHeld.resolvedN,eligibility.wholeOpportunityCapturePct.censoredExcludedN,eligibility.wholeOpportunityCapturePct.eligibleN,eligibility.wholeOpportunityCapturePct.filledN,eligibility.wholeOpportunityCapturePct.resolvedMetricMissingN,eligibility.wholeOpportunityCapturePct.resolvedN,sellCost0.05.averageLoss,sellCost0.05.averageWin,sellCost0.05.losingN,sellCost0.05.mean,sellCost0.05.median,sellCost0.05.n,sellCost0.05.p05,sellCost0.05.p10,sellCost0.05.profitFactor,sellCost0.05.winRate,sellCost0.05.winningN,sellCost0.05.worst,sellCost0.05.zeroReturnN,sellCost0.10.averageLoss,sellCost0.10.averageWin,sellCost0.10.losingN,sellCost0.10.mean,sellCost0.10.median,sellCost0.10.n,sellCost0.10.p05,sellCost0.10.p10,sellCost0.10.profitFactor,sellCost0.10.winRate,sellCost0.10.winningN,sellCost0.10.worst,sellCost0.10.zeroReturnN,sellCost0.20.averageLoss,sellCost0.20.averageWin,sellCost0.20.losingN,sellCost0.20.mean,sellCost0.20.median,sellCost0.20.n,sellCost0.20.p05,sellCost0.20.p10,sellCost0.20.profitFactor,sellCost0.20.winRate,sellCost0.20.winningN,sellCost0.20.worst,sellCost0.20.zeroReturnN,concentration.interpretation,concentration.largestSessionShare,concentration.largestSymbolShare,concentration.largestTradeShare,concentration.positiveNetContributionN,concentration.positiveNetSumPct,concentration.topFiveTradeShare,exitReason.MODEL_EXIT,exitReason.FORCED_TERMINAL,exitReason.UNRESOLVED_TERMINAL,allFormalGatesPass
GEN2_R41_01,IMMEDIATE,1267,1150,117,1137,13,124,246,0.35,0.6,1,LOGISTIC_CORE_CALENDAR,-2.595583215919218,2.918727320993506,637,-0.1706445453331476,-0.09997501249375258,1137,-6.938227591824049,-4.382947067256949,0.8826512451616323,0.4397537379067722,500,-29.032876982561344,0,137.79419525065964,136.0,1137,5.0,12.0,1.0,1.0160972467191496,0.0,1137,0.0,0.0,0.0,3.4824317509931237,1.9357870733507447,1137,-0.049975012493749985,0.10504716966670775,-4.04498908558421,2.95573048684623,1.6941415237890611,1122,-2.5597666283137417,-1.1274713194526902,-12.266089177633408,-0.12064454533314777,-0.049975012493753815,1137,-6.888227591824053,-4.332947067256947,-28.982876982561343,-0.1706445453331476,-0.09997501249375258,1137,-6.938227591824049,-4.382947067256949,-29.032876982561344,2.702245749510225,1.6568064743626478,202,0.0,0.0049975012493738554,0.0,3.6030762963262712,1.999000499750125,1137,0.0,0.11013375136299564,0.0,-190.98285048815754,-1.5632477769580917,1046,-861.9663558246618,-334.65756530580734,-18412.658227846292,3.065651111895803,1.579380546227208,1122,0.0,0.0,-5.782232850516891,-72.71884583990732,16.002150391046932,878,-366.9408475764401,-208.44964378085982,-9114.092140917866,164.30694810905894,150.0,1137,5.0,12.0,1.0,-24.435649845874813,-3.2808161953723793,1128,-192.73460384833027,-147.42736538461526,-1057.5299999999993,13,1137,1150,0,1137,13,1137,1150,0,1137,13,1137,1150,0,1137,13,1122,1150,15,1137,13,1137,1150,0,1137,13,1137,1150,0,1137,13,202,1150,935,1137,13,1137,1150,0,1137,13,1046,1150,91,1137,13,1122,1150,15,1137,13,878,1150,259,1137,13,1137,1150,0,1137,13,1128,1150,9,1137,-2.595583215919218,2.918727320993506,637,-0.1706445453331476,-0.09997501249375258,1137,-6.938227591824049,-4.382947067256949,0.8826512451616323,0.4397537379067722,500,-29.032876982561344,0,-2.621170841154375,2.903927131211486,643,-0.22064454533314762,-0.14997501249375259,1137,-6.988227591824049,-4.432947067256949,0.8511505071796257,0.43447669305189096,494,-29.082876982561345,0,-2.6331187013958712,2.937396373695902,665,-0.3206445453331476,-0.2499750124937526,1137,-7.088227591824049,-4.532947067256949,0.7917944806697241,0.415127528583993,472,-29.182876982561343,0,UNWEIGHTED_POSITIVE_TRADE_RETURN_CONTRIBUTION_NOT_CAPITAL_CONCENTRATION,0.05697026944854702,0.04287388673890296,0.026749386750697893,500,1459.363660496753,0.10082443817596298,364,773,13,False
GEN2_R41_01,ALL_MATERIAL_R1_TEMPORAL_NESTED_OOF,1267,1107,160,1097,10,120,238,0.35,0.6,1,LOGISTIC_CORE_CALENDAR,-2.345666684960283,2.592693276991422,596,-0.0903172401673896,-0.09997501249375258,1097,-6.2352563791249525,-3.620936635125998,0.9291296257002104,0.4567000911577028,501,-32.0167897143865,0,124.92069279854148,115.0,1097,4.0,5.0,1.0,0.9753056134838646,0.0,1097,0.0,0.0,0.0,3.313327368507821,1.6782674944948304,1097,-0.08147512171262558,-0.049975012493741096,-2.214957503197847,3.187493640162037,1.7618079177933665,1001,-1.7614480431017354,-0.8093294283532443,-12.266089177633408,-0.04031724016738978,-0.049975012493749756,1097,-6.185256379124953,-3.570936635125996,-31.966789714386504,-0.0903172401673896,-0.09997501249375258,1097,-6.2352563791249525,-3.620936635125998,-32.0167897143865,2.359320482772281,1.0521055261842764,223,0.0,0.04997501249373903,0.0,3.3536446086752103,1.745489001860816,1097,0.0,0.0,0.0,-138.4535510865426,6.919634015922735,981,-756.0727661851129,-331.0748758316822,-13106.162876006054,3.082421953699174,1.583994056854299,1001,0.0,0.0,-6.993587754227843,-66.03517800577067,19.216398247249586,824,-399.5197260517331,-183.54486448404708,-17280.95238094937,150.8140382862352,125.0,1097,6.0,10.0,1.0,-18.741102437011346,-1.4999999999998792,1090,-173.6761264367811,-118.64723484848484,-1057.5299999999993,10,1097,1107,0,1097,10,1097,1107,0,1097,10,1097,1107,0,1097,10,1001,1107,96,1097,10,1097,1107,0,1097,10,1097,1107,0,1097,10,223,1107,874,1097,10,1097,1107,0,1097,10,981,1107,116,1097,10,1001,1107,96,1097,10,824,1107,273,1097,10,1097,1107,0,1097,10,1090,1107,7,1097,-2.345666684960283,2.592693276991422,596,-0.0903172401673896,-0.09997501249375258,1097,-6.2352563791249525,-3.620936635125998,0.9291296257002104,0.4567000911577028,501,-32.0167897143865,0,-2.3489573481986072,2.6058037939491348,608,-0.14031724016738958,-0.14997501249375259,1097,-6.285256379124952,-3.670936635125998,0.8922198083651375,0.4457611668185962,489,-32.0667897143865,0,-2.3952874575314187,2.581559549728244,622,-0.24031724016738967,-0.2499750124937526,1097,-6.385256379124953,-3.7709366351259983,0.8230528669946726,0.43299908842297175,475,-32.1667897143865,0,UNWEIGHTED_POSITIVE_TRADE_RETURN_CONTRIBUTION_NOT_CAPITAL_CONCENTRATION,0.061208745854961694,0.04591409028227264,0.021589473580819443,501,1298.9393317727024,0.09549415004608633,360,737,10,False
GEN2_R41_02,IMMEDIATE,1267,1150,117,1136,14,79,179,0.35,0.6,2,LOGISTIC_CORE_CALENDAR,-2.8035794901871567,3.205024227859816,643,-0.1959724188868418,-0.26504625672477683,1136,-7.787031686877551,-4.859500011898815,0.8765049821057429,0.4339788732394366,493,-29.032876982561344,0,154.94278169014083,145.0,1136,9.0,24.0,1.0,0.5904984611684966,0.0,1136,0.0,0.0,0.0,3.485093945138923,1.938576777430477,1136,-0.04997501249375002,0.1047597366960776,-4.04498908558421,2.95573048684623,1.6941415237890611,1122,-2.5597666283137417,-1.1274713194526902,-12.266089177633408,-0.14597241888684204,-0.21504625672478067,1136,-7.737031686877552,-4.809500011898814,-28.982876982561343,-0.1959724188868418,-0.26504625672477683,1136,-7.787031686877551,-4.859500011898815,-29.032876982561344,3.2694845934951973,1.9098730889332405,167,0.0,0.1861180461408615,0.0,3.6310663640257648,2.0162790492395315,1136,0.0,0.0822474099707944,0.0,-206.32647874727235,-2.337067153138521,1045,-893.770835247298,-392.81264429590874,-18412.658227846292,3.091684934567832,1.5771174087843034,1122,0.0,0.0,-3.6561897698534827,-85.12071388956066,17.0915843991069,878,-410.564443830697,-226.96213244690085,-9114.092140917866,184.84154929577466,150.5,1136,9.0,28.0,2.0,-27.274666161503337,-5.636999999999648,1128,-204.27312499999948,-157.78097222222203,-1057.5299999999993,14,1136,1150,0,1136,14,1136,1150,0,1136,14,1136,1150,0,1136,14,1122,1150,14,1136,14,1136,1150,0,1136,14,1136,1150,0,1136,14,167,1150,969,1136,14,1136,1150,0,1136,14,1045,1150,91,1136,14,1122,1150,14,1136,14,878,1150,258,1136,14,1136,1150,0,1136,14,1128,1150,8,1136,-2.8035794901871567,3.205024227859816,643,-0.1959724188868418,-0.26504625672477683,1136,-7.787031686877551,-4.859500011898815,0.8765049821057429,0.4339788732394366,493,-29.032876982561344,0,-2.8317224770053713,3.187564543532845,648,-0.2459724188868417,-0.3150462567247768,1136,-7.837031686877552,-4.909500011898815,0.8477213389779785,0.4295774647887324,488,-29.082876982561345,0,-2.8497986741043757,3.2149062852285,667,-0.3459724188868417,-0.41504625672477685,1136,-7.9370316868775515,-5.009500011898815,0.7932336814009969,0.4128521126760563,469,-29.182876982561343,0,UNWEIGHTED_POSITIVE_TRADE_RETURN_CONTRIBUTION_NOT_CAPITAL_CONCENTRATION,0.058503001289350744,0.0598520787439942,0.024705811387542218,493,1580.0769443348895,0.09916254174881144,223,913,14,False
GEN2_R41_02,ALL_MATERIAL_R1_TEMPORAL_NESTED_OOF,1267,1107,160,1096,11,84,170,0.35,0.6,2,LOGISTIC_CORE_CALENDAR,-2.5599482466450754,2.8493878487363835,606,-0.14154068575372986,-0.09997501249375258,1096,-7.054910048806425,-4.558186212090598,0.9000027538720685,0.4470802919708029,490,-32.0167897143865,0,141.59489051094891,134.5,1096,5.0,11.0,1.0,0.6649688766781345,0.0,1096,0.0,0.0,0.0,3.3160609742997704,1.68092152544504,1096,-0.0848777118870647,-0.049975012493741096,-2.214957503197847,3.187493640162037,1.7618079177933665,1001,-1.7614480431017354,-0.8093294283532443,-12.266089177633408,-0.09154068575373006,-0.049975012493755015,1096,-7.004910048806426,-4.5081862120905996,-31.966789714386504,-0.14154068575372986,-0.09997501249375258,1096,-7.054910048806425,-4.558186212090598,-32.0167897143865,2.5963399278044927,1.2493753123438283,195,0.0,0.0,0.0,3.4076016600535,1.7631778872843435,1096,0.0,0.0,0.0,-158.0308883601136,3.088115451456948,980,-841.9511211763623,-358.09818730791017,-16481.071166540936,3.1293590159485833,1.588800975234926,1001,0.0,0.0,-4.1301663217977795,-71.28981704055809,19.20824075944266,824,-393.1101248366951,-198.50820035181403,-17280.95238094937,171.40328467153284,147.5,1096,9.0,11.5,2.0,-21.781897818624145,-2.374999999999921,1090,-187.34374999999955,-123.24613235294109,-1057.5299999999993,11,1096,1107,0,1096,11,1096,1107,0,1096,11,1096,1107,0,1096,11,1001,1107,95,1096,11,1096,1107,0,1096,11,1096,1107,0,1096,11,195,1107,901,1096,11,1096,1107,0,1096,11,980,1107,116,1096,11,1001,1107,95,1096,11,824,1107,272,1096,11,1096,1107,0,1096,11,1090,1107,6,1096,-2.5599482466450754,2.8493878487363835,606,-0.14154068575372986,-0.09997501249375258,1096,-7.054910048806425,-4.558186212090598,0.9000027538720685,0.4470802919708029,490,-32.0167897143865,0,-2.568101758609059,2.8583793577439423,616,-0.19154068575372984,-0.14997501249375259,1096,-7.104910048806426,-4.608186212090597,0.8672976384145249,0.43795620437956206,480,-32.0667897143865,0,-2.602305293144216,2.855880072588484,632,-0.2915406857537299,-0.2499750124937526,1096,-7.2049100488064255,-4.708186212090598,0.8057171785851144,0.4233576642335766,464,-32.1667897143865,0,UNWEIGHTED_POSITIVE_TRADE_RETURN_CONTRIBUTION_NOT_CAPITAL_CONCENTRATION,0.06489305160103485,0.06814185057029937,0.02396787490015247,490,1396.200045880828,0.0963612918592967,226,870,11,False
GEN2_R41_03,IMMEDIATE,1267,1150,117,1137,13,158,298,0.5,0.6,1,LOGISTIC_CORE_CALENDAR,-2.063526934042894,2.3897578069922543,641,-0.12084511209616272,-0.09997501249375258,1137,-5.650973515023497,-3.3285559325659957,0.8961225255413093,0.436235708003518,496,-19.5679341776337,0,99.6042216358839,66.0,1137,3.0,5.0,1.0,1.7154992097858406,0.04043285800465463,1137,0.0,0.0,0.0,3.4824317509931237,1.9357870733507447,1137,-0.049975012493749985,0.10504716966670775,-4.04498908558421,2.95573048684623,1.6941415237890611,1122,-2.5597666283137417,-1.1274713194526902,-12.266089177633408,-0.07084511209616268,-0.04997501249375049,1137,-5.600973515023493,-3.278555932565998,-19.517934177633702,-0.12084511209616272,-0.09997501249375258,1137,-5.650973515023497,-3.3285559325659957,-19.5679341776337,2.1088574542190366,0.9799022057598653,271,0.0,0.0,0.0,3.553276863089286,2.0126867697846604,1137,0.0,0.24491818863089607,0.0,-174.94125943822056,-1.0821026583630622,1046,-778.3075841137638,-293.37608672607075,-18412.658227846292,3.0151859108347945,1.6318643290643098,1122,0.0,0.0,-10.052920559587756,-67.28745258818125,11.534575319216682,878,-326.4545116758681,-170.29029128492422,-9114.092140917866,117.68689533861038,74.0,1137,3.0,5.0,1.0,-18.945146923476997,-1.9804411764705443,1128,-169.82736204900655,-122.93949999999973,-1057.5299999999993,13,1137,1150,0,1137,13,1137,1150,0,1137,13,1137,1150,0,1137,13,1122,1150,15,1137,13,1137,1150,0,1137,13,1137,1150,0,1137,13,271,1150,866,1137,13,1137,1150,0,1137,13,1046,1150,91,1137,13,1122,1150,15,1137,13,878,1150,259,1137,13,1137,1150,0,1137,13,1128,1150,9,1137,-2.063526934042894,2.3897578069922543,641,-0.12084511209616272,-0.09997501249375258,1137,-5.650973515023497,-3.3285559325659957,0.8961225255413093,0.436235708003518,496,-19.5679341776337,0,-2.094170132321351,2.368728945221586,647,-0.17084511209616268,-0.14997501249375259,1137,-5.700973515023497,-3.378555932565996,0.8566337978009577,0.4309586631486368,490,-19.6179341776337,0,-2.133120470067343,2.3624359673280546,666,-0.27084511209616274,-0.2499750124937526,1137,-5.800973515023498,-3.478555932565996,0.783233655156469,0.41424802110817943,471,-19.717934177633698,0,UNWEIGHTED_POSITIVE_TRADE_RETURN_CONTRIBUTION_NOT_CAPITAL_CONCENTRATION,0.06945161269901517,0.05278625099845922,0.032933796081426325,496,1185.3198722681582,0.1241348640198231,613,524,13,False
GEN2_R41_03,ALL_MATERIAL_R1_TEMPORAL_NESTED_OOF,1267,1107,160,1097,10,146,280,0.5,0.6,1,LOGISTIC_CORE_CALENDAR,-1.9000467825705252,2.2054312163104544,598,-0.03255952510324285,-0.09997501249374148,1097,-4.685896598346319,-2.8580628608902567,0.9685645840505382,0.45487693710118504,499,-32.0167897143865,0,92.62260711030082,61.0,1097,2.0,5.0,1.0,1.603676379564574,0.0,1097,0.0,0.0,0.0,3.313327368507821,1.6782674944948304,1097,-0.08147512171262558,-0.049975012493741096,-2.214957503197847,3.187493640162037,1.7618079177933665,1001,-1.7614480431017354,-0.8093294283532443,-12.266089177633408,0.017440474896756902,-0.04997501249374641,1097,-4.6358965983463225,-2.808062860890258,-31.966789714386504,-0.03255952510324285,-0.09997501249374148,1097,-4.685896598346319,-2.8580628608902567,-32.0167897143865,1.7223737140590236,0.7370341867165557,307,0.0,0.0,0.0,3.2958868936110637,1.7158802572962448,1097,0.0,0.08772223179177817,0.0,-128.95542732002025,4.368500046487519,981,-662.0452310717402,-313.25476390908375,-16921.276595741136,3.027926232675085,1.5418787883735083,1001,0.0,0.0,-7.800559411546372,-48.77492299997271,15.196537792283515,824,-381.4202656656654,-166.5719239288834,-9114.092140917866,111.18687329079307,70.0,1097,3.0,5.0,1.0,-14.941387711940866,-1.2933333333332087,1090,-152.40749999999974,-101.60724999999974,-1057.5299999999993,10,1097,1107,0,1097,10,1097,1107,0,1097,10,1097,1107,0,1097,10,1001,1107,96,1097,10,1097,1107,0,1097,10,1097,1107,0,1097,10,307,1107,790,1097,10,1097,1107,0,1097,10,981,1107,116,1097,10,1001,1107,96,1097,10,824,1107,273,1097,10,1097,1107,0,1097,10,1090,1107,7,1097,-1.9000467825705252,2.2054312163104544,598,-0.03255952510324285,-0.09997501249374148,1097,-4.685896598346319,-2.8580628608902567,0.9685645840505382,0.45487693710118504,499,-32.0167897143865,0,-1.9122306231431694,2.2092256284991287,610,-0.08255952510324288,-0.14997501249374148,1097,-4.735896598346319,-2.908062860890257,0.9223567492826699,0.4439380127620784,487,-32.0667897143865,0,-1.9472857752485881,2.2070161483768276,631,-0.18255952510324294,-0.2499750124937415,1097,-4.835896598346319,-3.008062860890257,0.8370133346672745,0.4247948951686418,466,-32.1667897143865,0,UNWEIGHTED_POSITIVE_TRADE_RETURN_CONTRIBUTION_NOT_CAPITAL_CONCENTRATION,0.06063468373065188,0.047897396182009944,0.025482196324978248,499,1100.5101769389166,0.10680723482942979,552,545,10,False
GEN2_R41_04,IMMEDIATE,1267,1150,117,1136,14,104,230,0.5,0.6,2,LOGISTIC_CORE_CALENDAR,-2.4094027288479523,2.753539010856053,642,-0.16425024696962615,-0.18447478263456935,1136,-6.662333297706261,-3.8840330070702476,0.879374274983451,0.43485915492957744,494,-19.5679341776337,0,128.30809859154928,115.0,1136,5.0,9.0,1.0,1.177452253855475,0.0,1136,0.0,0.0,0.0,3.485093945138923,1.938576777430477,1136,-0.04997501249375002,0.1047597366960776,-4.04498908558421,2.95573048684623,1.6941415237890611,1122,-2.5597666283137417,-1.1274713194526902,-12.266089177633408,-0.11425024696962618,-0.13447478263457235,1136,-6.612333297706259,-3.834033007070245,-19.517934177633702,-0.16425024696962615,-0.18447478263456935,1136,-6.662333297706261,-3.8840330070702476,-19.5679341776337,2.8261495505689447,1.7536686202353335,203,0.0,0.17810794380304062,0.0,3.599344192108549,1.999000499750125,1136,0.0,0.16724704633146284,0.0,-192.27064866040072,-1.8090471724473485,1045,-840.1810916337256,-323.43377108682796,-18412.658227846292,3.0595669423236638,1.5771174087843034,1122,0.0,0.0,-8.260332643595559,-76.29705222734619,16.19777270199161,878,-373.1027889902294,-206.64235100301855,-9114.092140917866,152.79753521126761,120.0,1136,5.0,9.0,2.0,-22.944463666584173,-4.011488231917235,1128,-182.32583333333267,-142.756083333333,-1057.5299999999993,14,1136,1150,0,1136,14,1136,1150,0,1136,14,1136,1150,0,1136,14,1122,1150,14,1136,14,1136,1150,0,1136,14,1136,1150,0,1136,14,203,1150,933,1136,14,1136,1150,0,1136,14,1045,1150,91,1136,14,1122,1150,14,1136,14,878,1150,258,1136,14,1136,1150,0,1136,14,1128,1150,8,1136,-2.4094027288479523,2.753539010856053,642,-0.16425024696962615,-0.18447478263456935,1136,-6.662333297706261,-3.8840330070702476,0.879374274983451,0.43485915492957744,494,-19.5679341776337,0,-2.4405581218385226,2.7313963686544556,647,-0.21425024696962616,-0.23447478263456936,1136,-6.712333297706261,-3.934033007070248,0.8458632395236019,0.43045774647887325,489,-19.6179341776337,0,-2.462247661459203,2.7516947805496845,668,-0.3142502469696261,-0.33447478263456937,1136,-6.812333297706261,-4.0340330070702475,0.7829570103714769,0.4119718309859155,468,-19.717934177633698,0,UNWEIGHTED_POSITIVE_TRADE_RETURN_CONTRIBUTION_NOT_CAPITAL_CONCENTRATION,0.06426793078831002,0.045997920826849135,0.028698498492064926,494,1360.2482713628901,0.10817107748762408,432,704,14,False
GEN2_R41_04,ALL_MATERIAL_R1_TEMPORAL_NESTED_OOF,1267,1107,160,1096,11,104,219,0.5,0.6,2,LOGISTIC_CORE_CALENDAR,-2.1645811114326943,2.4966177136439316,608,-0.0891568170555104,-0.09997501249375258,1096,-5.519850259595496,-3.321696825246578,0.9257515031181618,0.44525547445255476,488,-32.0167897143865,0,116.7764598540146,95.0,1096,5.0,6.0,1.0,1.1602487000957737,0.0,1096,0.0,0.0,0.0,3.3160609742997704,1.68092152544504,1096,-0.0848777118870647,-0.049975012493741096,-2.214957503197847,3.187493640162037,1.7618079177933665,1001,-1.7614480431017354,-0.8093294283532443,-12.266089177633408,-0.03915681705551065,-0.04997501249375258,1096,-5.469850259595493,-3.27169682524658,-31.966789714386504,-0.0891568170555104,-0.09997501249375258,1096,-5.519850259595496,-3.321696825246578,-32.0167897143865,2.332549816233552,1.1540185054674748,236,0.0,0.0,0.0,3.35521779135528,1.7694289393534997,1096,0.0,0.0,0.0,-143.4251379632583,2.0282014583219707,980,-758.3753791555713,-321.3125391922768,-16921.276595741136,3.080547139848791,1.58650833313502,1001,0.0,0.0,-6.150770768461923,-62.17639640191924,15.917190521546999,824,-324.5195224568176,-183.285753822515,-17280.95238094937,140.6587591240876,101.5,1096,6.0,10.0,2.0,-17.865332930756132,-2.0583333333330955,1090,-167.60343749999987,-113.39368421052596,-1057.5299999999993,11,1096,1107,0,1096,11,1096,1107,0,1096,11,1096,1107,0,1096,11,1001,1107,95,1096,11,1096,1107,0,1096,11,1096,1107,0,1096,11,236,1107,860,1096,11,1096,1107,0,1096,11,980,1107,116,1096,11,1001,1107,95,1096,11,824,1107,272,1096,11,1096,1107,0,1096,11,1090,1107,6,1096,-2.1645811114326943,2.4966177136439316,608,-0.0891568170555104,-0.09997501249375258,1096,-5.519850259595496,-3.321696825246578,0.9257515031181618,0.44525547445255476,488,-32.0167897143865,0,-2.1792839203758025,2.4984970529276294,618,-0.13915681705551042,-0.14997501249375259,1096,-5.569850259595496,-3.3716968252465787,0.8867566388366697,0.43613138686131386,478,-32.0667897143865,0,-2.2165627667829857,2.4948218438720424,636,-0.23915681705551034,-0.2499750124937526,1096,-5.6698502595954965,-3.4716968252465783,0.8140671315098545,0.4197080291970803,460,-32.1667897143865,0,UNWEIGHTED_POSITIVE_TRADE_RETURN_CONTRIBUTION_NOT_CAPITAL_CONCENTRATION,0.07151616820642719,0.04413215811081518,0.023017547649038857,488,1218.3494442582387,0.09695517105660997,385,711,11,False
GEN2_R41_05,IMMEDIATE,1267,1150,117,1139,11,203,434,0.35,0.6,1,LOGISTIC_CORE_CALENDAR_PATTERN187,-2.1942852575342537,2.4706579544552936,636,-0.13417425171270658,-0.09997501249375258,1139,-6.050169262577795,-3.35239326732054,0.8904927923152861,0.44161545215100967,503,-29.032876982561344,0,98.25373134328358,70.0,1139,1.0,4.0,1.0,1.653398138586308,0.0,1139,0.0,0.0,0.0,3.4779257904644303,1.9357870733507447,1139,-0.04997501249375061,0.10197391274318794,-4.04498908558421,2.95573048684623,1.6941415237890611,1122,-2.5597666283137417,-1.1274713194526902,-12.266089177633408,-0.08417425171270661,-0.049975012493751136,1139,-6.000169262577795,-3.3023932673205363,-28.982876982561343,-0.13417425171270658,-0.09997501249375258,1139,-6.050169262577795,-3.35239326732054,-29.032876982561344,2.300946424634407,0.8188791295186042,290,0.0,0.0,0.0,3.5621000421771365,1.9849140132048007,1139,0.0,0.21854854283772585,0.0,-153.36265512961594,-1.2782963348205933,1047,-682.4562587307908,-282.63527231761543,-18412.658227846292,3.030741013130717,1.5669427251219457,1122,-0.03274224956487259,0.0,-9.747776288534178,-63.83488878462417,11.191408066755006,878,-330.84760886058723,-172.0907320518263,-9114.092140917866,117.42844600526777,85.0,1139,1.0,4.0,1.0,-17.76049101699762,-2.291666666666477,1128,-171.66916373239394,-114.05349999999957,-1057.5299999999993,11,1139,1150,0,1139,11,1139,1150,0,1139,11,1139,1150,0,1139,11,1122,1150,17,1139,11,1139,1150,0,1139,11,1139,1150,0,1139,11,290,1150,849,1139,11,1139,1150,0,1139,11,1047,1150,92,1139,11,1122,1150,17,1139,11,878,1150,261,1139,11,1139,1150,0,1139,11,1128,1150,11,1139,-2.1942852575342537,2.4706579544552936,636,-0.13417425171270658,-0.09997501249375258,1139,-6.050169262577795,-3.35239326732054,0.8904927923152861,0.44161545215100967,503,-29.032876982561344,0,-2.203318404419394,2.480602552674123,648,-0.18417425171270652,-0.14997501249375259,1139,-6.100169262577795,-3.4023932673205404,0.8530734198610831,0.4310798946444249,491,-29.082876982561345,0,-2.2329553193659812,2.4897290126703586,669,-0.28417425171270655,-0.2499750124937526,1139,-6.200169262577796,-3.5023932673205405,0.7833282463611594,0.41264266900790164,470,-29.182876982561343,0,UNWEIGHTED_POSITIVE_TRADE_RETURN_CONTRIBUTION_NOT_CAPITAL_CONCENTRATION,0.06868950767943666,0.06877616809909746,0.02662910233088434,503,1242.7409510910127,0.10903601103246204,599,540,11,False
GEN2_R41_05,ALL_MATERIAL_R1_TEMPORAL_NESTED_OOF,1267,1107,160,1100,7,201,411,0.35,0.6,1,LOGISTIC_CORE_CALENDAR_PATTERN187,-2.099185762588495,2.391287648211527,599,-0.05397923639684861,-0.09997501249375258,1100,-5.314059413071665,-3.062393671411992,0.9527782881011789,0.45545454545454545,501,-32.0167897143865,0,99.01636363636364,73.0,1100,3.0,5.0,1.0,1.4501707038735152,0.0,1100,0.0,0.0,0.0,3.305936695541622,1.6723777861217317,1100,-0.07126735118930917,-0.049975012493741096,-2.214957503197847,3.187493640162037,1.7618079177933665,1001,-1.7614480431017354,-0.8093294283532443,-12.266089177633408,-0.003979236396848711,-0.0499750124937509,1100,-5.264059413071665,-3.0123936714119908,-31.966789714386504,-0.05397923639684861,-0.09997501249375258,1100,-5.314059413071665,-3.062393671411992,-32.0167897143865,2.0247019365589876,0.8667325777395103,273,0.0,0.0,0.0,3.3099159319384706,1.803802948084615,1100,0.0,0.09727099041275585,0.0,-128.05021993900002,3.7433797923212935,984,-723.7267653559232,-304.9935903955691,-18388.628026408478,3.052948038368684,1.6173143201861853,1001,0.0,0.0,-11.475481252995047,-50.22657466396217,16.500909907049525,824,-357.30539511960757,-182.76514304019247,-9114.092140917866,120.54818181818182,86.5,1100,4.0,9.0,1.0,-16.2736657421126,-1.7006249999998602,1090,-159.1637499999996,-106.27526315789443,-1057.5299999999993,7,1100,1107,0,1100,7,1100,1107,0,1100,7,1100,1107,0,1100,7,1001,1107,99,1100,7,1100,1107,0,1100,7,1100,1107,0,1100,7,273,1107,827,1100,7,1100,1107,0,1100,7,984,1107,116,1100,7,1001,1107,99,1100,7,824,1107,276,1100,7,1100,1107,0,1100,7,1090,1107,10,1100,-2.099185762588495,2.391287648211527,599,-0.05397923639684861,-0.09997501249375258,1100,-5.314059413071665,-3.062393671411992,0.9527782881011789,0.45545454545454545,501,-32.0167897143865,0,-2.1143079843888604,2.3894835080576016,609,-0.1039792363968486,-0.14997501249375259,1100,-5.364059413071665,-3.112393671411992,0.9111712058895219,0.44636363636363635,491,-32.0667897143865,0,-2.139506921478264,2.4001102503544796,631,-0.20397923639684862,-0.2499750124937526,1100,-5.4640594130716655,-3.2123936714119923,0.833798250210838,0.4263636363636364,469,-32.1667897143865,0,UNWEIGHTED_POSITIVE_TRADE_RETURN_CONTRIBUTION_NOT_CAPITAL_CONCENTRATION,0.0785518695998706,0.08549823071199364,0.02762279304897285,501,1198.035111753975,0.10352821594536979,551,549,7,False
GEN2_R41_06,IMMEDIATE,1267,1150,117,1137,13,154,290,0.35,0.6,2,LOGISTIC_CORE_CALENDAR_PATTERN187,-2.532649637375865,2.9399892325837382,636,-0.12122301129867843,-0.1339023801066152,1137,-6.805002935124871,-4.071051955331106,0.9144316214011409,0.44063324538258575,501,-29.032876982561344,0,130.66402814423924,115.0,1137,5.0,12.0,1.0,1.0545251166270708,0.0,1137,0.0,0.0,0.0,3.4840926048313383,1.9413664815102092,1137,-0.049975012493749985,0.10504716966670775,-4.04498908558421,2.95573048684623,1.6941415237890611,1122,-2.5597666283137417,-1.1274713194526902,-12.266089177633408,-0.07122301129867857,-0.08390238010661867,1137,-6.755002935124874,-4.021051955331108,-28.982876982561343,-0.12122301129867843,-0.1339023801066152,1137,-6.805002935124871,-4.071051955331106,-29.032876982561344,2.815150447437445,1.545618943105767,203,0.0,0.088913547768246,0.0,3.5553156161300166,2.0205530657851667,1137,0.0,0.1123384450973205,0.0,-180.7357545199357,-1.4162712218037674,1046,-848.7499231697336,-329.76037378724754,-18412.658227846292,3.0180320760737365,1.6057744303843984,1122,0.0,0.0,-11.169911732875283,-69.77644842601458,14.897219770642316,878,-349.9699412132631,-200.3296465192318,-9114.092140917866,155.45734388742304,120.0,1137,5.0,12.0,2.0,-23.462132925053766,-3.945600485942256,1128,-191.09244252873546,-150.77083333333326,-1057.5299999999993,13,1137,1150,0,1137,13,1137,1150,0,1137,13,1137,1150,0,1137,13,1122,1150,15,1137,13,1137,1150,0,1137,13,1137,1150,0,1137,13,203,1150,934,1137,13,1137,1150,0,1137,13,1046,1150,91,1137,13,1122,1150,15,1137,13,878,1150,259,1137,13,1137,1150,0,1137,13,1128,1150,9,1137,-2.532649637375865,2.9399892325837382,636,-0.12122301129867843,-0.1339023801066152,1137,-6.805002935124871,-4.071051955331106,0.9144316214011409,0.44063324538258575,501,-29.032876982561344,0,-2.55091880957414,2.9373451308704843,644,-0.1712230112986784,-0.18390238010661522,1137,-6.855002935124871,-4.121051955331106,0.8814940675298779,0.4335971855760774,493,-29.082876982561345,0,-2.576647380130547,2.9534528463712135,663,-0.2712230112986784,-0.2839023801066152,1137,-6.955002935124871,-4.221051955331107,0.8194828445823287,0.41688654353562005,474,-29.182876982561343,0,UNWEIGHTED_POSITIVE_TRADE_RETURN_CONTRIBUTION_NOT_CAPITAL_CONCENTRATION,0.05910525594188572,0.06038061573471097,0.026502930149191715,501,1472.9346055244528,0.10259133413574616,383,754,13,False
GEN2_R41_06,ALL_MATERIAL_R1_TEMPORAL_NESTED_OOF,1267,1107,160,1098,9,111,189,0.35,0.6,2,LOGISTIC_CORE_CALENDAR_PATTERN187,-2.4413215472563716,2.7351950959314095,601,-0.09821701932893351,-0.09997501249375258,1098,-6.865863072059912,-3.967843868402245,0.9264996116125017,0.45264116575591984,497,-32.0167897143865,0,129.00455373406194,115.0,1098,5.0,9.0,1.0,0.9118477781943384,0.0,1098,0.0,0.0,0.0,3.310434399560289,1.6767138784331697,1098,-0.07807253153818694,-0.049975012493741096,-2.214957503197847,3.187493640162037,1.7618079177933665,1001,-1.7614480431017354,-0.8093294283532443,-12.266089177633408,-0.04821701932893365,-0.04997501249375244,1098,-6.815863072059912,-3.9178438684022456,-31.966789714386504,-0.09821701932893351,-0.09997501249375258,1098,-6.865863072059912,-3.967843868402245,-32.0167897143865,2.4532509008610957,1.1498675441040545,219,0.0,0.039980009994990844,0.0,3.358651418889223,1.7928925188176383,1098,0.0,0.0,0.0,-152.73532680657175,4.089501061262777,982,-835.6276571940027,-336.2059565440555,-15160.45487894033,3.0892973174697307,1.6186238864373483,1001,0.0,0.0,-3.751970168761773,-66.7772578214451,19.193886836440583,824,-324.5195224568176,-197.44661289900108,-17280.95238094937,156.4863387978142,130.0,1098,8.0,10.0,2.0,-19.701344967530485,-2.0583333333330955,1090,-177.35821691176403,-118.90634615384607,-1057.5299999999993,9,1098,1107,0,1098,9,1098,1107,0,1098,9,1098,1107,0,1098,9,1001,1107,97,1098,9,1098,1107,0,1098,9,1098,1107,0,1098,9,219,1107,879,1098,9,1098,1107,0,1098,9,982,1107,116,1098,9,1001,1107,97,1098,9,824,1107,274,1098,9,1098,1107,0,1098,9,1090,1107,8,1098,-2.4413215472563716,2.7351950959314095,601,-0.09821701932893351,-0.09997501249375258,1098,-6.865863072059912,-3.967843868402245,0.9264996116125017,0.45264116575591984,497,-32.0167897143865,0,-2.4430779498938833,2.752297930024292,613,-0.14821701932893355,-0.14997501249375259,1098,-6.915863072059912,-4.017843868402245,0.8913317640921744,0.44171220400728595,485,-32.0667897143865,0,-2.468523203158496,2.763013684920602,632,-0.24821701932893353,-0.2499750124937526,1098,-7.015863072059912,-4.117843868402245,0.8253053503052274,0.424408014571949,466,-32.1667897143865,0,UNWEIGHTED_POSITIVE_TRADE_RETURN_CONTRIBUTION_NOT_CAPITAL_CONCENTRATION,0.0675872843244558,0.07631066089106957,0.02416214661204991,497,1359.3919626779104,0.10072561544719766,343,755,9,False
GEN2_R41_07,IMMEDIATE,1267,1150,117,1140,10,205,423,0.5,0.6,1,LOGISTIC_CORE_CALENDAR_PATTERN187,-1.8094363398223245,2.0591318600411688,644,-0.12626982479399768,-0.09997501249375258,1140,-4.860925019383666,-2.8853790593648183,0.8764692001012283,0.43508771929824563,496,-29.032876982561344,0,74.60438596491228,45.0,1140,1.0,2.0,1.0,2.1450591149731335,0.536261253988243,1140,0.0,0.0,0.0,3.4785905784541646,1.938576777430477,1140,-0.04997501249375058,0.10264824229305747,-4.04498908558421,2.95573048684623,1.6941415237890611,1122,-2.5597666283137417,-1.1274713194526902,-12.266089177633408,-0.07626982479399767,-0.049975012493750526,1140,-4.8109250193836655,-2.835379059364821,-28.982876982561343,-0.12626982479399768,-0.09997501249375258,1140,-4.860925019383666,-2.8853790593648183,-29.032876982561344,1.848414423238154,0.7367323709152794,371,0.0,0.0,0.0,3.5548604032481625,2.0211490991379057,1140,0.0,0.24293875724734004,0.0,-117.44035548162171,-1.341080758482188,1048,-552.4497856706026,-260.8827505691828,-10715.60283688055,3.027347798889854,1.579380546227208,1122,-0.876326223424661,0.0,-9.747776288534178,-61.98165230058818,7.082431949191946,878,-294.3392467573462,-142.35981136887796,-9114.092140917866,88.95526315789473,51.5,1140,1.0,2.0,1.0,-14.642203357624927,-1.927164502164381,1128,-155.7904166666666,-103.46853260869538,-1057.5299999999993,10,1140,1150,0,1140,10,1140,1150,0,1140,10,1140,1150,0,1140,10,1122,1150,18,1140,10,1140,1150,0,1140,10,1140,1150,0,1140,10,371,1150,769,1140,10,1140,1150,0,1140,10,1048,1150,92,1140,10,1122,1150,18,1140,10,878,1150,262,1140,10,1140,1150,0,1140,10,1128,1150,12,1140,-1.8094363398223245,2.0591318600411688,644,-0.12626982479399768,-0.09997501249375258,1140,-4.860925019383666,-2.8853790593648183,0.8764692001012283,0.43508771929824563,496,-29.032876982561344,0,-1.8232568210766469,2.0640416794662517,657,-0.17626982479399766,-0.14997501249375259,1140,-4.910925019383666,-2.9353790593648186,0.832247265739809,0.4236842105263158,483,-29.082876982561345,0,-1.857580826770888,2.0698582631063562,681,-0.2762698247939977,-0.2499750124937526,1140,-5.0109250193836665,-3.0353790593648187,0.7510320336345901,0.4026315789473684,459,-29.182876982561343,0,UNWEIGHTED_POSITIVE_TRADE_RETURN_CONTRIBUTION_NOT_CAPITAL_CONCENTRATION,0.0653713609102297,0.04957186545507671,0.03409509487020307,496,1021.3294025804197,0.10730702139210269,724,416,10,False
GEN2_R41_07,ALL_MATERIAL_R1_TEMPORAL_NESTED_OOF,1267,1107,160,1100,7,197,428,0.5,0.6,1,LOGISTIC_CORE_CALENDAR_PATTERN187,-1.71650600206256,2.2315917955393574,596,0.09244062520231872,-0.09997501249375258,1100,-3.9026802851162454,-2.526356805074123,1.0993948707123204,0.4581818181818182,504,-32.0167897143865,0,79.29636363636364,49.0,1100,1.0,4.0,1.0,1.7921744797335952,0.2992623022969295,1100,0.0,0.0,0.0,3.305936695541622,1.6723777861217317,1100,-0.07126735118930917,-0.049975012493741096,-2.214957503197847,3.187493640162037,1.7618079177933665,1001,-1.7614480431017354,-0.8093294283532443,-12.266089177633408,0.14244062520231865,-0.04997501249374853,1100,-3.852680285116241,-2.476356805074124,-31.966789714386504,0.09244062520231872,-0.09997501249375258,1100,-3.9026802851162454,-2.526356805074123,-32.0167897143865,1.7286510968326085,0.7659005746169062,343,0.0,0.0,0.0,3.1634960703393036,1.7351890611942307,1100,0.0,0.110651312459402,0.0,-109.8561281566572,4.52082427227657,984,-615.7348857108019,-279.4326093465738,-14133.308877473193,2.907936366718519,1.5740161415355316,1001,-0.34376620803957436,0.0,-11.475481252995047,-39.11432143747238,14.387936549181282,824,-309.6814048487832,-151.66365457626884,-9114.092140917866,96.61454545454545,62.5,1100,1.0,5.0,1.0,-11.458075358689179,-1.3807823129249814,1090,-137.55483333333245,-87.3703623188404,-647.5299999999993,7,1100,1107,0,1100,7,1100,1107,0,1100,7,1100,1107,0,1100,7,1001,1107,99,1100,7,1100,1107,0,1100,7,1100,1107,0,1100,7,343,1107,757,1100,7,1100,1107,0,1100,7,984,1107,116,1100,7,1001,1107,99,1100,7,824,1107,276,1100,7,1100,1107,0,1100,7,1090,1107,10,1100,-1.71650600206256,2.2315917955393574,596,0.09244062520231872,-0.09997501249375258,1100,-3.9026802851162454,-2.526356805074123,1.0993948707123204,0.4581818181818182,504,-32.0167897143865,0,-1.7293034388659634,2.2399806150548316,609,0.04244062520231877,-0.14997501249375259,1100,-3.9526802851162457,-2.5763568050741235,1.0443287985163903,0.44636363636363635,491,-32.0667897143865,0,-1.759760663309331,2.2583110477696704,634,-0.05755937479768125,-0.2499750124937526,1100,-4.052680285116246,-2.6763568050741235,0.9432499968701729,0.42363636363636364,466,-32.1667897143865,0,UNWEIGHTED_POSITIVE_TRADE_RETURN_CONTRIBUTION_NOT_CAPITAL_CONCENTRATION,0.07269054455432049,0.0945923443489901,0.029423331420224214,504,1124.7222649518362,0.10646620384739601,650,450,7,False
GEN2_R41_08,IMMEDIATE,1267,1150,117,1137,13,175,338,0.5,0.6,2,LOGISTIC_CORE_CALENDAR_PATTERN187,-2.2255305415332924,2.4658471224397913,629,-0.12947086405015573,-0.09997501249375258,1137,-6.099982527533215,-3.5864978162643855,0.89484054975851,0.4467897977132806,508,-29.032876982561344,0,108.01759014951627,85.0,1137,3.0,6.0,1.0,1.535617349403308,0.0,1137,0.0,0.0,0.0,3.4840926048313383,1.9413664815102092,1137,-0.049975012493749985,0.10504716966670775,-4.04498908558421,2.95573048684623,1.6941415237890611,1122,-2.5597666283137417,-1.1274713194526902,-12.266089177633408,-0.07947086405015588,-0.04997501249374948,1137,-6.049982527533218,-3.5364978162643874,-28.982876982561343,-0.12947086405015573,-0.09997501249375258,1137,-6.099982527533215,-3.5864978162643855,-29.032876982561344,2.5936767434536625,1.3248511341090143,260,0.0,0.04997501249374912,0.0,3.5635634688814943,2.0397964283164542,1137,0.0,0.17073946267903647,0.0,-162.5036285037667,-0.5787520812326449,1046,-694.7745153268079,-310.0450758234617,-18412.658227846292,3.0263901942363294,1.6113100203930295,1122,0.0,0.0,-11.443041730018383,-65.11657171704381,11.989329456322764,878,-333.3900722135637,-172.04274569049664,-9114.092140917866,128.30782761653475,90.0,1137,3.0,6.0,2.0,-19.737698603316037,-1.967499999999589,1128,-175.43394230769167,-122.1639999999996,-1057.5299999999993,13,1137,1150,0,1137,13,1137,1150,0,1137,13,1137,1150,0,1137,13,1122,1150,15,1137,13,1137,1150,0,1137,13,1137,1150,0,1137,13,260,1150,877,1137,13,1137,1150,0,1137,13,1046,1150,91,1137,13,1122,1150,15,1137,13,878,1150,259,1137,13,1137,1150,0,1137,13,1128,1150,9,1137,-2.2255305415332924,2.4658471224397913,629,-0.12947086405015573,-0.09997501249375258,1137,-6.099982527533215,-3.5864978162643855,0.89484054975851,0.4467897977132806,508,-29.032876982561344,0,-2.243876281808059,2.4599893694759807,638,-0.17947086405015575,-0.14997501249375259,1137,-6.149982527533215,-3.6364978162643857,0.8574606310859452,0.4388742304309587,499,-29.082876982561345,0,-2.2676886403649865,2.4715222855678487,660,-0.27947086405015575,-0.2499750124937526,1137,-6.2499825275332155,-3.736497816264386,0.7876903950295534,0.41952506596306066,477,-29.182876982561343,0,UNWEIGHTED_POSITIVE_TRADE_RETURN_CONTRIBUTION_NOT_CAPITAL_CONCENTRATION,0.06745021257021695,0.05397352524101331,0.024434243021774594,508,1252.650338199414,0.10118333649071135,519,618,13,False
GEN2_R41_08,ALL_MATERIAL_R1_TEMPORAL_NESTED_OOF,1267,1107,160,1098,9,132,239,0.5,0.6,2,LOGISTIC_CORE_CALENDAR_PATTERN187,-2.158316480117293,2.57704429663016,600,-0.010584543122546508,-0.09997501249375258,1098,-5.565678414403025,-3.2843743733758077,0.9910255450983687,0.453551912568306,498,-32.0167897143865,0,109.73588342440802,89.0,1098,5.0,6.0,1.0,1.298082680065616,0.0,1098,0.0,0.0,0.0,3.310434399560289,1.6767138784331697,1098,-0.07807253153818694,-0.049975012493741096,-2.214957503197847,3.187493640162037,1.7618079177933665,1001,-1.7614480431017354,-0.8093294283532443,-12.266089177633408,0.039415456877453535,-0.049975012493749874,1098,-5.515678414403025,-3.2343743733758092,-31.966789714386504,-0.010584543122546508,-0.09997501249375258,1098,-5.565678414403025,-3.2843743733758077,-32.0167897143865,2.251303920979922,1.0483488449928127,263,0.0,0.04997501249374168,0.0,3.271018942682835,1.7776881993659248,1098,0.0,0.09317599040859757,0.0,-137.890912817155,3.9362810187109734,982,-757.9165126771179,-324.5498008570881,-18828.833455608677,3.0076370914078803,1.5992003998000999,1001,0.0,0.0,-6.452417273245926,-65.89972493032387,17.202629058601836,824,-355.67004299849344,-191.26003144604036,-17280.95238094937,133.2377049180328,100.0,1098,6.0,10.0,2.0,-16.09094784176553,-1.8474999999999873,1090,-162.02869318181737,-106.57499999999857,-1057.5299999999993,9,1098,1107,0,1098,9,1098,1107,0,1098,9,1098,1107,0,1098,9,1001,1107,97,1098,9,1098,1107,0,1098,9,1098,1107,0,1098,9,263,1107,835,1098,9,1098,1107,0,1098,9,982,1107,116,1098,9,1001,1107,97,1098,9,824,1107,274,1098,9,1098,1107,0,1098,9,1090,1107,8,1098,-2.158316480117293,2.57704429663016,600,-0.010584543122546508,-0.09997501249375258,1098,-5.565678414403025,-3.2843743733758077,0.9910255450983687,0.453551912568306,498,-32.0167897143865,0,-2.1655431723108607,2.5901041010405157,612,-0.06058454312254654,-0.14997501249375259,1098,-5.615678414403025,-3.334374373375808,0.9498066816007333,0.4426229508196721,486,-32.0667897143865,0,-2.1891499619341546,2.611205274822624,634,-0.16058454312254658,-0.2499750124937526,1098,-5.715678414403025,-3.434374373375808,0.8729597587251082,0.4225865209471767,464,-32.1667897143865,0,UNWEIGHTED_POSITIVE_TRADE_RETURN_CONTRIBUTION_NOT_CAPITAL_CONCENTRATION,0.07196690785645092,0.08381640156782263,0.0257861146743486,498,1283.3680597218197,0.10027396671807676,461,637,9,False
GEN2_R41_09,IMMEDIATE,1267,1150,117,1135,15,63,91,0.35,0.6,1,HGB_CORE_CALENDAR,-2.854797629699653,3.414483921308152,647,-0.1592827425703059,-0.25505650975907174,1135,-7.79474724557108,-5.126379985791684,0.9021220244147353,0.4299559471365639,488,-29.032876982561344,0,168.60352422907488,174.0,1135,25.0,32.0,1.0,0.24137946917335734,0.0,1135,0.0,0.0,0.0,3.4868806288756224,1.9413664815102092,1135,-0.049975012493750054,0.10447230372544751,-4.04498908558421,2.95573048684623,1.6941415237890611,1122,-2.5597666283137417,-1.1274713194526902,-12.266089177633408,-0.109282742570306,-0.2050565097590755,1135,-7.74474724557108,-5.076379985791681,-28.982876982561343,-0.1592827425703059,-0.25505650975907174,1135,-7.79474724557108,-5.126379985791684,-29.032876982561344,3.8540477268823166,2.1931990197778517,136,0.1265546180201964,0.5215823763227128,0.0,3.5961633714459285,1.984567283145431,1135,0.0,0.0,0.0,-205.9642789859021,-2.7188320069974057,1044,-940.6691000660434,-408.11988345394036,-18412.658227846292,3.054979495967953,1.5821440367699982,1122,0.0,0.0,-3.4296577201595286,-117.50241218576512,17.361415903343065,878,-448.27373791785016,-225.8218462706546,-25481.39534882376,201.1057268722467,179.0,1135,30.0,32.400000000000006,4.0,-29.398789818489952,-5.62499999999981,1128,-210.21431818181787,-162.36624999999952,-1447.3499999999945,15,1135,1150,0,1135,15,1135,1150,0,1135,15,1135,1150,0,1135,15,1122,1150,13,1135,15,1135,1150,0,1135,15,1135,1150,0,1135,15,136,1150,999,1135,15,1135,1150,0,1135,15,1044,1150,91,1135,15,1122,1150,13,1135,15,878,1150,257,1135,15,1135,1150,0,1135,15,1128,1150,7,1135,-2.854797629699653,3.414483921308152,647,-0.1592827425703059,-0.25505650975907174,1135,-7.79474724557108,-5.126379985791684,0.9021220244147353,0.4299559471365639,488,-29.032876982561344,0,-2.878359034581318,3.406706507809758,653,-0.20928274257030585,-0.3050565097590717,1135,-7.84474724557108,-5.176379985791684,0.8736221003974749,0.42466960352422906,482,-29.082876982561345,0,-2.9086414432988925,3.422414619634468,669,-0.3092827425703058,-0.40505650975907176,1135,-7.94474724557108,-5.276379985791684,0.8196005356108185,0.4105726872246696,466,-29.182876982561343,0,UNWEIGHTED_POSITIVE_TRADE_RETURN_CONTRIBUTION_NOT_CAPITAL_CONCENTRATION,0.061310987548118645,0.06537874549220118,0.023427851561730658,488,1666.2681535983781,0.09792634306758137,129,1006,15,False
GEN2_R41_09,ALL_MATERIAL_R1_TEMPORAL_NESTED_OOF,1267,1107,160,1095,12,29,42,0.35,0.6,1,HGB_CORE_CALENDAR,-2.7593394099651056,3.082155228966468,608,-0.1613413376731635,-0.13974820190381648,1095,-7.631917063837963,-4.8511039369274265,0.8946944963756002,0.44474885844748857,487,-32.0167897143865,0,157.94611872146118,166.0,1095,5.0,26.0,1.0,0.2710054616313559,0.0,1095,0.0,0.0,0.0,3.3177585570123864,1.6835755563952497,1095,-0.08828030206150334,-0.049975012493741096,-2.214957503197847,3.187493640162037,1.7618079177933665,1001,-1.7614480431017354,-0.8093294283532443,-12.266089177633408,-0.11134133767316352,-0.08974820190382167,1095,-7.5819170638379605,-4.801103936927425,-31.966789714386504,-0.1613413376731635,-0.13974820190381648,1095,-7.631917063837963,-4.8511039369274265,-32.0167897143865,2.956498834676342,1.4674555055261929,165,0.0,0.06227415887072074,0.0,3.42909989468555,1.729759649896647,1095,0.0,0.0,0.0,-171.5812284586153,2.910808640938387,979,-856.4898686028041,-417.5060670681816,-24404.768892144566,3.1486873629424723,1.591560907444367,1001,0.0,0.0,-2.863151757454606,-103.82993766342773,19.20824075944266,824,-413.11585281283044,-224.4375235500289,-25481.39534882376,191.16986301369863,172.0,1095,10.0,30.0,1.0,-24.533404070303167,-3.1443181818178543,1090,-201.67812499999997,-147.07999999999856,-1057.5299999999993,12,1095,1107,0,1095,12,1095,1107,0,1095,12,1095,1107,0,1095,12,1001,1107,94,1095,12,1095,1107,0,1095,12,1095,1107,0,1095,12,165,1107,930,1095,12,1095,1107,0,1095,12,979,1107,116,1095,12,1001,1107,94,1095,12,824,1107,271,1095,12,1095,1107,0,1095,12,1090,1107,5,1095,-2.7593394099651056,3.082155228966468,608,-0.1613413376731635,-0.13974820190381648,1095,-7.631917063837963,-4.8511039369274265,0.8946944963756002,0.44474885844748857,487,-32.0167897143865,0,-2.76882077942637,3.0898402848409128,617,-0.21134133767316354,-0.1897482019038165,1095,-7.681917063837963,-4.901103936927426,0.8645376637181146,0.4365296803652968,478,-32.0667897143865,0,-2.802391016948616,3.0889683757222706,632,-0.3113413376731635,-0.2897482019038165,1095,-7.781917063837963,-5.001103936927427,0.8075113636968322,0.4228310502283105,463,-32.1667897143865,0,UNWEIGHTED_POSITIVE_TRADE_RETURN_CONTRIBUTION_NOT_CAPITAL_CONCENTRATION,0.06301557137415739,0.07610822192453955,0.026165240613194984,487,1501.00959650667,0.11382603819750342,119,976,12,False
GEN2_R41_10,IMMEDIATE,1267,1150,117,1135,15,31,55,0.35,0.6,2,HGB_CORE_CALENDAR,-2.8836138458158915,3.4507858837573604,644,-0.1433581037714274,-0.25505650975907174,1135,-7.79474724557108,-5.148004297747622,0.9123816359890955,0.4325991189427313,491,-29.032876982561344,0,171.3409691629956,174.0,1135,25.0,39.0,1.0,0.15315025695818438,0.0,1135,0.0,0.0,0.0,3.4868806288756224,1.9413664815102092,1135,-0.049975012493750054,0.10447230372544751,-4.04498908558421,2.95573048684623,1.6941415237890611,1122,-2.5597666283137417,-1.1274713194526902,-12.266089177633408,-0.0933581037714275,-0.2050565097590755,1135,-7.74474724557108,-5.0980042977476225,-28.982876982561343,-0.1433581037714274,-0.25505650975907174,1135,-7.79474724557108,-5.148004297747622,-29.032876982561344,3.938305905454926,2.1931990197778517,136,0.21645396130504868,0.5845714490296222,0.0,3.58023873264705,1.982011826947716,1135,0.0,0.0,0.0,-206.18539619140606,-2.517616646809,1044,-940.6691000660434,-418.43172737896924,-18412.658227846292,3.0388703470938645,1.5766509747689872,1122,0.0,0.0,-3.4296577201595286,-116.41025595210854,18.197226785420202,878,-428.83054414270117,-225.0450377864095,-25481.39534882376,204.552422907489,179.0,1135,30.0,41.0,6.0,-29.53555432836974,-6.082500000000076,1128,-211.83740530303,-162.36624999999952,-1447.3499999999945,15,1135,1150,0,1135,15,1135,1150,0,1135,15,1135,1150,0,1135,15,1122,1150,13,1135,15,1135,1150,0,1135,15,1135,1150,0,1135,15,136,1150,999,1135,15,1135,1150,0,1135,15,1044,1150,91,1135,15,1122,1150,13,1135,15,878,1150,257,1135,15,1135,1150,0,1135,15,1128,1150,7,1135,-2.8836138458158915,3.4507858837573604,644,-0.1433581037714274,-0.25505650975907174,1135,-7.79474724557108,-5.148004297747622,0.9123816359890955,0.4325991189427313,491,-29.032876982561344,0,-2.9023718688466387,3.4503773529722968,651,-0.19335810377142737,-0.3050565097590717,1135,-7.84474724557108,-5.198004297747622,0.8838486677987604,0.426431718061674,484,-29.082876982561345,0,-2.9189350183140688,3.4897312139566794,670,-0.2933581037714273,-0.40505650975907176,1135,-7.94474724557108,-5.298004297747623,0.8297470201874674,0.40969162995594716,465,-29.182876982561343,0,UNWEIGHTED_POSITIVE_TRADE_RETURN_CONTRIBUTION_NOT_CAPITAL_CONCENTRATION,0.06029533334611071,0.06597166498042252,0.023039754797443256,491,1694.335868924864,0.10039259595818832,88,1047,15,False
GEN2_R41_10,ALL_MATERIAL_R1_TEMPORAL_NESTED_OOF,1267,1107,160,1095,12,21,32,0.35,0.6,2,HGB_CORE_CALENDAR,-2.755084984137431,3.149291540376912,612,-0.15068876373521417,-0.20698788721271172,1095,-7.631917063837963,-4.896200599925567,0.9021392438444978,0.4410958904109589,483,-32.0167897143865,0,158.98995433789955,171.0,1095,5.0,33.0,1.0,0.22845804561497457,0.0,1095,0.0,0.0,0.0,3.3177585570123864,1.6835755563952497,1095,-0.08828030206150334,-0.049975012493741096,-2.214957503197847,3.187493640162037,1.7618079177933665,1001,-1.7614480431017354,-0.8093294283532443,-12.266089177633408,-0.10068876373521425,-0.1569878872127089,1095,-7.5819170638379605,-4.846200599925567,-31.966789714386504,-0.15068876373521417,-0.20698788721271172,1095,-7.631917063837963,-4.896200599925567,-32.0167897143865,2.975077379162875,1.4674555055261929,165,0.0,0.16061708252629403,0.0,3.418447320747601,1.729759649896647,1095,0.0,0.0,0.0,-172.20379839665156,-0.9761023224502298,979,-856.4898686028041,-428.8469163823714,-24404.768892144566,3.1366614216381423,1.583994056854299,1001,0.0,0.0,-2.0822921872397133,-103.6390798894329,19.40577231938543,824,-413.11585281283044,-224.4375235500289,-25481.39534882376,192.4054794520548,176.0,1095,10.0,33.400000000000006,2.0,-24.821944110790078,-4.920258620689591,1090,-202.3062499999999,-150.68803571428566,-1057.5299999999993,12,1095,1107,0,1095,12,1095,1107,0,1095,12,1095,1107,0,1095,12,1001,1107,94,1095,12,1095,1107,0,1095,12,1095,1107,0,1095,12,165,1107,930,1095,12,1095,1107,0,1095,12,979,1107,116,1095,12,1001,1107,94,1095,12,824,1107,271,1095,12,1095,1107,0,1095,12,1090,1107,5,1095,-2.755084984137431,3.149291540376912,612,-0.15068876373521417,-0.20698788721271172,1095,-7.631917063837963,-4.896200599925567,0.9021392438444978,0.4410958904109589,483,-32.0167897143865,0,-2.7648890015127114,3.1587381300618875,621,-0.20068876373521416,-0.2569878872127117,1095,-7.681917063837963,-4.946200599925567,0.8720124057722415,0.4328767123287671,474,-32.0667897143865,0,-2.7989869576945487,3.1610054658032105,636,-0.3006887637352142,-0.35698788721271174,1095,-7.781917063837963,-5.046200599925568,0.8150419115878839,0.4191780821917808,459,-32.1667897143865,0,UNWEIGHTED_POSITIVE_TRADE_RETURN_CONTRIBUTION_NOT_CAPITAL_CONCENTRATION,0.061338183610582235,0.07510261299705569,0.025819522386109343,483,1521.1078140020484,0.11232206822820077,89,1006,12,False
GEN2_R41_11,IMMEDIATE,1267,1150,117,1135,15,107,186,0.5,0.6,1,HGB_CORE_CALENDAR,-2.5322859005494225,3.170479065772699,648,-0.08537265068257353,-0.21811925006763316,1135,-6.828313913872059,-4.2941107610452836,0.9409490505871473,0.4290748898678414,487,-20.089980009995006,0,146.45198237885464,145.0,1135,8.0,18.0,1.0,0.762236835395424,0.0,1135,0.0,0.0,0.0,3.4868806288756224,1.9413664815102092,1135,-0.049975012493750054,0.10447230372544751,-4.04498908558421,2.95573048684623,1.6941415237890611,1122,-2.5597666283137417,-1.1274713194526902,-12.266089177633408,-0.035372650682573656,-0.16811925006763778,1135,-6.778313913872059,-4.244110761045286,-20.039980009995006,-0.08537265068257353,-0.21811925006763316,1135,-6.828313913872059,-4.2941107610452836,-20.089980009995006,3.421372539032843,2.0778337311161987,151,0.08378163859246834,0.43035532825621636,0.0,3.5222532795581962,1.982011826947716,1135,0.0,0.1067851821976459,0.0,-186.47555890065263,-2.613421829644879,1044,-855.9266282722795,-376.05497537706833,-18412.658227846292,2.98021304829186,1.5804001369663894,1122,0.0,0.0,-6.875324160791488,-113.218680171041,14.999670537625097,878,-403.36376518167003,-225.0450377864095,-25481.39534882376,174.17004405286343,150.0,1135,8.700000000000003,20.0,1.0,-26.194224703943632,-5.19033333333285,1128,-201.18145833333315,-152.43303977272757,-1447.3499999999945,15,1135,1150,0,1135,15,1135,1150,0,1135,15,1135,1150,0,1135,15,1122,1150,13,1135,15,1135,1150,0,1135,15,1135,1150,0,1135,15,151,1150,984,1135,15,1135,1150,0,1135,15,1044,1150,91,1135,15,1122,1150,13,1135,15,878,1150,257,1135,15,1135,1150,0,1135,15,1128,1150,7,1135,-2.5322859005494225,3.170479065772699,648,-0.08537265068257353,-0.21811925006763316,1135,-6.828313913872059,-4.2941107610452836,0.9409490505871473,0.4290748898678414,487,-20.089980009995006,0,-2.5588465546207195,3.159745713507754,654,-0.1353726506825735,-0.26811925006763315,1135,-6.878313913872059,-4.344110761045283,0.9081868680345787,0.4237885462555066,481,-20.139980009995007,0,-2.5816638512565784,3.1949966967943877,674,-0.23537265068257351,-0.3681192500676332,1135,-6.97831391387206,-4.444110761045284,0.8464703466041058,0.4061674008810573,461,-20.239980009995005,0,UNWEIGHTED_POSITIVE_TRADE_RETURN_CONTRIBUTION_NOT_CAPITAL_CONCENTRATION,0.06411443403810366,0.06517380849467444,0.02528270320618662,487,1544.0233050313045,0.10736203712547901,327,808,15,False
GEN2_R41_11,ALL_MATERIAL_R1_TEMPORAL_NESTED_OOF,1267,1107,160,1095,12,70,116,0.5,0.6,1,HGB_CORE_CALENDAR,-2.4321659160557765,2.8309232175263874,596,-0.03373534285258019,-0.09997501249375258,1095,-6.74948642592265,-3.988760059086992,0.9745164580903709,0.4557077625570776,499,-32.0167897143865,0,136.0191780821918,125.0,1095,5.0,8.0,1.0,0.7372576847237435,0.0,1095,0.0,0.0,0.0,3.3177585570123864,1.6835755563952497,1095,-0.08828030206150334,-0.049975012493741096,-2.214957503197847,3.187493640162037,1.7618079177933665,1001,-1.7614480431017354,-0.8093294283532443,-12.266089177633408,0.016264657147419967,-0.049975012493750394,1095,-6.699486425922647,-3.9387600590869885,-31.966789714386504,-0.03373534285258019,-0.09997501249375258,1095,-6.74948642592265,-3.988760059086992,-32.0167897143865,2.589017419140426,1.2869101929721836,185,0.0,0.0,0.0,3.3014938998649668,1.7027261497019806,1095,0.0,0.0,0.0,-156.9169420962539,6.344241107385993,979,-809.0452620862467,-325.9412869829023,-24404.768892144566,3.0204305189961618,1.5630759772155627,1001,0.0,0.0,-5.782232850516891,-100.78686230842564,17.48960163283618,824,-382.70762512578733,-194.1354584917255,-25481.39534882376,164.2429223744292,130.0,1095,8.0,10.0,1.0,-20.856475136985402,-1.8121666666665042,1090,-188.9350714285711,-124.88128577106485,-1017.5299999999992,12,1095,1107,0,1095,12,1095,1107,0,1095,12,1095,1107,0,1095,12,1001,1107,94,1095,12,1095,1107,0,1095,12,1095,1107,0,1095,12,185,1107,910,1095,12,1095,1107,0,1095,12,979,1107,116,1095,12,1001,1107,94,1095,12,824,1107,271,1095,12,1095,1107,0,1095,12,1090,1107,5,1095,-2.4321659160557765,2.8309232175263874,596,-0.03373534285258019,-0.09997501249375258,1095,-6.74948642592265,-3.988760059086992,0.9745164580903709,0.4557077625570776,499,-32.0167897143865,0,-2.4497176181620817,2.826760164860126,604,-0.08373534285258016,-0.14997501249375259,1095,-6.79948642592265,-4.038760059086992,0.9380316463974351,0.4484018264840183,491,-32.0667897143865,0,-2.481703248568076,2.826893495648101,621,-0.18373534285258022,-0.2499750124937526,1095,-6.8994864259226505,-4.138760059086992,0.8694534575611341,0.4328767123287671,474,-32.1667897143865,0,UNWEIGHTED_POSITIVE_TRADE_RETURN_CONTRIBUTION_NOT_CAPITAL_CONCENTRATION,0.06237320332707473,0.08579742636782023,0.027802225774347364,499,1412.6306855456673,0.12068483669038942,290,805,12,False
GEN2_R41_12,IMMEDIATE,1267,1150,117,1135,15,92,166,0.5,0.6,2,HGB_CORE_CALENDAR,-2.6524598543969664,3.189451258470577,641,-0.10981307928104876,-0.2268151457266276,1135,-7.065876139312741,-4.603750278775079,0.926693399123333,0.4352422907488987,494,-29.032876982561344,0,153.9171806167401,145.0,1135,12.0,25.0,1.0,0.6266817623084697,0.0,1135,0.0,0.0,0.0,3.4868806288756224,1.9413664815102092,1135,-0.049975012493750054,0.10447230372544751,-4.04498908558421,2.95573048684623,1.6941415237890611,1122,-2.5597666283137417,-1.1274713194526902,-12.266089177633408,-0.059813079281048814,-0.17681514572662976,1135,-7.015876139312744,-4.553750278775078,-28.982876982561343,-0.10981307928104876,-0.2268151457266276,1135,-7.065876139312741,-4.603750278775079,-29.032876982561344,3.5915322891442134,2.11822952990103,144,0.17828238481588593,0.5166436892807341,0.0,3.5466937081566714,1.984567283145431,1135,0.0,0.0,0.0,-190.65024140084788,-1.9982752649191657,1044,-877.7235323015368,-393.448492509856,-18412.658227846292,3.004936654761797,1.5526814395816264,1122,0.0,0.0,-6.875324160791488,-114.67185491331466,16.900587288535256,878,-424.7943729082495,-225.0450377864095,-25481.39534882376,183.34008810572686,150.0,1135,12.700000000000003,28.0,2.0,-26.840647745816657,-5.152083333332769,1128,-202.29500000000007,-156.10110759493608,-1447.3499999999945,15,1135,1150,0,1135,15,1135,1150,0,1135,15,1135,1150,0,1135,15,1122,1150,13,1135,15,1135,1150,0,1135,15,1135,1150,0,1135,15,144,1150,991,1135,15,1135,1150,0,1135,15,1044,1150,91,1135,15,1122,1150,13,1135,15,878,1150,257,1135,15,1135,1150,0,1135,15,1128,1150,7,1135,-2.6524598543969664,3.189451258470577,641,-0.10981307928104876,-0.2268151457266276,1135,-7.065876139312741,-4.603750278775079,0.926693399123333,0.4352422907488987,494,-29.032876982561344,0,-2.677652472696106,3.1783879197753895,647,-0.15981307928104876,-0.2768151457266276,1135,-7.115876139312741,-4.653750278775079,0.8952992746672342,0.4299559471365639,488,-29.082876982561345,0,-2.6999789762116566,3.2053265526076182,666,-0.2598130792810488,-0.3768151457266276,1135,-7.2158761393127415,-4.75375027877508,0.8360081519452196,0.413215859030837,469,-29.182876982561343,0,UNWEIGHTED_POSITIVE_TRADE_RETURN_CONTRIBUTION_NOT_CAPITAL_CONCENTRATION,0.06282995455305024,0.06355042613823061,0.02477618522654196,494,1575.588921684465,0.10356225828080406,264,871,15,False
GEN2_R41_12,ALL_MATERIAL_R1_TEMPORAL_NESTED_OOF,1267,1107,160,1095,12,45,79,0.5,0.6,2,HGB_CORE_CALENDAR,-2.4662903031637655,2.8942631589444634,590,0.005928416803956417,-0.09997501249375258,1095,-6.863886951204231,-3.988760059086992,1.0044612508298256,0.4611872146118721,505,-32.0167897143865,0,139.42739726027398,125.0,1095,5.0,10.400000000000006,1.0,0.6050142503888067,0.0,1095,0.0,0.0,0.0,3.3177585570123864,1.6835755563952497,1095,-0.08828030206150334,-0.049975012493741096,-2.214957503197847,3.187493640162037,1.7618079177933665,1001,-1.7614480431017354,-0.8093294283532443,-12.266089177633408,0.05592841680395657,-0.04997501249375049,1095,-6.813886951204231,-3.9387600590869885,-31.966789714386504,0.005928416803956417,-0.09997501249375258,1095,-6.863886951204231,-3.988760059086992,-32.0167897143865,2.670885738970779,1.3151319077303454,183,0.0,0.0,0.0,3.26183014020843,1.6782653449394709,1095,0.0,0.0,0.0,-156.36102190850406,7.666385846672283,979,-796.0807521192193,-328.21711267969584,-24404.768892144566,2.9753603914805433,1.5220815987945113,1001,0.0,0.0,-5.782232850516891,-99.80934517034328,18.532913264066508,824,-393.1101248366951,-200.34708809398325,-25481.39534882376,168.38173515981734,132.0,1095,9.0,11.0,2.0,-20.449486633330796,-1.6812499999997783,1090,-188.9350714285711,-128.26586466165384,-1057.5299999999993,12,1095,1107,0,1095,12,1095,1107,0,1095,12,1095,1107,0,1095,12,1001,1107,94,1095,12,1095,1107,0,1095,12,1095,1107,0,1095,12,183,1107,912,1095,12,1095,1107,0,1095,12,979,1107,116,1095,12,1001,1107,94,1095,12,824,1107,271,1095,12,1095,1107,0,1095,12,1090,1107,5,1095,-2.4662903031637655,2.8942631589444634,590,0.005928416803956417,-0.09997501249375258,1095,-6.863886951204231,-3.988760059086992,1.0044612508298256,0.4611872146118721,505,-32.0167897143865,0,-2.4789571594556055,2.8964454736174194,599,-0.04407158319604352,-0.14997501249375259,1095,-6.913886951204231,-4.038760059086992,0.9675004814494435,0.4529680365296804,496,-32.0667897143865,0,-2.5177043762852023,2.885887948938558,614,-0.14407158319604352,-0.2499750124937526,1095,-7.013886951204231,-4.138760059086992,0.8979485119081156,0.4392694063926941,481,-32.1667897143865,0,UNWEIGHTED_POSITIVE_TRADE_RETURN_CONTRIBUTION_NOT_CAPITAL_CONCENTRATION,0.06274594866965916,0.08696496155895002,0.026870689283999057,505,1461.602895266954,0.11642973893598774,250,845,12,False
GEN2_R41_13,IMMEDIATE,1267,1150,117,1135,15,83,129,0.35,0.6,1,HGB_CORE_CALENDAR_PATTERN187,-2.9048937189802166,3.5658546141853042,645,-0.11135479100567447,-0.23540865068819022,1135,-7.922263917896363,-5.148004297747622,0.9325448975044048,0.43171806167400884,490,-29.032876982561344,0,166.29515418502203,174.0,1135,24.0,33.400000000000006,1.0,0.16762882762784642,0.0,1135,0.0,0.0,0.0,3.4868806288756224,1.9413664815102092,1135,-0.049975012493750054,0.10447230372544751,-4.04498908558421,2.95573048684623,1.6941415237890611,1122,-2.5597666283137417,-1.1274713194526902,-12.266089177633408,-0.06135479100567474,-0.18540865068819448,1135,-7.872263917896362,-5.0980042977476225,-28.982876982561343,-0.11135479100567447,-0.23540865068819022,1135,-7.922263917896363,-5.148004297747622,-29.032876982561344,3.787534372802642,2.0910047068515953,143,0.04997501249375179,0.29441279854925795,0.0,3.548235419881297,2.012416610486703,1135,0.0,0.0,0.0,-214.86140623598695,-2.7750076127339547,1044,-949.3620275697089,-408.11988345394036,-18412.658227846292,3.0087054115396343,1.579380546227208,1122,0.0,0.0,-1.3326669998334166,-115.27028436819737,17.361415903343065,878,-408.2368126809765,-230.07648850075486,-25481.39534882376,198.33480176211455,179.0,1135,29.0,36.400000000000006,1.0,-29.207508039332133,-5.439285714285362,1128,-211.83740530303,-166.15664999999998,-1447.3499999999945,15,1135,1150,0,1135,15,1135,1150,0,1135,15,1135,1150,0,1135,15,1122,1150,13,1135,15,1135,1150,0,1135,15,1135,1150,0,1135,15,143,1150,992,1135,15,1135,1150,0,1135,15,1044,1150,91,1135,15,1122,1150,13,1135,15,878,1150,257,1135,15,1135,1150,0,1135,15,1128,1150,7,1135,-2.9048937189802166,3.5658546141853042,645,-0.11135479100567447,-0.23540865068819022,1135,-7.922263917896363,-5.148004297747622,0.9325448975044048,0.43171806167400884,490,-29.032876982561344,0,-2.923434408968259,3.567166763676738,652,-0.16135479100567443,-0.2854086506881902,1135,-7.972263917896363,-5.198004297747622,0.9039191632422733,0.42555066079295156,483,-29.082876982561345,0,-2.9352593759479815,3.6195607188889913,672,-0.2613547910056744,-0.38540865068819025,1135,-8.072263917896363,-5.298004297747623,0.8496129049926089,0.4079295154185022,463,-29.182876982561343,0,UNWEIGHTED_POSITIVE_TRADE_RETURN_CONTRIBUTION_NOT_CAPITAL_CONCENTRATION,0.05861939522580865,0.0667113512651137,0.022341773536487475,490,1747.268760950799,0.09702548026708295,150,985,15,False
GEN2_R41_13,ALL_MATERIAL_R1_TEMPORAL_NESTED_OOF,1267,1107,160,1095,12,46,72,0.35,0.6,1,HGB_CORE_CALENDAR_PATTERN187,-2.7831358610711368,3.22026491956062,608,-0.11313021708240134,-0.19426748889705409,1095,-7.686892729252207,-4.8511039369274265,0.9267926387425794,0.44474885844748857,487,-32.0167897143865,0,158.33150684931508,168.0,1095,5.0,34.0,1.0,0.18182061109100864,0.0,1095,0.0,0.0,0.0,3.3177585570123864,1.6835755563952497,1095,-0.08828030206150334,-0.049975012493741096,-2.214957503197847,3.187493640162037,1.7618079177933665,1001,-1.7614480431017354,-0.8093294283532443,-12.266089177633408,-0.06313021708240141,-0.14426748889705834,1095,-7.636892729252206,-4.801103936927425,-31.966789714386504,-0.11313021708240134,-0.19426748889705409,1095,-7.686892729252207,-4.8511039369274265,-32.0167897143865,2.9556723569568146,1.4968689923248042,167,0.0,0.0,0.0,3.380888774094788,1.7023118611010797,1095,0.0,0.0,0.0,-174.77712596419093,2.0319303338173365,979,-863.9396676652507,-448.46524458363183,-24404.768892144566,3.0858366947866673,1.583994056854299,1001,0.0,0.0,-1.4626832925000914,-103.4042590916877,21.115813202286798,824,-421.5766014683867,-217.43860700841154,-25481.39534882376,191.6876712328767,175.0,1095,10.0,39.0,1.0,-24.84331527832352,-3.781930894308806,1090,-202.68124999999955,-140.9004166666666,-1057.5299999999993,12,1095,1107,0,1095,12,1095,1107,0,1095,12,1095,1107,0,1095,12,1001,1107,94,1095,12,1095,1107,0,1095,12,1095,1107,0,1095,12,167,1107,928,1095,12,1095,1107,0,1095,12,979,1107,116,1095,12,1001,1107,94,1095,12,824,1107,271,1095,12,1095,1107,0,1095,12,1090,1107,5,1095,-2.7831358610711368,3.22026491956062,608,-0.11313021708240134,-0.19426748889705409,1095,-7.686892729252207,-4.8511039369274265,0.9267926387425794,0.44474885844748857,487,-32.0167897143865,0,-2.783286783019827,3.244174224756394,619,-0.16313021708240133,-0.2442674888970541,1095,-7.736892729252207,-4.901103936927426,0.8963188210220285,0.434703196347032,476,-32.0667897143865,0,-2.807961135554458,3.263040728774304,636,-0.2631302170824013,-0.3442674888970541,1095,-7.836892729252208,-5.001103936927427,0.8386620126103677,0.4191780821917808,459,-32.1667897143865,0,UNWEIGHTED_POSITIVE_TRADE_RETURN_CONTRIBUTION_NOT_CAPITAL_CONCENTRATION,0.05904418164058637,0.07093575289701352,0.02489182823265856,487,1568.2690158260218,0.10364966742496008,126,969,12,False
GEN2_R41_14,IMMEDIATE,1267,1150,117,1135,15,36,58,0.35,0.6,2,HGB_CORE_CALENDAR_PATTERN187,-2.9332891420688836,3.6028532992939812,644,-0.10575968065111559,-0.25505650975907174,1135,-8.037077858247338,-5.238060959923108,0.9364558974705113,0.4325991189427313,491,-29.032876982561344,0,171.63876651982378,174.0,1135,25.0,51.0,1.0,0.09047894268775057,0.0,1135,0.0,0.0,0.0,3.4868806288756224,1.9413664815102092,1135,-0.049975012493750054,0.10447230372544751,-4.04498908558421,2.95573048684623,1.6941415237890611,1122,-2.5597666283137417,-1.1274713194526902,-12.266089177633408,-0.05575968065111574,-0.2050565097590755,1135,-7.98707785824734,-5.188060959923106,-28.982876982561343,-0.10575968065111559,-0.25505650975907174,1135,-8.037077858247338,-5.238060959923108,-29.032876982561344,3.915089128021404,2.175255920784885,136,0.21645396130504868,0.5215823763227128,0.0,3.5426403095267385,1.984567283145431,1135,0.0,0.0,0.0,-214.69353732826877,-2.7188320069974057,1044,-949.3620275697089,-418.43172737896924,-18412.658227846292,3.000836291620109,1.5526814395816264,1122,0.0,0.0,-1.3326669998334166,-116.10254790505907,18.686522726719375,878,-428.83054414270117,-234.93030750537275,-25481.39534882376,204.74008810572687,179.0,1135,30.0,55.400000000000006,3.0,-29.66758690126655,-5.62499999999981,1128,-212.75041666666655,-166.15664999999998,-1447.3499999999945,15,1135,1150,0,1135,15,1135,1150,0,1135,15,1135,1150,0,1135,15,1122,1150,13,1135,15,1135,1150,0,1135,15,1135,1150,0,1135,15,136,1150,999,1135,15,1135,1150,0,1135,15,1044,1150,91,1135,15,1122,1150,13,1135,15,878,1150,257,1135,15,1135,1150,0,1135,15,1128,1150,7,1135,-2.9332891420688836,3.6028532992939812,644,-0.10575968065111559,-0.25505650975907174,1135,-8.037077858247338,-5.238060959923108,0.9364558974705113,0.4325991189427313,491,-29.032876982561344,0,-2.9560039856281324,3.597145057977876,650,-0.1557596806511155,-0.3050565097590717,1135,-8.087077858247337,-5.288060959923108,0.9079905281701283,0.42731277533039647,485,-29.082876982561345,0,-2.9751926209533957,3.634135831387264,668,-0.25575968065111554,-0.40505650975907176,1135,-8.187077858247337,-5.388060959923108,0.8539382862869619,0.41145374449339206,467,-29.182876982561343,0,UNWEIGHTED_POSITIVE_TRADE_RETURN_CONTRIBUTION_NOT_CAPITAL_CONCENTRATION,0.05789925489220346,0.06634463813058993,0.022067304443349953,491,1769.0009699533448,0.09594562530570035,77,1058,15,False
GEN2_R41_14,ALL_MATERIAL_R1_TEMPORAL_NESTED_OOF,1267,1107,160,1095,12,25,32,0.35,0.6,2,HGB_CORE_CALENDAR_PATTERN187,-2.8069756029825337,3.290419921776902,608,-0.09516590384294905,-0.21742510061067416,1095,-7.747355080533712,-4.896200599925567,0.9389404950808643,0.44474885844748857,487,-32.0167897143865,0,161.58447488584474,173.0,1095,5.0,35.0,1.0,0.08831758575210101,0.0,1095,0.0,0.0,0.0,3.3177585570123864,1.6835755563952497,1095,-0.08828030206150334,-0.049975012493741096,-2.214957503197847,3.187493640162037,1.7618079177933665,1001,-1.7614480431017354,-0.8093294283532443,-12.266089177633408,-0.045165903842949065,-0.167425100610675,1095,-7.69735508053371,-4.846200599925567,-31.966789714386504,-0.09516590384294905,-0.21742510061067416,1095,-7.747355080533712,-4.896200599925567,-32.0167897143865,3.0017754660973663,1.5030078945489662,165,0.0,0.16061708252629403,0.0,3.3629244608553357,1.7012770210639363,1095,0.0,0.0,0.0,-173.99747576092946,2.910808640938387,979,-863.5071857126992,-448.46524458363183,-24404.768892144566,3.0662769964137544,1.545618943105767,1001,0.0,0.0,-0.6628962600497835,-104.29838582838102,21.627874191655373,824,-433.3201944141188,-225.0407296049538,-25481.39534882376,195.60730593607306,178.0,1095,10.0,40.0,3.0,-24.910405097399767,-4.920258620689591,1090,-203.33399999999935,-145.3483766233767,-1057.5299999999993,12,1095,1107,0,1095,12,1095,1107,0,1095,12,1095,1107,0,1095,12,1001,1107,94,1095,12,1095,1107,0,1095,12,1095,1107,0,1095,12,165,1107,930,1095,12,1095,1107,0,1095,12,979,1107,116,1095,12,1001,1107,94,1095,12,824,1107,271,1095,12,1095,1107,0,1095,12,1090,1107,5,1095,-2.8069756029825337,3.290419921776902,608,-0.09516590384294905,-0.21742510061067416,1095,-7.747355080533712,-4.896200599925567,0.9389404950808643,0.44474885844748857,487,-32.0167897143865,0,-2.815762117116153,3.3020262793988224,617,-0.14516590384294903,-0.26742510061067415,1095,-7.797355080533712,-4.946200599925567,0.9085049463938542,0.4365296803652968,478,-32.0667897143865,0,-2.8437949080566605,3.3152933162160974,633,-0.24516590384294912,-0.3674251006106742,1095,-7.897355080533712,-5.046200599925568,0.8508675310109933,0.42191780821917807,462,-32.1667897143865,0,UNWEIGHTED_POSITIVE_TRADE_RETURN_CONTRIBUTION_NOT_CAPITAL_CONCENTRATION,0.057647610738620396,0.07195513632381027,0.024361109872587838,487,1602.4345019053512,0.10134974858557073,64,1031,12,False
GEN2_R41_15,IMMEDIATE,1267,1150,117,1136,14,168,312,0.5,0.6,1,HGB_CORE_CALENDAR_PATTERN187,-2.628210617425927,3.1681691929558062,649,-0.14331892054572976,-0.2266705715189054,1136,-7.330133374832945,-4.345327842856489,0.9045497659555021,0.42869718309859156,487,-29.032876982561344,0,140.23767605633802,142.5,1136,7.75,21.0,1.0,0.7747436068505171,0.0,1136,0.0,0.0,0.0,3.484880923372406,1.938576777430477,1136,-0.04997501249375002,0.1047597366960776,-4.04498908558421,2.95573048684623,1.6941415237890611,1122,-2.5597666283137417,-1.1274713194526902,-12.266089177633408,-0.09331892054572974,-0.1766705715189033,1136,-7.280133374832947,-4.295327842856488,-28.982876982561343,-0.14331892054572976,-0.2266705715189054,1136,-7.330133374832945,-4.345327842856489,-29.032876982561344,3.1880609850368216,1.7929694323834635,176,0.0,0.04997501249375169,0.0,3.578199843918135,2.0881648888153292,1136,0.0,0.21599651646979567,0.0,-190.56357287106084,-2.6424462320673383,1045,-855.2186459126988,-377.61851827802974,-18412.658227846292,3.041360428013291,1.6486672148740107,1122,0.0,0.0,-6.875324160791488,-106.08348726424309,14.077361577327817,878,-408.2427269177212,-222.50216743330398,-25481.39534882376,168.14260563380282,150.0,1136,8.0,21.5,1.0,-25.28804529075907,-5.152083333332769,1128,-201.47937499999998,-150.9694318181818,-647.5299999999993,14,1136,1150,0,1136,14,1136,1150,0,1136,14,1136,1150,0,1136,14,1122,1150,14,1136,14,1136,1150,0,1136,14,1136,1150,0,1136,14,176,1150,960,1136,14,1136,1150,0,1136,14,1045,1150,91,1136,14,1122,1150,14,1136,14,878,1150,258,1136,14,1136,1150,0,1136,14,1128,1150,8,1136,-2.628210617425927,3.1681691929558062,649,-0.14331892054572976,-0.2266705715189054,1136,-7.330133374832945,-4.345327842856489,0.9045497659555021,0.42869718309859156,487,-29.032876982561344,0,-2.6419138731028236,3.177341076907341,658,-0.1933189205457297,-0.2766705715189054,1136,-7.380133374832944,-4.395327842856489,0.8736695207200633,0.42077464788732394,478,-29.082876982561345,0,-2.647732048778446,3.2434867038038577,682,-0.2933189205457297,-0.37667057151890543,1136,-7.4801333748329455,-4.495327842856489,0.8154729654237036,0.3996478873239437,454,-29.182876982561343,0,UNWEIGHTED_POSITIVE_TRADE_RETURN_CONTRIBUTION_NOT_CAPITAL_CONCENTRATION,0.06272743791216873,0.05457243937122798,0.0253011365111387,487,1542.8983969694777,0.10432889307910072,400,736,14,False
GEN2_R41_15,ALL_MATERIAL_R1_TEMPORAL_NESTED_OOF,1267,1107,160,1096,11,111,185,0.5,0.6,1,HGB_CORE_CALENDAR_PATTERN187,-2.5733585990987744,3.045839467971575,610,-0.08163390877378371,-0.09997501249375258,1096,-7.544339982218384,-4.471153138413924,0.9430031307396242,0.44343065693430656,486,-32.0167897143865,0,137.78558394160584,125.0,1096,5.0,12.0,1.0,0.6131176226587496,0.0,1096,0.0,0.0,0.0,3.3160609742997704,1.68092152544504,1096,-0.0848777118870647,-0.049975012493741096,-2.214957503197847,3.187493640162037,1.7618079177933665,1001,-1.7614480431017354,-0.8093294283532443,-12.266089177633408,-0.03163390877378369,-0.049975012493755015,1096,-7.494339982218381,-4.421153138413924,-31.966789714386504,-0.08163390877378371,-0.09997501249375258,1096,-7.544339982218384,-4.471153138413924,-32.0167897143865,2.6564677223956177,1.3564534098814025,190,0.0,0.0,0.0,3.3476948830735536,1.8172731815910228,1096,0.0,0.0,0.0,-160.83284150995587,0.3369904681998042,980,-836.7993109743226,-382.88574305967524,-24404.768892144566,3.07614643342981,1.6099773913174906,1001,0.0,0.0,-6.150770768461923,-81.50633878746805,16.91798400092223,824,-365.9721585596243,-197.35420466131387,-25481.39534882376,167.7992700729927,137.0,1096,10.0,15.0,1.0,-21.81834420842232,-2.920785440612738,1090,-188.9350714285711,-126.98214285714283,-1057.5299999999993,11,1096,1107,0,1096,11,1096,1107,0,1096,11,1096,1107,0,1096,11,1001,1107,95,1096,11,1096,1107,0,1096,11,1096,1107,0,1096,11,190,1107,906,1096,11,1096,1107,0,1096,11,980,1107,116,1096,11,1001,1107,95,1096,11,824,1107,272,1096,11,1096,1107,0,1096,11,1090,1107,6,1096,-2.5733585990987744,3.045839467971575,610,-0.08163390877378371,-0.09997501249375258,1096,-7.544339982218384,-4.471153138413924,0.9430031307396242,0.44343065693430656,486,-32.0167897143865,0,-2.5691466611267892,3.0788744310061786,623,-0.1316339087737837,-0.14997501249375259,1096,-7.594339982218384,-4.521153138413924,0.9098633551903466,0.43156934306569344,473,-32.0667897143865,0,-2.592011011781788,3.1061680738939224,642,-0.23163390877378368,-0.2499750124937526,1096,-7.694339982218384,-4.621153138413924,0.8474399509375539,0.4142335766423358,454,-32.1667897143865,0,UNWEIGHTED_POSITIVE_TRADE_RETURN_CONTRIBUTION_NOT_CAPITAL_CONCENTRATION,0.06407015269230783,0.07535996341655689,0.026371454182355848,486,1480.2779814341854,0.1084799576263479,325,771,11,False
GEN2_R41_16,IMMEDIATE,1267,1150,117,1135,15,105,184,0.5,0.6,2,HGB_CORE_CALENDAR_PATTERN187,-2.745345594070588,3.4230433721976867,648,-0.09864477770702008,-0.23206755653009664,1135,-7.591219520047958,-4.747122643592069,0.9370641747415391,0.4290748898678414,487,-29.032876982561344,0,156.54537444933922,145.0,1135,18.0,25.0,1.0,0.4395196468535288,0.0,1135,0.0,0.0,0.0,3.4868806288756224,1.9413664815102092,1135,-0.049975012493750054,0.10447230372544751,-4.04498908558421,2.95573048684623,1.6941415237890611,1122,-2.5597666283137417,-1.1274713194526902,-12.266089177633408,-0.04864477770702009,-0.1820675565300946,1135,-7.541219520047954,-4.697122643592067,-28.982876982561343,-0.09864477770702008,-0.23206755653009664,1135,-7.591219520047958,-4.747122643592069,-29.032876982561344,3.7519457210074174,2.224511684247622,148,0.28072066062472073,0.551937899053815,0.0,3.5355254065826425,2.045240724833313,1135,0.0,0.10280937090259702,0.0,-204.89438214638773,-2.3399220080159537,1044,-910.0950323621882,-400.744791741986,-18412.658227846292,2.993638952189139,1.609002906230099,1122,0.0,0.0,-6.875324160791488,-110.91644805758379,15.410151147046218,878,-425.91804308520585,-225.8218462706546,-25481.39534882376,186.8933920704846,154.0,1135,21.0,30.0,2.0,-26.604290207147603,-5.152083333332769,1128,-206.82354166666698,-156.66857901184142,-647.5299999999993,15,1135,1150,0,1135,15,1135,1150,0,1135,15,1135,1150,0,1135,15,1122,1150,13,1135,15,1135,1150,0,1135,15,1135,1150,0,1135,15,148,1150,987,1135,15,1135,1150,0,1135,15,1044,1150,91,1135,15,1122,1150,13,1135,15,878,1150,257,1135,15,1135,1150,0,1135,15,1128,1150,7,1135,-2.745345594070588,3.4230433721976867,648,-0.09864477770702008,-0.23206755653009664,1135,-7.591219520047958,-4.747122643592069,0.9370641747415391,0.4290748898678414,487,-29.032876982561344,0,-2.7657904721941624,3.4226686178952264,655,-0.14864477770702006,-0.28206755653009663,1135,-7.641219520047958,-4.797122643592068,0.9068709996589673,0.42290748898678415,480,-29.082876982561345,0,-2.7907572291641594,3.454475741406951,673,-0.24864477770702006,-0.38206755653009666,1135,-7.7412195200479585,-4.897122643592069,0.8497418349078998,0.40704845814977975,462,-29.182876982561343,0,UNWEIGHTED_POSITIVE_TRADE_RETURN_CONTRIBUTION_NOT_CAPITAL_CONCENTRATION,0.06144119906759843,0.06681983355738234,0.023417255502052023,487,1667.0221222602734,0.10130982264514486,246,889,15,False
GEN2_R41_16,ALL_MATERIAL_R1_TEMPORAL_NESTED_OOF,1267,1107,160,1096,11,53,85,0.5,0.6,2,HGB_CORE_CALENDAR_PATTERN187,-2.695862471758094,3.157881532266247,608,-0.0894509079224385,-0.20345646234698472,1096,-7.5648841137557294,-4.67423881969089,0.9401872190900953,0.44525547445255476,488,-32.0167897143865,0,149.75,154.0,1096,5.0,24.0,1.0,0.3510217858612803,0.0,1096,0.0,0.0,0.0,3.3160609742997704,1.68092152544504,1096,-0.0848777118870647,-0.049975012493741096,-2.214957503197847,3.187493640162037,1.7618079177933665,1001,-1.7614480431017354,-0.8093294283532443,-12.266089177633408,-0.039450907922438536,-0.15345646234698412,1096,-7.51488411375573,-4.624238819690886,-31.966789714386504,-0.0894509079224385,-0.20345646234698472,1096,-7.5648841137557294,-4.67423881969089,-32.0167897143865,2.936055742162769,1.4968689923248042,173,0.0,0.1581512398515475,0.0,3.355511882222209,1.7928925188176383,1096,0.0,0.0,0.0,-167.54817349270184,2.9083483526489937,980,-861.5916047843117,-414.97642019290004,-24404.768892144566,3.0766221267088274,1.58650833313502,1001,0.0,0.0,-1.6063396872992075,-103.0082798422074,21.627874191655373,824,-399.5197260517331,-212.12425457004403,-25481.39534882376,181.41970802919707,160.0,1096,10.0,26.0,2.0,-23.660776969420397,-4.101224517458228,1090,-196.3093749999999,-135.1109134615384,-1057.5299999999993,11,1096,1107,0,1096,11,1096,1107,0,1096,11,1096,1107,0,1096,11,1001,1107,95,1096,11,1096,1107,0,1096,11,1096,1107,0,1096,11,173,1107,923,1096,11,1096,1107,0,1096,11,980,1107,116,1096,11,1001,1107,95,1096,11,824,1107,272,1096,11,1096,1107,0,1096,11,1090,1107,6,1096,-2.695862471758094,3.157881532266247,608,-0.0894509079224385,-0.20345646234698472,1096,-7.5648841137557294,-4.67423881969089,0.9401872190900953,0.44525547445255476,488,-32.0167897143865,0,-2.70191568810324,3.1735265693824473,618,-0.13945090792243847,-0.2534564623469847,1096,-7.614884113755728,-4.72423881969089,0.9084682781299008,0.43613138686131386,478,-32.0667897143865,0,-2.7371365891384882,3.175311589290865,633,-0.2394509079224385,-0.35345646234698475,1096,-7.71488411375573,-4.8242388196908905,0.8485299174788652,0.42244525547445255,463,-32.1667897143865,0,UNWEIGHTED_POSITIVE_TRADE_RETURN_CONTRIBUTION_NOT_CAPITAL_CONCENTRATION,0.060271701778930535,0.07212667319539466,0.025331546370872208,488,1541.0461877459284,0.10549569683300582,202,894,11,False
