cohort,policy,horizonMinutes,metric,ES95,max,mean,median,min,n,negativeRate,p05,p10,p25,p75,p90,p95,positiveRate,zeroRate
ALL,DIP_CLOSE_FALLBACK10,5,upside,6.503204343037451,14.28571428571428,0.9358410902163741,0.4484395109395134,0.0,878,0.0,0.0,0.0,0.0,1.085666661147272,2.189395304149387,3.742590885142258,0.7266514806378133,0.2733485193621868
ALL,DIP_CLOSE_FALLBACK10,5,downside,6.305017081823329,31.25,0.9648956987280597,0.5018891687657512,0.0,878,0.0,0.0,0.0,0.0,1.2048192771084376,2.216482164821652,3.389491826677075,0.7357630979498861,0.2642369020501139
ALL,DIP_CLOSE_FALLBACK10,10,upside,7.7812595559852324,14.28571428571428,1.2884304166597051,0.7351439963490414,0.0,878,0.0,0.0,0.0,0.1928354836610524,1.5818195992827633,2.99428150542695,4.536693465264885,0.7949886104783599,0.20501138952164008
ALL,DIP_CLOSE_FALLBACK10,10,downside,7.69671673898627,31.25,1.3541468895122852,0.7974562798092333,0.0,878,0.0,0.0,0.0,0.21380393368345407,1.7508242764684379,3.2863863150392074,4.330442962902367,0.8200455580865603,0.17995444191343962
ALL,DIP_CLOSE_FALLBACK10,15,upside,8.730401336139275,20.099009900990094,1.5625181849357481,0.9217304375653157,0.0,878,0.0,0.0,0.0,0.3190597969257858,2.019711700573218,3.8052919728376686,5.263157894736836,0.8337129840546698,0.1662870159453303
ALL,DIP_CLOSE_FALLBACK10,15,downside,8.362360632171042,31.25,1.5543351375106282,0.9600024576062904,0.0,878,0.0,0.0,0.0,0.3108008745960761,1.951357466063347,3.5722989439480104,5.012250453720511,0.8451025056947609,0.1548974943052392
ALL,DIP_CLOSE_FALLBACK10,30,upside,10.750376236544973,32.47524752475248,2.0542464287413185,1.2400371836419954,0.0,878,0.0,0.0,0.0,0.5161316169008057,2.508114560827152,4.768627450980397,6.533960970816063,0.8815489749430524,0.11845102505694761
ALL,DIP_CLOSE_FALLBACK10,30,downside,9.112159959366442,31.25,1.9834788176830624,1.4147333151719732,0.0,878,0.0,0.0,0.0,0.5665958451369218,2.664876906966715,4.186507936507938,5.989378880258357,0.8917995444191344,0.1082004555808656
ALL,DIP_CLOSE_FALLBACK10,60,upside,13.954346057275798,32.47524752475248,2.611954035318356,1.6055045871559592,0.0,695,0.0,0.0,0.01045205121504204,0.6900702371661849,3.276700235612251,5.684204623515719,8.73180602560764,0.8992805755395683,0.10071942446043165
ALL,DIP_CLOSE_FALLBACK10,60,downside,10.878371868652996,31.25,2.5850308710360257,1.8867924528301883,0.0,695,0.0,0.0,0.17391620511204575,0.8119451525006594,3.508771929824561,5.560707539069217,7.560374603852865,0.9237410071942446,0.07625899280575539
ALL,IMMEDIATE,5,upside,6.098213413066097,12.765957446808528,1.0104941948625976,0.5437433787479407,0.0,878,0.0,0.0,0.0,0.0,1.2683926578515747,2.4518825935281985,3.3910646700674594,0.7414578587699316,0.25854214123006836
ALL,IMMEDIATE,5,downside,6.339242602599797,19.999999999999996,1.0615995941621994,0.5940617353660804,0.0,878,0.0,0.0,0.0,0.05569013014153912,1.3556085033792882,2.4286770140428726,3.6003316749585434,0.7562642369020501,0.2437357630979499
ALL,IMMEDIATE,10,upside,8.52287251842842,14.28571428571428,1.4835987677386933,0.8602190321148395,0.0,878,0.0,0.0,0.0,0.20768499308437272,1.9059998349426455,3.456737888724339,5.000000000000004,0.8097949886104784,0.19020501138952164
ALL,IMMEDIATE,10,downside,7.681453678724264,19.999999999999996,1.4426552045995915,0.9215537177864996,0.0,878,0.0,0.0,0.0,0.2670976912671652,1.8995407041700219,3.306251706251709,4.582062878039587,0.8200455580865603,0.17995444191343962
ALL,IMMEDIATE,15,upside,9.94914418797503,18.95131086142321,1.7432250287086442,1.0045122197326783,0.0,878,0.0,0.0,0.0,0.3076962078264356,2.2632046724225474,4.120662460567828,5.695852534562208,0.8314350797266514,0.16856492027334852
ALL,IMMEDIATE,15,downside,9.144683292122247,35.29411764705882,1.7305428400320295,1.1233701555366349,0.0,878,0.0,0.0,0.0,0.39948943653497215,2.2296626984127017,3.8461538461538436,5.313113094107971,0.8485193621867881,0.15148063781321183
ALL,IMMEDIATE,30,upside,12.021159400306585,32.869910625620655,2.2525995616540233,1.4040154150937845,0.0,878,0.0,0.0,0.0,0.5035986813758386,2.736612702366137,5.000000000000004,8.169059421876012,0.8724373576309795,0.1275626423690205
ALL,IMMEDIATE,30,downside,10.455921812695365,35.29411764705882,2.1258360607850686,1.4970498614361505,0.0,878,0.0,0.0,0.0,0.5580494758250787,2.7928887337057757,4.727000747943161,6.432555141391779,0.8735763097949886,0.1264236902050114
ALL,IMMEDIATE,60,upside,14.612953830671408,33.09090909090908,2.752235025073414,1.7112319039513824,0.0,878,0.0,0.0,0.0,0.638997328950075,3.533490445042969,6.049962921764929,9.513520940195027,0.8906605922551253,0.10933940774487472
ALL,IMMEDIATE,60,downside,12.10055535125213,35.29411764705882,2.6972381400596674,1.9230769230769273,0.0,878,0.0,0.0,0.1181412262297088,0.8091497471840042,3.6372268076027723,5.760579489134581,8.510638297872344,0.9145785876993167,0.08542141230068337
ALL,OBSERVE5_DELAY_DIP10,5,upside,6.146300240753925,14.28571428571428,0.9469434834137251,0.45045045045044585,0.0,878,0.0,0.0,0.0,0.0,1.1443445657257523,2.3968453820835127,3.267313482770153,0.6993166287015945,0.30068337129840544
ALL,OBSERVE5_DELAY_DIP10,5,downside,5.50763236579404,12.5,0.9509169228780591,0.5623247675864862,0.0,878,0.0,0.0,0.0,0.07978824406948137,1.2457827587544101,2.276333261940452,3.089068825910929,0.755125284738041,0.244874715261959
ALL,OBSERVE5_DELAY_DIP10,10,upside,8.146073729851775,25.0,1.3463205926748316,0.7105894231982823,0.0,878,0.0,0.0,0.0,0.15208779600340283,1.7142857142857126,3.215734798998594,4.575742655506325,0.7835990888382688,0.2164009111617312
ALL,OBSERVE5_DELAY_DIP10,10,downside,7.726918870383845,35.29411764705882,1.4087721465598153,0.8851189679542237,0.0,878,0.0,0.0,0.0,0.255918420880058,1.8373920669185222,3.083049693669159,4.337810769412043,0.826879271070615,0.17312072892938496
ALL,OBSERVE5_DELAY_DIP10,15,upside,8.977257229365534,27.425742574257427,1.5716436032818895,0.900360468446848,0.0,878,0.0,0.0,0.0,0.2572350462460071,1.9966887417218582,3.6040789707713388,5.211439002129602,0.8029612756264237,0.1970387243735763
ALL,OBSERVE5_DELAY_DIP10,15,downside,8.62797707323206,35.29411764705882,1.6321754887670812,1.0018820577164356,0.0,878,0.0,0.0,0.0,0.3289581177495754,2.103422892896573,3.7948804392322986,4.957788679479618,0.8473804100227791,0.15261958997722094
ALL,OBSERVE5_DELAY_DIP10,30,upside,11.145315470565828,32.47524752475248,2.0330799585812653,1.2711864406779738,0.0,878,0.0,0.0,0.0,0.39887149201725536,2.5237341772151813,4.670908293111027,6.8035402158532845,0.8428246013667426,0.1571753986332574
ALL,OBSERVE5_DELAY_DIP10,30,downside,9.619995128749974,35.29411764705882,2.039451906507647,1.4208396220066755,0.0,878,0.0,0.0,0.0,0.5390887989597387,2.7404870624048727,4.609610572913326,5.795399390716169,0.8895216400911162,0.11047835990888383
ALL,OBSERVE5_DELAY_DIP10,60,upside,14.062458216168327,32.47524752475248,2.636161135450769,1.6399999999999526,0.0,701,0.0,0.0,0.0,0.5899705014749346,3.2653061224489743,6.015037593984962,8.868501529051965,0.8701854493580599,0.12981455064194009
ALL,OBSERVE5_DELAY_DIP10,60,downside,11.014659703944279,35.29411764705882,2.5969180320629235,1.8750000000000044,0.0,701,0.0,0.0,0.21974306964165358,0.8264462809917328,3.6150234741784026,5.325218714340052,7.264957264957273,0.927246790299572,0.07275320970042796
ALL,WAIT10,5,upside,6.521974286935137,14.28571428571428,0.9145778791183837,0.4140804499159767,0.0,878,0.0,0.0,0.0,0.0,1.0356954255669126,2.2658011350384855,3.4607742597103,0.693621867881549,0.30637813211845105
ALL,WAIT10,5,downside,6.2259219151348395,31.25,0.9678305223735558,0.5249379994488823,0.0,878,0.0,0.0,0.0,0.0,1.2264912015328004,2.2247005369681965,3.307034522605811,0.7471526195899773,0.2528473804100228
ALL,WAIT10,10,upside,7.8491954964403865,20.099009900990094,1.2672688894677775,0.633710306948787,0.0,878,0.0,0.0,0.0,0.13750627405050286,1.5465626274989763,3.111413043478274,4.550490130253791,0.7744874715261959,0.2255125284738041
ALL,WAIT10,10,downside,7.7570252724878515,31.25,1.3564560095256593,0.8080841060467525,0.0,878,0.0,0.0,0.0,0.21177537152829995,1.711705548334133,3.271798685462438,4.337810769412043,0.8223234624145785,0.1776765375854214
ALL,WAIT10,15,upside,8.775541703365734,27.425742574257427,1.5359112215830004,0.8333333333333415,0.0,878,0.0,0.0,0.0,0.28777958112854995,1.9483566662856333,3.9417862838915423,5.263157894736836,0.8132118451025057,0.1867881548974943
ALL,WAIT10,15,downside,8.278905268131277,31.25,1.5514818948501672,0.9575108156891998,0.0,878,0.0,0.0,0.0,0.2982636186683013,1.9545498612440648,3.5827762108269363,4.810521062848105,0.8428246013667426,0.1571753986332574
ALL,WAIT10,30,upside,10.698325981660222,32.47524752475248,2.0072252862695885,1.2015747399941157,0.0,878,0.0,0.0,0.0,0.4171025104602488,2.5055309734513367,4.807230505343718,6.639508113527499,0.8644646924829157,0.13553530751708429
ALL,WAIT10,30,downside,9.22311014507131,31.25,1.9780305082612206,1.409738809128619,0.0,878,0.0,0.0,0.0,0.5406989613136459,2.631578947368418,4.3395781783904805,5.989378880258357,0.8849658314350797,0.11503416856492027
ALL,WAIT10,60,upside,13.57972640333378,32.47524752475248,2.561947758156283,1.543209876543239,0.0,693,0.0,0.0,0.0,0.5899705014749346,3.246753246753231,5.900936140289188,8.757721345229927,0.886002886002886,0.113997113997114
ALL,WAIT10,60,downside,10.827018833779988,31.25,2.5557777130930037,1.8750000000000044,0.0,693,0.0,0.0,0.1860422457704858,0.7894736842105288,3.508771929824561,5.322121874126907,7.292959689047712,0.922077922077922,0.07792207792207792
ALL,WAIT5,5,upside,6.147544991591104,14.28571428571428,0.9682066945117154,0.489796244762164,0.0,878,0.0,0.0,0.0,0.0,1.2089204017279642,2.2958339244337265,3.4083978418953786,0.7323462414578588,0.26765375854214124
ALL,WAIT5,5,downside,5.593377840873124,12.5,0.947982099232563,0.547949318441121,0.0,878,0.0,0.0,0.0,0.0,1.2379928168104015,2.27881773399015,3.2571853887552824,0.7437357630979499,0.25626423690205014
ALL,WAIT5,10,upside,8.07881299060658,25.0,1.3674821198667593,0.8281608998319645,0.0,878,0.0,0.0,0.0,0.19081792278387577,1.7142857142857126,3.197470704258037,4.5499108734402816,0.8041002277904328,0.1958997722095672
ALL,WAIT5,10,downside,7.666610336882265,35.29411764705882,1.4064630265464415,0.844674048040589,0.0,878,0.0,0.0,0.0,0.25067895491237,1.865022720014775,3.2017466888271833,4.33005852842809,0.8246013667425968,0.17539863325740318
ALL,WAIT5,15,upside,8.928961897012709,25.0,1.5982505666346372,1.0040799609331907,0.0,878,0.0,0.0,0.0,0.304878048780477,2.050770011403702,3.577038145100987,5.027777777777777,0.8234624145785877,0.1765375854214123
ALL,WAIT5,15,downside,8.708283024320112,35.29411764705882,1.6350287314275422,1.0132690577697778,0.0,878,0.0,0.0,0.0,0.34752468060394726,2.0833333333333313,3.8032660160401957,5.012250453720511,0.8496583143507973,0.15034168564920272
ALL,WAIT5,30,upside,11.195228714037817,32.47524752475248,2.0801011010529957,1.324503311258285,0.0,878,0.0,0.0,0.0,0.4784688995215225,2.52582447821853,4.663438586919464,6.891355173093712,0.8599088838268792,0.14009111617312073
ALL,WAIT5,30,downside,9.504784436319353,35.29411764705882,2.044900215929489,1.4227932712535862,0.0,878,0.0,0.0,0.0,0.5668402475336398,2.727272727272739,4.414951245937162,5.741356107660459,0.8963553530751709,0.10364464692482915
ALL,WAIT5,60,upside,14.426671768611953,32.47524752475248,2.6853872177737443,1.7142857142857126,0.0,703,0.0,0.0,0.0,0.7272823442293519,3.3172856487849622,5.702120460184978,8.858844358602905,0.883357041251778,0.1166429587482219
ALL,WAIT5,60,downside,11.067763620027785,35.29411764705882,2.6257212527349862,1.8867924528301883,0.0,703,0.0,0.0,0.18348872322994314,0.8356610800744846,3.591278980500534,5.548197203826346,7.608660043442653,0.9288762446657184,0.07112375533428165
COMMON60_NON1_OBSERVED,DIP_CLOSE_FALLBACK10,5,upside,6.715170158063788,14.28571428571428,0.7955573324222264,0.3360032965296078,0.0,306,0.0,0.0,0.0,0.0,0.8372641509433898,1.7127703217488133,2.7355400185791856,0.6993464052287581,0.3006535947712418
COMMON60_NON1_OBSERVED,DIP_CLOSE_FALLBACK10,5,downside,7.217417645662607,31.25,1.0277499311156297,0.5525030525030616,0.0,306,0.0,0.0,0.0,0.05351059981306694,1.184902565925544,2.1268108203188807,3.2134724857685066,0.7516339869281046,0.24836601307189543
COMMON60_NON1_OBSERVED,DIP_CLOSE_FALLBACK10,10,upside,7.023375315005405,14.28571428571428,0.9709562135279816,0.5181486254295486,0.0,306,0.0,0.0,0.0,0.0,1.0832784003515727,2.0638297872340394,3.313953488372101,0.7450980392156863,0.2549019607843137
COMMON60_NON1_OBSERVED,DIP_CLOSE_FALLBACK10,10,downside,8.878069348986006,31.25,1.4527025480631877,0.8475184945773151,0.0,306,0.0,0.0,0.0,0.3108008745960761,1.7569558662280715,3.02494208261877,4.099795987759263,0.8398692810457516,0.16013071895424835
COMMON60_NON1_OBSERVED,DIP_CLOSE_FALLBACK10,15,upside,7.023375315005405,14.28571428571428,1.0160949944863231,0.6105015206631315,0.0,306,0.0,0.0,0.0,0.1256719153820085,1.101931157078212,2.127659574468077,3.313953488372101,0.7712418300653595,0.22875816993464052
COMMON60_NON1_OBSERVED,DIP_CLOSE_FALLBACK10,15,downside,9.582572150605461,31.25,1.6808276832250246,1.1367411983313425,0.0,306,0.0,0.0,0.0,0.40861248861450983,1.904761904761909,3.399542554472129,4.347826086956519,0.8627450980392157,0.13725490196078433
COMMON60_NON1_OBSERVED,DIP_CLOSE_FALLBACK10,30,upside,7.09913289076298,14.28571428571428,1.1601805876554507,0.737519284781829,0.0,306,0.0,0.0,0.0,0.24922380578309977,1.329788625885081,2.219485495347573,3.4195402298850652,0.8202614379084967,0.17973856209150327
COMMON60_NON1_OBSERVED,DIP_CLOSE_FALLBACK10,30,downside,10.633519851739482,31.25,2.240736279221917,1.5842190935090372,0.0,306,0.0,0.0,0.20579157755840072,0.7922284158672549,2.8508291328804143,4.319127564930403,6.393090338044463,0.9215686274509803,0.0784313725490196
COMMON60_NON1_OBSERVED,DIP_CLOSE_FALLBACK10,60,upside,7.65611530099616,14.28571428571428,1.3513622451743914,0.9558952732384496,0.0,240,0.0,0.0,0.0,0.2917665303820649,1.687943734624786,2.6614153514304735,4.0000000000000036,0.8416666666666667,0.15833333333333333
COMMON60_NON1_OBSERVED,DIP_CLOSE_FALLBACK10,60,downside,13.034502049809538,31.25,2.9022289685604257,1.958949178096675,0.0,240,0.0,0.0,0.4758527524484957,1.114687649022414,3.8188061947182717,5.713205688960979,7.621334790938315,0.9458333333333333,0.05416666666666667
COMMON60_NON1_OBSERVED,IMMEDIATE,5,upside,0.9219353324570676,0.990099009900991,0.23417727191860055,0.10666693973402364,0.0,306,0.0,0.0,0.0,0.0,0.4349208145101091,0.7239824933826022,0.8439265536723306,0.5294117647058824,0.47058823529411764
COMMON60_NON1_OBSERVED,IMMEDIATE,5,downside,9.201311058904688,19.999999999999996,1.7351198834570987,1.025783115185852,0.0,306,0.0,0.0,0.07763540118261303,0.4426658995181937,2.189246285947952,3.808778075417274,5.000000000000004,0.9052287581699346,0.09477124183006536
COMMON60_NON1_OBSERVED,IMMEDIATE,10,upside,0.934324277703237,0.990099009900991,0.28259175298783645,0.17542878888744395,0.0,306,0.0,0.0,0.0,0.0,0.5054507846385947,0.7752054444661427,0.8789974403199119,0.5915032679738562,0.4084967320261438
COMMON60_NON1_OBSERVED,IMMEDIATE,10,downside,11.274280053390951,19.999999999999996,2.332267755622404,1.6172624237140332,0.0,306,0.0,0.12481994822165221,0.404795292514154,0.8003542551621168,2.7958187645687693,4.761904761904767,6.510291285507949,0.9607843137254902,0.0392156862745098
COMMON60_NON1_OBSERVED,IMMEDIATE,15,upside,0.9410170916887145,0.990099009900991,0.2997818243107429,0.22554942827021085,0.0,306,0.0,0.0,0.0,0.0,0.5301431245408272,0.7843257874015741,0.8810572687224738,0.6045751633986928,0.3954248366013072
COMMON60_NON1_OBSERVED,IMMEDIATE,15,downside,13.326466465095459,35.29411764705882,2.7765224539140947,1.8867924528301883,0.0,306,0.0,0.43688179835160434,0.6811783654039116,1.1239324061054157,3.2258064516129115,5.291207977058981,7.616906186985883,0.9836601307189542,0.016339869281045753
COMMON60_NON1_OBSERVED,IMMEDIATE,30,upside,0.9599439533760246,0.9900990099010132,0.34426115884574,0.3064907102680037,0.0,306,0.0,0.0,0.0,0.0,0.6121408711770193,0.8474576271186529,0.9070434070434008,0.6503267973856209,0.34967320261437906
COMMON60_NON1_OBSERVED,IMMEDIATE,30,downside,13.888500195246715,35.29411764705882,3.313029817908939,2.4622963243652873,0.0,306,0.0,0.5602373512609143,0.8497139040811452,1.5519673729030932,3.9727854456083596,6.440402455088146,9.140152405457897,0.9967320261437909,0.0032679738562091504
COMMON60_NON1_OBSERVED,IMMEDIATE,60,upside,0.9722007223012599,0.9975062344139696,0.3846233057874823,0.38168494966711597,0.0,306,0.0,0.0,0.0,0.0,0.6785027352434303,0.8620689655172376,0.9501347708894881,0.6862745098039216,0.3137254901960784
COMMON60_NON1_OBSERVED,IMMEDIATE,60,downside,15.337578150335993,35.29411764705882,4.04502843304063,3.0960049075991094,0.061199510403897595,306,0.0,0.8380681818181801,1.1676600054536246,1.8867924528301883,5.000000000000004,8.108391608391607,11.103416435826412,1.0,0.0
COMMON60_NON1_OBSERVED,OBSERVE5_DELAY_DIP10,5,upside,4.886277692947429,14.28571428571428,0.5697177338252548,0.21162001014064513,0.0,306,0.0,0.0,0.0,0.0,0.6161208776364724,1.1604532163742798,2.101423487544479,0.5751633986928104,0.42483660130718953
COMMON60_NON1_OBSERVED,OBSERVE5_DELAY_DIP10,5,downside,5.892466424418357,12.5,0.9868630881154705,0.5909979747189043,0.0,306,0.0,0.0,0.0,0.14733610202956327,1.283422948900842,2.1775590192325223,2.9571416745995642,0.7973856209150327,0.20261437908496732
COMMON60_NON1_OBSERVED,OBSERVE5_DELAY_DIP10,10,upside,6.587643393535824,25.0,0.7897451033486343,0.3652971083147549,0.0,306,0.0,0.0,0.0,0.0,0.7830867946708453,1.7522766806507661,2.771406727828735,0.6601307189542484,0.33986928104575165
COMMON60_NON1_OBSERVED,OBSERVE5_DELAY_DIP10,10,downside,8.93915913348545,35.29411764705882,1.5749525766016301,1.094281853479978,0.0,306,0.0,0.0,0.0,0.3837254289243003,1.9115971747550697,2.9484207476093927,4.347826086956519,0.8725490196078431,0.12745098039215685
COMMON60_NON1_OBSERVED,OBSERVE5_DELAY_DIP10,15,upside,6.689448547778344,25.0,0.8641229941092324,0.39933660953251904,0.0,306,0.0,0.0,0.0,0.0,0.9685399551904394,1.874522137570167,2.771406727828735,0.6862745098039216,0.3137254901960784
COMMON60_NON1_OBSERVED,OBSERVE5_DELAY_DIP10,15,downside,9.755192095673907,35.29411764705882,1.8563475044115607,1.3326502732240397,0.0,306,0.0,0.0,0.0,0.5142522039777192,2.3255813953488413,3.54858831828278,4.834728219268461,0.8921568627450981,0.10784313725490197
COMMON60_NON1_OBSERVED,OBSERVE5_DELAY_DIP10,30,upside,6.827225337023106,25.0,0.9919512520586861,0.5151575193184099,0.0,306,0.0,0.0,0.0,0.0,1.1692246887556879,2.0101010101010064,3.243243243243249,0.7352941176470589,0.2647058823529412
COMMON60_NON1_OBSERVED,OBSERVE5_DELAY_DIP10,30,downside,10.749291458945986,35.29411764705882,2.341876952930338,1.7804311073541745,0.0,306,0.0,0.0,0.1939533571562957,0.8131720430107514,2.9048702392989596,4.723284830717528,6.393090338044463,0.9215686274509803,0.0784313725490196
COMMON60_NON1_OBSERVED,OBSERVE5_DELAY_DIP10,60,upside,7.74931640388337,25.0,1.1844512969323506,0.6598531724652079,0.0,242,0.0,0.0,0.0,0.06869263760108657,1.371528496337071,2.7289113193943875,3.872487872487856,0.7520661157024794,0.24793388429752067
COMMON60_NON1_OBSERVED,OBSERVE5_DELAY_DIP10,60,downside,12.724253153703962,35.29411764705882,2.952662564928745,2.173913043478265,0.0,242,0.0,0.0,0.4171441083093142,1.212857616259802,3.85856381996994,5.33834711415245,7.777546054918316,0.9380165289256198,0.06198347107438017
COMMON60_NON1_OBSERVED,WAIT10,5,upside,6.730771236410322,14.28571428571428,0.7343315126000943,0.27528995820966795,0.0,306,0.0,0.0,0.0,0.0,0.6702519701104304,1.4643209041157679,3.010445036250192,0.6143790849673203,0.38562091503267976
COMMON60_NON1_OBSERVED,WAIT10,5,downside,7.117236893501739,31.25,1.016310223798187,0.5642322097378305,0.0,306,0.0,0.0,0.0,0.12334346634436666,1.2521499177833628,1.837012873150995,2.881536533910198,0.7745098039215687,0.22549019607843138
COMMON60_NON1_OBSERVED,WAIT10,10,upside,7.023501654200877,14.28571428571428,0.8966085425647357,0.4065107824506309,0.0,306,0.0,0.0,0.0,0.0,0.9167326394922792,1.9541339386578649,3.3348494036790077,0.696078431372549,0.30392156862745096
COMMON60_NON1_OBSERVED,WAIT10,10,downside,8.887373027172151,31.25,1.4348418106062604,0.9149322297224871,0.0,306,0.0,0.0,0.0,0.31055900621117516,1.7475006196810776,2.882967118591245,3.9900990099009936,0.8431372549019608,0.1568627450980392
COMMON60_NON1_OBSERVED,WAIT10,15,upside,7.101186559985324,14.28571428571428,0.9729767145170939,0.48239367792018983,0.0,306,0.0,0.0,0.0,0.0,1.0381687827077712,1.9828009828009918,3.4315418996825997,0.7254901960784313,0.27450980392156865
COMMON60_NON1_OBSERVED,WAIT10,15,downside,9.244323228479413,31.25,1.6679263127503037,1.1023382933495307,0.0,306,0.0,0.0,0.0,0.3966312965957952,2.0933506606021197,3.3320997118612694,4.344880405325791,0.869281045751634,0.13071895424836602
COMMON60_NON1_OBSERVED,WAIT10,30,upside,7.231148128052794,14.28571428571428,1.1353740447986977,0.622085485961954,0.0,306,0.0,0.0,0.0,0.1552671134340433,1.3245266242231712,2.517942583732058,4.0000000000000036,0.7843137254901961,0.21568627450980393
COMMON60_NON1_OBSERVED,WAIT10,30,downside,10.555988956185075,31.25,2.155341975694739,1.5094554568238772,0.0,306,0.0,0.0,0.16387445800276623,0.7207277656135935,2.7885559070999406,4.341934723695062,6.171179525222545,0.9084967320261438,0.0915032679738562
COMMON60_NON1_OBSERVED,WAIT10,60,upside,7.8938307515560115,14.28571428571428,1.340718198845726,0.8090614886731462,0.0,239,0.0,0.0,0.0,0.2472191663610679,1.7190946709675359,2.9384846211552977,4.5487404162102925,0.8075313807531381,0.19246861924686193
COMMON60_NON1_OBSERVED,WAIT10,60,downside,13.24464271863843,31.25,2.837249763802506,2.012019858897318,0.0,239,0.0,0.0,0.39318392379289246,1.1194653299916424,3.7119708994709066,5.328136136520585,7.466666666666662,0.9372384937238494,0.06276150627615062
COMMON60_NON1_OBSERVED,WAIT5,5,upside,4.763439544950559,14.28571428571428,0.6309435536473869,0.30771852749582607,0.0,306,0.0,0.0,0.0,0.0,0.7286046757643161,1.3691034051858786,2.095744680851058,0.6601307189542484,0.33986928104575165
COMMON60_NON1_OBSERVED,WAIT5,5,downside,5.971906969927963,12.5,0.9983027954329134,0.5808330709369813,0.0,306,0.0,0.0,0.0,0.11097555345342125,1.24053305734948,2.241336012054246,3.3103727714748787,0.7745098039215687,0.22549019607843138
COMMON60_NON1_OBSERVED,WAIT5,10,upside,6.52929096617332,25.0,0.8640927743118803,0.42896046663538634,0.0,306,0.0,0.0,0.0,0.0,1.0462415454196072,1.7829985245715552,2.7185113347072463,0.7091503267973857,0.2908496732026144
COMMON60_NON1_OBSERVED,WAIT5,10,downside,8.914030945200302,35.29411764705882,1.5928133140585576,1.0489934589524574,0.0,306,0.0,0.0,0.0,0.3823210213315109,1.9421297339764472,3.164206144087045,4.347826086956519,0.869281045751634,0.13071895424836602
COMMON60_NON1_OBSERVED,WAIT5,15,upside,6.52929096617332,25.0,0.9072412740784617,0.4980420405771402,0.0,306,0.0,0.0,0.0,0.0,1.063124329815457,1.8988102391539474,2.734881571690501,0.7320261437908496,0.2679738562091503
COMMON60_NON1_OBSERVED,WAIT5,15,downside,10.001198820772052,35.29411764705882,1.8692488748862814,1.3291135800321763,0.0,306,0.0,0.0,0.0,0.5502094590492362,2.2684552289815447,3.633022335312414,5.217785843920151,0.8856209150326797,0.11437908496732026
COMMON60_NON1_OBSERVED,WAIT5,30,upside,6.52929096617332,25.0,1.016757794915439,0.6369685167153527,0.0,306,0.0,0.0,0.0,0.1388783935854454,1.1983625821614385,2.048005409060172,2.734881571690501,0.7712418300653595,0.22875816993464052
COMMON60_NON1_OBSERVED,WAIT5,30,downside,10.79354868518888,35.29411764705882,2.427271256457516,1.8195613188025983,0.0,306,0.0,0.0,0.2685015465689111,0.9803921568627416,3.056426332288403,4.843925598970633,6.6812015503875966,0.934640522875817,0.06535947712418301
COMMON60_NON1_OBSERVED,WAIT5,60,upside,7.252701927013561,25.0,1.1956070089520754,0.8130081300812941,0.0,243,0.0,0.0,0.0,0.18697737899973088,1.4053947294170754,2.25918924595673,2.846912478937445,0.7860082304526749,0.2139917695473251
COMMON60_NON1_OBSERVED,WAIT5,60,downside,12.530277151708063,35.29411764705882,3.016364607483372,2.1739130434782594,0.0,243,0.0,0.004914004914005136,0.4734886862546439,1.2426674899660373,3.942731472076738,5.996025832091404,7.700230753094191,0.9465020576131687,0.053497942386831275
COMMON60_WINNER3,DIP_CLOSE_FALLBACK10,5,upside,8.179831129323892,14.28571428571428,1.4411863497590458,0.7633587786259444,0.0,267,0.0,0.0,0.0,0.016949152542378165,1.74088487671058,3.9636363636363607,4.924895345973897,0.7490636704119851,0.250936329588015
COMMON60_WINNER3,DIP_CLOSE_FALLBACK10,5,downside,6.963722193793105,11.111111111111116,1.200041453227005,0.5940594059405946,0.0,267,0.0,0.0,0.0,0.0,1.6158041308888482,3.155033687207998,4.705676157677858,0.6966292134831461,0.30337078651685395
COMMON60_WINNER3,DIP_CLOSE_FALLBACK10,10,upside,10.820010428663174,14.28571428571428,2.1338329826396105,1.411100658513642,0.0,267,0.0,0.0,0.0,0.39455252918287886,2.7185194898450393,4.82973247950206,6.206871097447654,0.8352059925093633,0.1647940074906367
COMMON60_WINNER3,DIP_CLOSE_FALLBACK10,10,downside,8.447109486208722,11.111111111111116,1.627173342112268,0.8333333333333193,0.0,267,0.0,0.0,0.0,0.12290177072198927,2.151589756538941,4.252528887289593,5.7443189252845945,0.7640449438202247,0.23595505617977527
COMMON60_WINNER3,DIP_CLOSE_FALLBACK10,15,upside,11.98849902997315,20.099009900990094,2.7767337726141514,2.131438721136769,0.0,267,0.0,0.0,0.0,0.7570547646883585,3.8292352808481867,5.854470025261344,8.379785951160677,0.8876404494382022,0.11235955056179775
COMMON60_WINNER3,DIP_CLOSE_FALLBACK10,15,downside,8.952664923040615,11.111111111111116,1.7989946028381947,0.9345794392523366,0.0,267,0.0,0.0,0.0,0.2406432479654219,2.3427288600648466,4.419162413135723,6.228932584269656,0.8014981273408239,0.19850187265917604
COMMON60_WINNER3,DIP_CLOSE_FALLBACK10,30,upside,14.16670612291695,32.47524752475248,3.8956867747419506,3.267211201866971,0.0,267,0.0,0.0,0.3309620559302129,1.6105754228296854,5.000000000000004,8.274437591516174,11.099206349206353,0.9213483146067416,0.07865168539325842
COMMON60_WINNER3,DIP_CLOSE_FALLBACK10,30,downside,9.677260818388465,14.084507042253524,2.1254856027821973,1.487252124645888,0.0,267,0.0,0.0,0.0,0.36358530461212957,3.1180470232973825,5.000000000000004,6.551113360323873,0.8277153558052435,0.17228464419475656
COMMON60_WINNER3,DIP_CLOSE_FALLBACK10,60,upside,19.63077038862914,32.47524752475248,5.053260278095822,3.934209010254641,0.0,224,0.0,0.0,0.609139732071804,2.285603340242426,6.03323499790554,10.5467032967033,12.576125895598773,0.9419642857142857,0.05803571428571429
COMMON60_WINNER3,DIP_CLOSE_FALLBACK10,60,downside,10.776432224885838,14.084507042253524,2.6788942069532893,1.9028837449890146,0.0,224,0.0,0.0,0.0,0.5646449885964799,3.818618364397994,6.112421833841084,8.47958835530118,0.8616071428571429,0.13839285714285715
COMMON60_WINNER3,IMMEDIATE,5,upside,9.600350948207977,12.765957446808528,2.0163299089732036,1.371428571428579,0.0,267,0.0,0.0,0.0,0.45222764745643795,2.684222423146465,4.545454545454541,5.709844559585493,0.8277153558052435,0.17228464419475656
COMMON60_WINNER3,IMMEDIATE,5,downside,4.358671219785438,10.834813499111906,0.7366907923821792,0.3260869565217428,0.0,267,0.0,0.0,0.0,0.0,1.003355704697989,2.05600575088224,2.4345898004434616,0.6179775280898876,0.38202247191011235
COMMON60_WINNER3,IMMEDIATE,10,upside,12.469358076249668,14.28571428571428,3.1426404278999365,2.358490566037741,0.0,267,0.0,0.0,0.23466675840951642,1.1087223587223582,4.0000000000000036,6.057237878522663,10.032625582599687,0.9138576779026217,0.08614232209737828
COMMON60_WINNER3,IMMEDIATE,10,downside,5.272611284452653,11.190053285968027,0.9989664347836149,0.5958291956305817,0.0,267,0.0,0.0,0.0,0.0,1.5211807015085732,2.4113003739094307,3.493521921520586,0.6928838951310862,0.30711610486891383
COMMON60_WINNER3,IMMEDIATE,15,upside,13.6361183609291,18.95131086142321,3.821856933031967,3.125,0.0,267,0.0,0.0,0.6509125054172449,1.6520375976593504,4.662897702270952,8.413553413553409,12.5,0.9438202247191011,0.056179775280898875
COMMON60_WINNER3,IMMEDIATE,15,downside,6.258041029151193,11.190053285968027,1.1981944627454277,0.6734006734006592,0.0,267,0.0,0.0,0.0,0.0,1.6378539493293598,3.0303030303030276,4.351407716371214,0.7303370786516854,0.2696629213483146
COMMON60_WINNER3,IMMEDIATE,30,upside,15.59931856072422,32.869910625620655,5.102128765427207,4.134078212290504,0.0,267,0.0,1.1609253630530159,1.5848004831142326,3.047373236647688,5.856085482760454,10.536126147328792,12.5,0.9887640449438202,0.011235955056179775
COMMON60_WINNER3,IMMEDIATE,30,downside,7.915414173070086,12.857142857142856,1.4761300818406986,0.8377760853008343,0.0,267,0.0,0.0,0.0,0.010822510822511289,2.0000000000000018,3.802612481857764,5.1699854298203,0.7490636704119851,0.250936329588015
COMMON60_WINNER3,IMMEDIATE,60,upside,20.783056794439492,33.09090909090908,6.458859926672238,4.729729729729737,3.0172413793103425,267,0.0,3.1712121212121303,3.276304023845009,3.809523809523818,7.042215441659261,12.5,14.550202811579704,1.0,0.0
COMMON60_WINNER3,IMMEDIATE,60,downside,9.914986941833417,13.531353135313529,1.8504559618594671,0.9933774834437137,0.0,267,0.0,0.0,0.0,0.16594123298946384,2.3476248208971704,4.548832588176851,6.719560878243504,0.7865168539325843,0.21348314606741572
COMMON60_WINNER3,OBSERVE5_DELAY_DIP10,5,upside,8.66424714212672,14.05940594059405,1.6723319944383757,1.041666666666674,0.0,267,0.0,0.0,0.0,0.2163514709135228,2.288829017612126,3.855319148936173,5.483980913428767,0.7865168539325843,0.21348314606741572
COMMON60_WINNER3,OBSERVE5_DELAY_DIP10,5,downside,6.848033785868278,12.5,1.1190310037859137,0.6039689387402958,0.0,267,0.0,0.0,0.0,0.0,1.4755032253757794,2.6385500174276744,4.149543378995432,0.7116104868913857,0.2883895131086142
COMMON60_WINNER3,OBSERVE5_DELAY_DIP10,10,upside,11.291145885345927,20.099009900990094,2.463153460567721,1.7587939698492372,0.0,267,0.0,0.0,0.0,0.7262025466468147,3.2310262031527315,5.263157894736836,7.581359320862945,0.8651685393258427,0.1348314606741573
COMMON60_WINNER3,OBSERVE5_DELAY_DIP10,10,downside,8.644673370106036,12.5,1.5790493412431257,0.8474576271186418,0.0,267,0.0,0.0,0.0,0.17078275713900415,1.9607843137254943,4.008890684986871,5.3693073096058015,0.7902621722846442,0.20973782771535582
COMMON60_WINNER3,OBSERVE5_DELAY_DIP10,15,upside,12.181916510258757,27.425742574257427,2.9384287296107865,2.1126760563380254,0.0,267,0.0,0.0,0.0,1.142894461859989,3.8266308060109333,5.910671667234915,8.259916032280193,0.8838951310861424,0.11610486891385768
COMMON60_WINNER3,OBSERVE5_DELAY_DIP10,15,downside,9.724108054888125,12.5,1.7621230019019383,0.9146341463414642,0.0,267,0.0,0.0,0.0,0.22937710437709313,2.123151821132341,4.665769047996203,6.231884057971001,0.8052434456928839,0.1947565543071161
COMMON60_WINNER3,OBSERVE5_DELAY_DIP10,30,upside,14.387707237357592,32.47524752475248,4.06922240702781,3.3653846153846256,0.0,267,0.0,0.0,0.44975736773583025,1.790508501743071,5.065806320396293,8.364485981308416,11.250000000000002,0.9176029962546817,0.08239700374531835
COMMON60_WINNER3,OBSERVE5_DELAY_DIP10,30,downside,10.642886048109473,16.43835616438356,2.077940882941283,1.2195121951219523,0.0,267,0.0,0.0,0.0,0.2894362067521139,2.775277077581717,5.027649769585256,7.172550396148833,0.8277153558052435,0.17228464419475656
COMMON60_WINNER3,OBSERVE5_DELAY_DIP10,60,upside,19.723704173880297,32.47524752475248,5.323898998163697,4.042829603553777,0.0,228,0.0,0.5995568426133208,1.6625344352617089,2.814923247349277,6.628737128201189,9.721701063164488,12.58067375886525,0.956140350877193,0.043859649122807015
COMMON60_WINNER3,OBSERVE5_DELAY_DIP10,60,downside,11.51966550763537,16.43835616438356,2.546843880402851,1.6151471675144524,0.0,228,0.0,0.0,0.0,0.5941390588731776,3.5982252362744354,5.475765685399944,8.465447154471539,0.8728070175438597,0.12719298245614036
COMMON60_WINNER3,WAIT10,5,upside,8.48473930413884,14.28571428571428,1.468277601238496,0.7633587786259444,0.0,267,0.0,0.0,0.0,0.07839333564564344,2.0022866306349196,3.6019823480719464,4.928571428571431,0.7528089887640449,0.24719101123595505
COMMON60_WINNER3,WAIT10,5,downside,6.963722193793105,11.111111111111116,1.1895652279889786,0.6230529595015577,0.0,267,0.0,0.0,0.0,0.0,1.5453584971198697,3.155033687207998,4.696140693698072,0.704119850187266,0.2958801498127341
COMMON60_WINNER3,WAIT10,10,upside,10.955614448695007,20.099009900990094,2.1746486928830127,1.4601978332548171,0.0,267,0.0,0.0,0.0,0.4008032128513972,2.841045813670584,4.848484848484844,6.465644922403241,0.8352059925093633,0.1647940074906367
COMMON60_WINNER3,WAIT10,10,downside,8.447109486208722,11.111111111111116,1.622603199350061,0.9055627425614499,0.0,267,0.0,0.0,0.0,0.12381556335568922,2.1000992172858557,4.280083511421231,5.7443189252845945,0.7677902621722846,0.23220973782771537
COMMON60_WINNER3,WAIT10,15,upside,12.32904218166261,27.425742574257427,2.759473873393022,2.0782396088019572,0.0,267,0.0,0.0,0.0,0.7428723129008996,3.9279974284795793,5.7186477644492895,8.30414268504885,0.8838951310861424,0.11610486891385768
COMMON60_WINNER3,WAIT10,15,downside,9.003966005820915,11.111111111111116,1.7961656623412212,0.952380952380949,0.0,267,0.0,0.0,0.0,0.1791141162435006,2.3073200241984173,4.708500222518924,6.4094129554655925,0.7902621722846442,0.20973782771535582
COMMON60_WINNER3,WAIT10,30,upside,14.218160067780875,32.47524752475248,3.855074444958387,3.1914893617021267,0.0,267,0.0,0.0,0.3331740723045229,1.5388257575757458,5.047532382931042,8.19497043634459,11.099206349206353,0.9213483146067416,0.07865168539325842
COMMON60_WINNER3,WAIT10,30,downside,9.967589211356527,14.084507042253524,2.150797271111949,1.4084507042253502,0.0,267,0.0,0.0,0.0,0.29141318258739113,3.089095970266642,5.158152391123143,7.052877422180055,0.8202247191011236,0.1797752808988764
COMMON60_WINNER3,WAIT10,60,upside,19.275241902075138,32.47524752475248,4.965096709093274,3.9215686274509887,0.0,223,0.0,0.0,0.5980884286770264,2.150786308973185,6.402844930278184,9.675733393278625,12.429370496776624,0.9417040358744395,0.05829596412556054
COMMON60_WINNER3,WAIT10,60,downside,10.75272919668828,14.084507042253524,2.6421351845167242,1.8707482993197244,0.0,223,0.0,0.0,0.0,0.5322161907009682,3.8855055435250474,5.627240143369176,8.479187990446944,0.8609865470852018,0.13901345291479822
COMMON60_WINNER3,WAIT5,5,upside,8.38470620688779,12.5,1.6452407429589255,0.952380952380949,0.0,267,0.0,0.0,0.0,0.18694789220620178,2.21283452929969,4.115646258503395,5.300828759014101,0.7827715355805244,0.21722846441947566
COMMON60_WINNER3,WAIT5,5,downside,6.873712374135269,12.5,1.12950722902394,0.5925925925926112,0.0,267,0.0,0.0,0.0,0.0,1.5131303620004088,2.6385500174276744,4.1666666666666625,0.704119850187266,0.2958801498127341
COMMON60_WINNER3,WAIT5,10,upside,11.115848043436886,14.426877470355738,2.422337750324319,1.75029171528589,0.0,267,0.0,0.0,0.0,0.7463102199944283,3.2441392375088807,5.2266504411317305,7.720376929760075,0.8651685393258427,0.1348314606741573
COMMON60_WINNER3,WAIT5,10,downside,8.644673370106036,12.5,1.5836194840053328,0.8247422680412342,0.0,267,0.0,0.0,0.0,0.17233095460290615,2.1079133139161765,4.008890684986871,5.3693073096058015,0.7865168539325843,0.21348314606741572
COMMON60_WINNER3,WAIT5,15,upside,11.841923103296528,20.099009900990094,2.9556886288319157,2.213279678068414,0.0,267,0.0,0.0,0.0,1.1976477337923064,3.8187266637821904,6.216789034840011,8.338637868864515,0.8876404494382022,0.11235955056179775
COMMON60_WINNER3,WAIT5,15,downside,9.665188737100511,12.5,1.764951942398912,0.8797653958944163,0.0,267,0.0,0.0,0.0,0.28610400682012593,2.2545563446564554,4.387153877526227,5.96700796359499,0.8164794007490637,0.18352059925093633
COMMON60_WINNER3,WAIT5,30,upside,14.33625329249367,32.47524752475248,4.109834736811373,3.416149068322971,0.0,267,0.0,0.0,0.5056418379879891,1.8540001718655996,5.01677852348994,8.364485981308416,11.250000000000002,0.9176029962546817,0.08239700374531835
COMMON60_WINNER3,WAIT5,30,downside,10.391537668782878,16.43835616438356,2.0526292146115312,1.2461059190031154,0.0,267,0.0,0.0,0.0,0.38030004794406547,2.946839839915427,4.761904761904767,6.926935940313861,0.8352059925093633,0.1647940074906367
COMMON60_WINNER3,WAIT5,60,upside,20.001019238163863,32.47524752475248,5.408570776187716,4.164839982463842,0.0,229,0.0,0.6181387389759198,1.8323586744639453,2.9126213592232997,6.515580736543902,10.630213160333653,13.722725601712678,0.9563318777292577,0.043668122270742356
COMMON60_WINNER3,WAIT5,60,downside,11.543368535832927,16.43835616438356,2.5832164233281985,1.67386609071275,0.0,229,0.0,0.0,0.0,0.5952380952380931,3.508771929824561,5.8279259428108325,8.477960289806978,0.8733624454148472,0.12663755458515283
COMMON60_WINNER5,DIP_CLOSE_FALLBACK10,5,upside,10.999434802173939,14.28571428571428,2.0074665405595002,1.0025062656641603,0.0,123,0.0,0.0,0.0,0.18764420696677497,2.621336996336987,4.9923664122137446,6.312909850931147,0.7804878048780488,0.21951219512195122
COMMON60_WINNER5,DIP_CLOSE_FALLBACK10,5,downside,8.52425636468632,11.111111111111116,1.492524842171633,0.5662514156285381,0.0,123,0.0,0.0,0.0,0.0,2.151589756538941,4.272253541774953,5.596738324684952,0.6504065040650406,0.34959349593495936
COMMON60_WINNER5,DIP_CLOSE_FALLBACK10,10,upside,12.998475827008333,14.28571428571428,2.943731871297231,1.904761904761898,0.0,123,0.0,0.0,0.0,0.43797113866101967,4.219484403931062,7.400665492268539,12.381342301506052,0.8455284552845529,0.15447154471544716
COMMON60_WINNER5,DIP_CLOSE_FALLBACK10,10,downside,9.969124111081817,11.111111111111116,1.9298619511282742,0.8108108108108469,0.0,123,0.0,0.0,0.0,0.0,2.532998969693445,5.246344321597802,7.838371693576079,0.7317073170731707,0.2682926829268293
COMMON60_WINNER5,DIP_CLOSE_FALLBACK10,15,upside,14.10281238355036,20.099009900990094,3.8542747782175955,3.157894736842115,0.0,123,0.0,0.0,0.0,1.228560477145213,5.263157894736836,8.605319913731137,12.5,0.8780487804878049,0.12195121951219512
COMMON60_WINNER5,DIP_CLOSE_FALLBACK10,15,downside,10.451240302506124,11.111111111111116,2.0805206093124373,0.846774193548383,0.0,123,0.0,0.0,0.0,0.0864689731362056,3.092553856184288,5.2540045766590415,9.028622134954475,0.7560975609756098,0.24390243902439024
COMMON60_WINNER5,DIP_CLOSE_FALLBACK10,30,upside,16.459701174689148,32.47524752475248,5.533590544173006,4.878048780487809,0.0,123,0.0,0.0,0.3422189722794845,2.4333060183920563,7.566780377840288,11.37476459510357,12.5,0.9105691056910569,0.08943089430894309
COMMON60_WINNER5,DIP_CLOSE_FALLBACK10,30,downside,11.258597990242215,14.084507042253524,2.389864595862356,1.6627078384798155,0.0,123,0.0,0.0,0.0,0.1551459030083968,3.374785320547441,5.281706468815209,9.627023568205807,0.7723577235772358,0.22764227642276422
COMMON60_WINNER5,DIP_CLOSE_FALLBACK10,60,upside,23.70933703846636,32.47524752475248,7.208868726233921,6.033116809390593,0.0,108,0.0,0.0,0.6930813037683372,3.891746812793567,9.23179252554891,13.011165196465262,18.33480617414869,0.9259259259259259,0.07407407407407407
COMMON60_WINNER5,DIP_CLOSE_FALLBACK10,60,downside,11.33834754559101,14.084507042253524,2.7269796236147106,1.9622652686452247,0.0,108,0.0,0.0,0.0,0.30072498330630804,3.9478145801309177,6.3790485829959405,9.884146341463412,0.7962962962962963,0.2037037037037037
COMMON60_WINNER5,IMMEDIATE,5,upside,12.270899903878627,12.765957446808528,2.687253255358498,1.7532467532467289,0.0,123,0.0,0.0,0.0,0.5102238777014767,3.6283563108760464,5.779687663766908,11.004660797514235,0.8455284552845529,0.15447154471544716
COMMON60_WINNER5,IMMEDIATE,5,downside,5.136708019171608,10.834813499111906,0.7569756370540955,0.3351955307262622,0.0,123,0.0,0.0,0.0,0.0,0.9603762342526523,1.9739356352665125,2.467936627687665,0.6097560975609756,0.3902439024390244
COMMON60_WINNER5,IMMEDIATE,10,upside,12.987613425891688,14.28571428571428,4.37683636444123,3.3333333333333437,0.0,123,0.0,0.2626504507259053,0.5544077134986258,1.595786512902142,5.696259576385765,10.89821048391737,12.5,0.9512195121951219,0.04878048780487805
COMMON60_WINNER5,IMMEDIATE,10,downside,6.022402680055115,11.190053285968027,1.0556678289976031,0.5813953488372103,0.0,123,0.0,0.0,0.0,0.0,1.3100686498855874,2.473628955656652,3.977358490566039,0.6747967479674797,0.3252032520325203
COMMON60_WINNER5,IMMEDIATE,15,upside,14.718254559442302,18.95131086142321,5.479336409980148,5.000000000000004,0.0,123,0.0,0.5771531100478411,0.9908159660897242,2.29077773162657,7.233986450853935,12.5,12.762088974854947,0.975609756097561,0.024390243902439025
COMMON60_WINNER5,IMMEDIATE,15,downside,7.038275695928132,11.190053285968027,1.2533156949176247,0.6912442396313501,0.0,123,0.0,0.0,0.0,0.0,1.5902799957415115,3.0003741114852196,4.940251572327043,0.7317073170731707,0.2682926829268293
COMMON60_WINNER5,IMMEDIATE,30,upside,18.389239604291145,32.869910625620655,7.351619466608515,6.341991341991338,0.0,123,0.0,1.7376847920609695,2.7120315994064814,4.550438596491224,9.901960784313735,12.5,13.451790145338526,0.991869918699187,0.008130081300813009
COMMON60_WINNER5,IMMEDIATE,30,downside,9.1712872017811,12.857142857142856,1.4726986429161433,0.737618545837726,0.0,123,0.0,0.0,0.0,0.0,1.732413379331027,3.726832526298213,5.516431924882628,0.7317073170731707,0.2682926829268293
COMMON60_WINNER5,IMMEDIATE,60,upside,25.434345586069398,33.09090909090908,9.464165175449544,7.3863636363636465,5.000000000000004,123,0.0,5.236537075037457,5.290515600108803,5.9103788231640975,11.36950904392765,15.278645756224924,18.25445893610737,1.0,0.0
COMMON60_WINNER5,IMMEDIATE,60,downside,11.035174860892592,12.857142857142856,1.717160229004816,0.7518796992481258,0.0,123,0.0,0.0,0.0,0.010822510822511289,1.975615086799054,4.690026954177901,9.14802468814289,0.7479674796747967,0.25203252032520324
COMMON60_WINNER5,OBSERVE5_DELAY_DIP10,5,upside,11.21164661067807,14.05940594059405,2.186698060210983,1.2195121951219523,0.0,123,0.0,0.0,0.0,0.15403900905114343,2.9135652876348783,5.639412997903563,7.706292379440168,0.7642276422764228,0.23577235772357724
COMMON60_WINNER5,OBSERVE5_DELAY_DIP10,5,downside,8.949544209660061,12.5,1.4978454875724907,0.696055684454755,0.0,123,0.0,0.0,0.0,0.0,1.9133989950368469,4.054444395816015,5.551181102362206,0.7073170731707317,0.2926829268292683
COMMON60_WINNER5,OBSERVE5_DELAY_DIP10,10,upside,13.708503522292423,20.099009900990094,3.3734468764782695,2.4390243902439046,0.0,123,0.0,0.0,0.0,0.9589217416887341,4.917353640018451,7.820991124512355,11.289682539682543,0.8536585365853658,0.14634146341463414
COMMON60_WINNER5,OBSERVE5_DELAY_DIP10,10,downside,10.728690650845234,12.5,2.0182028228240134,0.9319664492078328,0.0,123,0.0,0.0,0.0,0.17641804031217068,2.6033431217528715,5.116388987356723,8.648004764740918,0.7804878048780488,0.21951219512195122
COMMON60_WINNER5,OBSERVE5_DELAY_DIP10,15,upside,14.868110166186625,27.425742574257427,4.038293534724882,3.0973451327433565,0.0,123,0.0,0.0,0.0,1.4981483559645459,5.5347174948944815,8.38872299996121,11.289682539682543,0.8699186991869918,0.13008130081300814
COMMON60_WINNER5,OBSERVE5_DELAY_DIP10,15,downside,11.101422304081455,12.5,2.1920490836740973,0.9556907037358786,0.0,123,0.0,0.0,0.0,0.20815432204845385,2.847427149731796,5.503976182081715,9.576210780057286,0.7886178861788617,0.21138211382113822
COMMON60_WINNER5,OBSERVE5_DELAY_DIP10,30,upside,16.60930408860298,32.47524752475248,5.766975151511547,5.033557046979875,0.0,123,0.0,0.0,0.47137111794379766,2.588028169014067,8.129290343227456,11.847158218125971,12.61170212765958,0.9105691056910569,0.08943089430894309
COMMON60_WINNER5,OBSERVE5_DELAY_DIP10,30,downside,12.319991923710125,16.43835616438356,2.4801538948682533,1.1741682974559686,0.0,123,0.0,0.0,0.0,0.2653734654662898,3.261254874158104,6.3285024154589316,11.061946902654869,0.8048780487804879,0.1951219512195122
COMMON60_WINNER5,OBSERVE5_DELAY_DIP10,60,upside,24.250261379172347,32.47524752475248,7.556009706952888,6.467661691542292,0.0,109,0.0,0.0,2.4975124378109426,4.237288135593231,9.433962264150919,12.762180298555446,19.471223368360157,0.9357798165137615,0.06422018348623854
COMMON60_WINNER5,OBSERVE5_DELAY_DIP10,60,downside,12.670932543249446,16.43835616438356,2.7165368542562005,1.6393442622950838,0.0,109,0.0,0.0,0.0,0.34843205574912606,3.589743589743588,6.990232213018033,11.111111111111116,0.8256880733944955,0.1743119266055046
COMMON60_WINNER5,WAIT10,5,upside,11.509458966457853,14.28571428571428,2.0061120028746675,1.0752688172043001,0.0,123,0.0,0.0,0.0,0.16628457767442484,2.5031827267275375,5.000000000000004,6.312909850931147,0.7804878048780488,0.21951219512195122
COMMON60_WINNER5,WAIT10,5,downside,8.52425636468632,11.111111111111116,1.497057814872217,0.6230529595015577,0.0,123,0.0,0.0,0.0,0.0,2.0556609740670417,4.272253541774953,5.596738324684952,0.6747967479674797,0.3252032520325203
COMMON60_WINNER5,WAIT10,10,upside,13.861276392779196,20.099009900990094,2.935921618491099,2.0342612419700146,0.0,123,0.0,0.0,0.0,0.4217884541334649,4.037901971604885,6.511687809904053,12.183110565815015,0.8373983739837398,0.16260162601626016
COMMON60_WINNER5,WAIT10,10,downside,9.969124111081817,11.111111111111116,1.9785350250548914,0.9055627425614499,0.0,123,0.0,0.0,0.0,0.0,2.785879282840409,5.246344321597802,7.838371693576079,0.7398373983739838,0.2601626016260163
COMMON60_WINNER5,WAIT10,15,upside,15.149488479731406,27.425742574257427,3.8121954796530293,3.0608570399711876,0.0,123,0.0,0.0,0.0,1.159245017778876,5.263157894736836,8.390262285197457,12.5,0.8699186991869918,0.13008130081300814
COMMON60_WINNER5,WAIT10,15,downside,10.451240302506124,11.111111111111116,2.1547105163645353,0.9319664492078328,0.0,123,0.0,0.0,0.0,0.13800704407187503,3.178739524738833,5.281706468815209,9.028622134954475,0.7642276422764228,0.23577235772357724
COMMON60_WINNER5,WAIT10,30,upside,16.459701174689148,32.47524752475248,5.485511693449802,4.789550072568938,0.0,123,0.0,0.0,0.3422189722794845,2.4333060183920563,7.506756368236445,11.626084522809961,12.5,0.9105691056910569,0.08943089430894309
COMMON60_WINNER5,WAIT10,30,downside,11.394380773029408,14.084507042253524,2.4834015188249783,1.4851485148514976,0.0,123,0.0,0.0,0.0,0.17382009956991018,3.5590003163555872,6.008965717418641,10.517919362867094,0.7804878048780488,0.21951219512195122
COMMON60_WINNER5,WAIT10,60,upside,24.04081088437144,32.47524752475248,7.060176324974629,6.015485407980936,0.0,107,0.0,0.0,0.6696554788157941,3.861924998136146,9.144468024452824,12.5,18.338046423942494,0.9252336448598131,0.07476635514018691
COMMON60_WINNER5,WAIT10,60,downside,11.33834754559101,14.084507042253524,2.7189373937340506,1.8918918918919059,0.0,107,0.0,0.0,0.0,0.24232435939540165,4.255485795205333,6.422064777327928,9.900696864111493,0.7850467289719626,0.21495327102803738
COMMON60_WINNER5,WAIT5,5,upside,10.701622446394156,12.5,2.1880525978958163,1.2195121951219523,0.0,123,0.0,0.0,0.0,0.17475917333432678,3.0750567669289963,5.507839127471032,7.706292379440168,0.7642276422764228,0.23577235772357724
COMMON60_WINNER5,WAIT5,5,downside,8.949544209660061,12.5,1.4933125148719069,0.5952380952380931,0.0,123,0.0,0.0,0.0,0.0,1.9468214549298979,4.054444395816015,5.551181102362206,0.6829268292682927,0.3170731707317073
COMMON60_WINNER5,WAIT5,10,upside,12.862709759242648,14.426877470355738,3.3812571292844016,2.263779527559051,0.0,123,0.0,0.0,0.0,0.9418689234263034,4.917353640018451,8.009363416660687,11.41666666666667,0.8617886178861789,0.13821138211382114
COMMON60_WINNER5,WAIT5,10,downside,10.728690650845234,12.5,1.9695297488973962,0.9225092250922495,0.0,123,0.0,0.0,0.0,0.13898785558009719,2.450000000000002,5.102564102564097,8.648004764740918,0.7723577235772358,0.22764227642276422
COMMON60_WINNER5,WAIT5,15,upside,13.922310036830666,20.099009900990094,4.080372833289448,3.1180400890868487,0.0,123,0.0,0.0,0.0,1.5152384778740813,5.547008547008547,8.605319913731137,11.945042400521857,0.8780487804878049,0.12195121951219512
COMMON60_WINNER5,WAIT5,15,downside,11.101422304081455,12.5,2.1178591766219994,0.9556907037358786,0.0,123,0.0,0.0,0.0,0.15272161164512355,2.6033431217528715,5.427794547207968,9.576210780057286,0.7804878048780488,0.21951219512195122
COMMON60_WINNER5,WAIT5,30,upside,16.60930408860298,32.47524752475248,5.815054002234752,5.033557046979875,0.0,123,0.0,0.0,0.47137111794379766,2.588028169014067,8.150598170302603,11.414447134786112,12.61170212765958,0.9105691056910569,0.08943089430894309
COMMON60_WINNER5,WAIT5,30,downside,12.319991923710125,16.43835616438356,2.386616971905631,1.2461059190031154,0.0,123,0.0,0.0,0.0,0.24126878227068715,3.2052599137045448,5.503976182081715,10.946073793755904,0.7967479674796748,0.2032520325203252
COMMON60_WINNER5,WAIT5,60,upside,23.918787533267263,32.47524752475248,7.697491033807663,6.521885323761567,0.0,110,0.0,0.0,2.498756218905467,4.262997102580668,9.483797691344865,14.072692574600975,19.373011664899252,0.9363636363636364,0.06363636363636363
COMMON60_WINNER5,WAIT5,60,downside,12.670932543249446,16.43835616438356,2.724454684861556,1.8808962264150964,0.0,110,0.0,0.0,0.0,0.41153530377668335,3.4936479128856615,6.988995699468751,11.111111111111116,0.8363636363636363,0.16363636363636364
FIRST_CLOSED_DIP,DIP_CLOSE_FALLBACK10,5,upside,3.898445173636989,10.489236790606649,0.8214579319600529,0.5345696128799649,0.0,328,0.0,0.0,0.0,0.21347725583149568,1.1142322097378254,1.8683633172444016,2.3131546245339956,0.8262195121951219,0.17378048780487804
FIRST_CLOSED_DIP,DIP_CLOSE_FALLBACK10,5,downside,3.645671626070007,5.384615384615388,0.8155475201927274,0.547949318441121,0.0,328,0.0,0.0,0.0,0.16433767459992088,1.1030872688369247,1.9646542827657412,2.6112964647996506,0.8109756097560976,0.18902439024390244
FIRST_CLOSED_DIP,DIP_CLOSE_FALLBACK10,10,upside,5.414732057603996,14.05940594059405,1.1900840094637435,0.9217304375653157,0.0,328,0.0,0.0,0.0,0.37007693014988186,1.5385357181789905,2.4591295116772875,3.2932676272430084,0.875,0.125
FIRST_CLOSED_DIP,DIP_CLOSE_FALLBACK10,10,downside,4.609529751688788,6.3063063063063085,1.1747254693204823,0.8252530497927069,0.0,328,0.0,0.0,0.0,0.30788177339901024,1.690886866766264,2.720808067158761,3.882739212007505,0.8810975609756098,0.11890243902439024
FIRST_CLOSED_DIP,DIP_CLOSE_FALLBACK10,15,upside,6.79890790767704,20.099009900990094,1.4730952309709389,1.0624188723968642,0.0,328,0.0,0.0,0.043969849246230555,0.5010962951810138,1.9481991677428478,3.084191380479684,3.853825919805763,0.899390243902439,0.10060975609756098
FIRST_CLOSED_DIP,DIP_CLOSE_FALLBACK10,15,downside,5.790848240722255,7.70925110132159,1.4069791250482595,1.0392779993353252,0.0,328,0.0,0.0,0.06256709752222145,0.4132441358286054,1.8869196037468865,3.2912863601467235,4.229955348476016,0.9085365853658537,0.09146341463414634
FIRST_CLOSED_DIP,DIP_CLOSE_FALLBACK10,30,upside,9.61554494683089,32.47524752475248,2.015041092497038,1.3764123290338492,0.0,328,0.0,0.0,0.24825413047181003,0.6761652957305131,2.4219975999261623,4.393447993447991,5.539743181576972,0.9390243902439024,0.06097560975609756
FIRST_CLOSED_DIP,DIP_CLOSE_FALLBACK10,30,downside,6.990536217386471,8.533653846153843,1.89114233473757,1.3669138067211928,0.0,328,0.0,0.0,0.1670843776106934,0.615613665875614,2.592818556330065,3.9981908638625105,5.654714015753924,0.9420731707317073,0.057926829268292686
FIRST_CLOSED_DIP,DIP_CLOSE_FALLBACK10,60,upside,13.35859201191334,32.47524752475248,2.587668903420431,1.7161230850269882,0.0,264,0.0,0.0,0.3108112345691883,0.8983477404529983,3.0773257939204104,5.01892670995546,7.578775182230374,0.9431818181818182,0.056818181818181816
FIRST_CLOSED_DIP,DIP_CLOSE_FALLBACK10,60,downside,9.323788403208574,15.606936416184968,2.4740443541099215,1.8807479580680464,0.0,264,0.0,0.12248515583870301,0.3060297139244495,0.834932577997774,3.435763135601977,5.398857808009895,7.2746041885294535,0.9621212121212122,0.03787878787878788
FIRST_CLOSED_DIP,IMMEDIATE,5,upside,2.011666927120798,3.7931034482758585,0.3359868285304167,0.16012820512820714,0.0,328,0.0,0.0,0.0,0.0,0.44792851884077334,0.9191157570045364,1.465346534653463,0.6036585365853658,0.39634146341463417
FIRST_CLOSED_DIP,IMMEDIATE,5,downside,6.013910961430266,10.862619808306706,1.654415415922578,1.2632143840886012,0.0,328,0.0,0.28825218340077674,0.3983119979919714,0.7511756920390911,2.104540858092163,3.4382513661202156,4.183543598962719,0.9878048780487805,0.012195121951219513
FIRST_CLOSED_DIP,IMMEDIATE,10,upside,2.822702133075997,4.8387096774193505,0.5094445481406535,0.28301911981053474,0.0,328,0.0,0.0,0.0,0.0,0.6584375542817433,1.3144963144963102,1.9508383063370254,0.6920731707317073,0.3079268292682927
FIRST_CLOSED_DIP,IMMEDIATE,10,downside,7.304213097263445,11.190053285968027,2.1222629116355805,1.7341040462427793,0.0,328,0.0,0.5200642935731031,0.6246101871101839,1.0502298771701084,2.55572053517259,4.041007194244615,5.298417657438744,0.9969512195121951,0.003048780487804878
FIRST_CLOSED_DIP,IMMEDIATE,15,upside,4.176321515529741,14.399205561072502,0.7110826496718258,0.40000640010240396,0.0,328,0.0,0.0,0.0,0.0,0.9009009009008917,1.7739532771077873,2.539366697205679,0.7378048780487805,0.2621951219512195
FIRST_CLOSED_DIP,IMMEDIATE,15,downside,8.151178400181383,11.70097508125676,2.4226890646251245,1.9081863127172582,0.12554927809165228,328,0.0,0.5640847184693903,0.7475713700822562,1.1915309278290098,3.0912502039262684,4.6075289152549095,5.901739245009553,1.0,0.0
FIRST_CLOSED_DIP,IMMEDIATE,30,upside,7.2474131415478675,32.869910625620655,1.2155940140574943,0.6188837749676046,0.0,328,0.0,0.0,0.0,0.1800525083913651,1.4864901124258811,3.1741134751773097,3.8275862068965547,0.8109756097560976,0.18902439024390244
FIRST_CLOSED_DIP,IMMEDIATE,30,downside,9.52495059185069,16.613418530351442,2.897956573456276,2.229940175157269,0.12554927809165228,328,0.0,0.6804383632105376,0.9316493501106449,1.472411035585769,3.6919181187136996,5.444601391855586,7.2715989684074795,1.0,0.0
FIRST_CLOSED_DIP,IMMEDIATE,60,upside,10.230088119433479,32.869910625620655,1.6876403789020442,0.7752403846153944,0.0,328,0.0,0.0,0.0,0.2962479524979522,2.170259456160367,3.847322889876088,5.822737746124844,0.8445121951219512,0.15548780487804878
FIRST_CLOSED_DIP,IMMEDIATE,60,downside,11.965960206436925,17.280453257790374,3.5870166170841884,2.707387722145138,0.12554927809165228,328,0.0,0.7749395574688601,1.0723432872125804,1.6516299887144732,4.55844553901747,7.564960157769892,9.350530638265946,1.0,0.0
FIRST_CLOSED_DIP,OBSERVE5_DELAY_DIP10,5,upside,3.9349760188434124,14.05940594059405,0.7645399461550666,0.44477415100561135,0.0,328,0.0,0.0,0.0,0.0,1.038666354840334,2.0162119487386674,2.6630689469763884,0.7378048780487805,0.2621951219512195
FIRST_CLOSED_DIP,OBSERVE5_DELAY_DIP10,5,downside,3.300300877655264,6.3063063063063085,0.8234035420242687,0.5851560742269613,0.0,328,0.0,0.0,0.0,0.19258559359715544,1.1735146319834437,1.8680595139769474,2.4803321189906784,0.8414634146341463,0.15853658536585366
FIRST_CLOSED_DIP,OBSERVE5_DELAY_DIP10,10,upside,5.69738537386259,20.099009900990094,1.1334382141146202,0.6543503721334498,0.0,328,0.0,0.0,0.0,0.30841765460996595,1.444826991698317,2.775011853959237,3.630363036303641,0.8201219512195121,0.1798780487804878
FIRST_CLOSED_DIP,OBSERVE5_DELAY_DIP10,10,downside,4.748619516279936,6.3063063063063085,1.1809065893562818,0.9032318217311763,0.0,328,0.0,0.0,0.0,0.3164932547375071,1.5673055799648505,2.7458954132157003,3.842182890855451,0.8871951219512195,0.11280487804878049
FIRST_CLOSED_DIP,OBSERVE5_DELAY_DIP10,15,upside,7.088136817989211,27.425742574257427,1.401872932727913,0.8796754348631142,0.0,328,0.0,0.0,0.0,0.36419307405809453,1.8054865424430633,3.174519471616544,4.301881150233701,0.8445121951219512,0.15548780487804878
FIRST_CLOSED_DIP,OBSERVE5_DELAY_DIP10,15,downside,5.505840717407632,7.117437722419928,1.3993414815851961,1.0184576935044931,0.0,328,0.0,0.0,0.06762243627757349,0.4129860899583754,1.9396823175425126,3.066406700343003,4.101368159203974,0.9024390243902439,0.0975609756097561
FIRST_CLOSED_DIP,OBSERVE5_DELAY_DIP10,30,upside,9.483507553129389,32.47524752475248,1.889173522100151,1.2831630132926541,0.0,328,0.0,0.0,0.0,0.4950855478704108,2.3809523809523725,4.349854621678271,5.507983555770508,0.8932926829268293,0.10670731707317073
FIRST_CLOSED_DIP,OBSERVE5_DELAY_DIP10,30,downside,7.281499611537473,10.619469026548678,1.8765581406144687,1.365203615692856,0.0,328,0.0,0.0,0.13896691009283146,0.5899743404542357,2.500000000000002,4.3483616654348385,5.467584429675845,0.9237804878048781,0.07621951219512195
FIRST_CLOSED_DIP,OBSERVE5_DELAY_DIP10,60,upside,12.310859964171694,32.47524752475248,2.4552150090039704,1.565242511116316,0.0,262,0.0,0.0,0.16544117647058879,0.6029979347145498,2.987220570933186,5.602708578825944,7.371192705244436,0.9083969465648855,0.0916030534351145
FIRST_CLOSED_DIP,OBSERVE5_DELAY_DIP10,60,downside,9.100527932632806,13.531353135313529,2.3958214094978363,1.6973981649749559,0.0,262,0.0,0.1248568743731937,0.3204416994688375,0.7728178799128987,3.2906741291834436,5.090763374073332,6.824127906976732,0.9580152671755725,0.04198473282442748
FIRST_CLOSED_DIP,WAIT10,5,upside,3.9349760188434124,14.05940594059405,0.7645399461550666,0.44477415100561135,0.0,328,0.0,0.0,0.0,0.0,1.038666354840334,2.0162119487386674,2.6630689469763884,0.7378048780487805,0.2621951219512195
FIRST_CLOSED_DIP,WAIT10,5,downside,3.300300877655264,6.3063063063063085,0.8234035420242687,0.5851560742269613,0.0,328,0.0,0.0,0.0,0.19258559359715544,1.1735146319834437,1.8680595139769474,2.4803321189906784,0.8414634146341463,0.15853658536585366
FIRST_CLOSED_DIP,WAIT10,10,upside,5.69738537386259,20.099009900990094,1.1334382141146202,0.6543503721334498,0.0,328,0.0,0.0,0.0,0.30841765460996595,1.444826991698317,2.775011853959237,3.630363036303641,0.8201219512195121,0.1798780487804878
FIRST_CLOSED_DIP,WAIT10,10,downside,4.748619516279936,6.3063063063063085,1.1809065893562818,0.9032318217311763,0.0,328,0.0,0.0,0.0,0.3164932547375071,1.5673055799648505,2.7458954132157003,3.842182890855451,0.8871951219512195,0.11280487804878049
FIRST_CLOSED_DIP,WAIT10,15,upside,7.088136817989211,27.425742574257427,1.401872932727913,0.8796754348631142,0.0,328,0.0,0.0,0.0,0.36419307405809453,1.8054865424430633,3.174519471616544,4.301881150233701,0.8445121951219512,0.15548780487804878
FIRST_CLOSED_DIP,WAIT10,15,downside,5.505840717407632,7.117437722419928,1.3993414815851961,1.0184576935044931,0.0,328,0.0,0.0,0.06762243627757349,0.4129860899583754,1.9396823175425126,3.066406700343003,4.101368159203974,0.9024390243902439,0.0975609756097561
FIRST_CLOSED_DIP,WAIT10,30,upside,9.483507553129389,32.47524752475248,1.889173522100151,1.2831630132926541,0.0,328,0.0,0.0,0.0,0.4950855478704108,2.3809523809523725,4.349854621678271,5.507983555770508,0.8932926829268293,0.10670731707317073
FIRST_CLOSED_DIP,WAIT10,30,downside,7.281499611537473,10.619469026548678,1.8765581406144687,1.365203615692856,0.0,328,0.0,0.0,0.13896691009283146,0.5899743404542357,2.500000000000002,4.3483616654348385,5.467584429675845,0.9237804878048781,0.07621951219512195
FIRST_CLOSED_DIP,WAIT10,60,upside,12.310859964171694,32.47524752475248,2.4552150090039704,1.565242511116316,0.0,262,0.0,0.0,0.16544117647058879,0.6029979347145498,2.987220570933186,5.602708578825944,7.371192705244436,0.9083969465648855,0.0916030534351145
FIRST_CLOSED_DIP,WAIT10,60,downside,9.100527932632806,13.531353135313529,2.3958214094978363,1.6973981649749559,0.0,262,0.0,0.1248568743731937,0.3204416994688375,0.7728178799128987,3.2906741291834436,5.090763374073332,6.824127906976732,0.9580152671755725,0.04198473282442748
FIRST_CLOSED_DIP,WAIT5,5,upside,3.898445173636989,10.489236790606649,0.8214579319600529,0.5345696128799649,0.0,328,0.0,0.0,0.0,0.21347725583149568,1.1142322097378254,1.8683633172444016,2.3131546245339956,0.8262195121951219,0.17378048780487804
FIRST_CLOSED_DIP,WAIT5,5,downside,3.645671626070007,5.384615384615388,0.8155475201927274,0.547949318441121,0.0,328,0.0,0.0,0.0,0.16433767459992088,1.1030872688369247,1.9646542827657412,2.6112964647996506,0.8109756097560976,0.18902439024390244
FIRST_CLOSED_DIP,WAIT5,10,upside,5.414732057603996,14.05940594059405,1.1900840094637435,0.9217304375653157,0.0,328,0.0,0.0,0.0,0.37007693014988186,1.5385357181789905,2.4591295116772875,3.2932676272430084,0.875,0.125
FIRST_CLOSED_DIP,WAIT5,10,downside,4.609529751688788,6.3063063063063085,1.1747254693204823,0.8252530497927069,0.0,328,0.0,0.0,0.0,0.30788177339901024,1.690886866766264,2.720808067158761,3.882739212007505,0.8810975609756098,0.11890243902439024
FIRST_CLOSED_DIP,WAIT5,15,upside,6.79890790767704,20.099009900990094,1.4730952309709389,1.0624188723968642,0.0,328,0.0,0.0,0.043969849246230555,0.5010962951810138,1.9481991677428478,3.084191380479684,3.853825919805763,0.899390243902439,0.10060975609756098
FIRST_CLOSED_DIP,WAIT5,15,downside,5.790848240722255,7.70925110132159,1.4069791250482595,1.0392779993353252,0.0,328,0.0,0.0,0.06256709752222145,0.4132441358286054,1.8869196037468865,3.2912863601467235,4.229955348476016,0.9085365853658537,0.09146341463414634
FIRST_CLOSED_DIP,WAIT5,30,upside,9.61554494683089,32.47524752475248,2.015041092497038,1.3764123290338492,0.0,328,0.0,0.0,0.24825413047181003,0.6761652957305131,2.4219975999261623,4.393447993447991,5.539743181576972,0.9390243902439024,0.06097560975609756
FIRST_CLOSED_DIP,WAIT5,30,downside,6.990536217386471,8.533653846153843,1.89114233473757,1.3669138067211928,0.0,328,0.0,0.0,0.1670843776106934,0.615613665875614,2.592818556330065,3.9981908638625105,5.654714015753924,0.9420731707317073,0.057926829268292686
FIRST_CLOSED_DIP,WAIT5,60,upside,13.35859201191334,32.47524752475248,2.587668903420431,1.7161230850269882,0.0,264,0.0,0.0,0.3108112345691883,0.8983477404529983,3.0773257939204104,5.01892670995546,7.578775182230374,0.9431818181818182,0.056818181818181816
FIRST_CLOSED_DIP,WAIT5,60,downside,9.323788403208574,15.606936416184968,2.4740443541099215,1.8807479580680464,0.0,264,0.0,0.12248515583870301,0.3060297139244495,0.834932577997774,3.435763135601977,5.398857808009895,7.2746041885294535,0.9621212121212122,0.03787878787878788
FIRST_CLOSE_UP1,DIP_CLOSE_FALLBACK10,5,upside,7.376803368087382,14.28571428571428,1.106466133914984,0.44004453696084855,0.0,194,0.0,0.0,0.0,0.0,1.240242936640995,3.439860894591694,4.425800056641176,0.6443298969072165,0.3556701030927835
FIRST_CLOSE_UP1,DIP_CLOSE_FALLBACK10,5,downside,6.443044535568003,12.5,1.2404888045378755,0.700140518283715,0.0,194,0.0,0.0,0.0,0.0,1.6172545834300474,3.5734594406405975,4.595261358084992,0.711340206185567,0.28865979381443296
FIRST_CLOSE_UP1,DIP_CLOSE_FALLBACK10,10,upside,9.60459281405299,14.28571428571428,1.5106011331082776,0.5720538307358858,0.0,194,0.0,0.0,0.0,0.0,1.8274010737721391,4.040159534440389,5.582100872203265,0.7010309278350515,0.29896907216494845
FIRST_CLOSE_UP1,DIP_CLOSE_FALLBACK10,10,downside,9.236905171734263,12.5,1.8303215160169808,1.1331535695942474,0.0,194,0.0,0.0,0.0,0.1698875274627476,2.350263273365516,4.313797507647906,6.089095844958904,0.8041237113402062,0.1958762886597938
FIRST_CLOSE_UP1,DIP_CLOSE_FALLBACK10,15,upside,10.239639293088562,14.28571428571428,1.8174907680775043,0.8794431375076628,0.0,194,0.0,0.0,0.0,0.18086282411877708,2.402898958626504,4.488788691201563,6.255204203013482,0.7525773195876289,0.24742268041237114
FIRST_CLOSE_UP1,DIP_CLOSE_FALLBACK10,15,downside,9.604182256993617,12.5,2.01378794378646,1.4002810365674467,0.0,194,0.0,0.0,0.0,0.33125420237192504,2.7850506756756626,4.625964697791723,6.204353932584268,0.8350515463917526,0.16494845360824742
FIRST_CLOSE_UP1,DIP_CLOSE_FALLBACK10,30,upside,12.015356820856876,16.621983914209125,2.3597793637312554,1.2638262189034855,0.0,194,0.0,0.0,0.0,0.28979009877705963,3.358654671693595,5.644222055108846,9.094483537512893,0.788659793814433,0.211340206185567
FIRST_CLOSE_UP1,DIP_CLOSE_FALLBACK10,30,downside,10.618616510480608,14.084507042253524,2.41092061912678,1.8072453117770282,0.0,194,0.0,0.0,0.0,0.598241115981582,3.2878830781294166,5.123564710901706,6.400556680161931,0.865979381443299,0.13402061855670103
FIRST_CLOSE_UP1,DIP_CLOSE_FALLBACK10,60,upside,15.78437167099293,28.127623845507976,2.9492527828119552,1.5456384892086228,0.0,158,0.0,0.0,0.0,0.43112244897959284,3.7995783251941804,8.33788061501356,10.605505399185693,0.8291139240506329,0.17088607594936708
FIRST_CLOSE_UP1,DIP_CLOSE_FALLBACK10,60,downside,11.396583728519115,14.084507042253524,3.1278896845513753,2.6432231020027954,0.0,158,0.0,0.0,0.11529048865667416,1.182893860124118,4.314803776414705,6.146385414458347,8.60848441774761,0.9050632911392406,0.0949367088607595
FIRST_CLOSE_UP1,IMMEDIATE,5,upside,9.257951644951484,12.765957446808528,2.379859331165886,1.9139194139194182,0.0,194,0.0,0.0,0.0,1.1379870129870184,2.8627622377622286,4.8716922546144605,5.742899067183737,0.8814432989690721,0.11855670103092783
FIRST_CLOSE_UP1,IMMEDIATE,5,downside,5.912660081923913,12.5,0.6371132012054108,0.030538599150586876,0.0,194,0.0,0.0,0.0,0.0,0.6619286510590849,1.6293255131964806,2.365286443562113,0.5051546391752577,0.4948453608247423
FIRST_CLOSE_UP1,IMMEDIATE,10,upside,11.579998695128301,13.461538461538458,3.156326681779849,2.4450023912003793,0.0,194,0.0,0.0,0.0,1.635455464624902,3.947563874034482,6.074304218449148,9.420095849798123,0.8917525773195877,0.10824742268041238
FIRST_CLOSE_UP1,IMMEDIATE,10,downside,7.9416809906955335,12.5,0.9673044589366315,0.2916626792986432,0.0,194,0.0,0.0,0.0,0.0,0.9975247524752484,2.058333333333338,4.230072463768111,0.6030927835051546,0.39690721649484534
FIRST_CLOSE_UP1,IMMEDIATE,15,upside,13.059525215810721,18.95131086142321,3.4886799436373637,2.7027027027026973,0.0,194,0.0,0.0,0.0,1.6694630872483185,4.215282181357017,7.09767845707172,10.016312791299848,0.8917525773195877,0.10824742268041238
FIRST_CLOSE_UP1,IMMEDIATE,15,downside,7.9416809906955335,12.5,1.1398137550117682,0.46565227443501334,0.0,194,0.0,0.0,0.0,0.0,1.366380311121429,2.980459257055004,4.307453416149064,0.6649484536082474,0.33505154639175255
FIRST_CLOSE_UP1,IMMEDIATE,30,upside,14.086073025560857,18.95131086142321,3.9821484507483618,2.8863510136073245,0.0,194,0.0,0.0,0.0,1.785714285714285,4.857896926517241,9.396328664212923,12.41847826086956,0.8917525773195877,0.10824742268041238
FIRST_CLOSE_UP1,IMMEDIATE,30,downside,10.008502006734295,12.857142857142856,1.5377002505807515,0.7030916106581242,0.0,194,0.0,0.0,0.0,0.0,1.9976114649681547,3.953846153846158,5.263157894736848,0.7216494845360825,0.27835051546391754
FIRST_CLOSE_UP1,IMMEDIATE,60,upside,20.352716837489492,33.09090909090908,4.7303427114490315,3.441695182942872,0.0,194,0.0,0.0,0.18012008005336796,2.0013675573322063,5.544619422572178,10.33333333333335,14.012699670902352,0.8969072164948454,0.10309278350515463
FIRST_CLOSE_UP1,IMMEDIATE,60,downside,10.649229677157187,12.857142857142856,1.9835059349644037,0.9770874641991723,0.0,194,0.0,0.0,0.0,0.15470015470015197,2.873971578160056,4.754385964912286,6.08749267188226,0.7835051546391752,0.21649484536082475
FIRST_CLOSE_UP1,OBSERVE5_DELAY_DIP10,5,upside,8.56746279241949,14.28571428571428,1.3416166082197345,0.6111624693018181,0.0,194,0.0,0.0,0.0,0.0,1.7789842067480188,3.2474629195940747,4.704545454545451,0.6649484536082474,0.33505154639175255
FIRST_CLOSE_UP1,OBSERVE5_DELAY_DIP10,5,downside,7.290590537010631,12.5,1.3112798204761145,0.682507721915171,0.0,194,0.0,0.0,0.0,0.1296328489425097,1.8100649350649394,3.3790778861201343,4.668766036855623,0.7628865979381443,0.23711340206185566
FIRST_CLOSE_UP1,OBSERVE5_DELAY_DIP10,10,upside,10.209601971286624,14.28571428571428,1.749200449017032,1.0716279366496884,0.0,194,0.0,0.0,0.0,0.0,2.1871078871754546,4.314664701547534,5.771837708830542,0.7268041237113402,0.27319587628865977
FIRST_CLOSE_UP1,OBSERVE5_DELAY_DIP10,10,downside,7.972045290383778,12.5,1.8315006732161272,1.2945718035350162,0.0,194,0.0,0.0,0.0,0.38268367102061995,2.556330472102994,4.243421052631579,5.3174669742084335,0.8556701030927835,0.14432989690721648
FIRST_CLOSE_UP1,OBSERVE5_DELAY_DIP10,15,upside,10.785501611388915,14.28571428571428,1.9632846671724211,1.2359035715194922,0.0,194,0.0,0.0,0.0,0.0,2.523532227185715,4.545454545454541,7.85357520895065,0.7371134020618557,0.26288659793814434
FIRST_CLOSE_UP1,OBSERVE5_DELAY_DIP10,15,downside,9.949162408737857,12.5,2.194321978243689,1.4405783065855104,0.0,194,0.0,0.0,0.0,0.5917159763313778,3.0592771459728967,4.9475528775209066,5.486347788615967,0.8865979381443299,0.1134020618556701
FIRST_CLOSE_UP1,OBSERVE5_DELAY_DIP10,30,upside,12.722927423401957,15.464813205907912,2.442650471534568,1.538461538461533,0.0,194,0.0,0.0,0.0,0.1648392081831096,3.2184415967005444,5.872475961538479,9.641305047643574,0.7628865979381443,0.23711340206185566
FIRST_CLOSE_UP1,OBSERVE5_DELAY_DIP10,30,downside,10.97131902316657,16.43835616438356,2.577648004266662,1.8685986964618262,0.0,194,0.0,0.0,0.17888292519287924,0.819746376811592,3.5610120902405615,5.113181089743585,6.840123317754375,0.9123711340206185,0.08762886597938144
FIRST_CLOSE_UP1,OBSERVE5_DELAY_DIP10,60,upside,16.545893858250945,27.19374456993919,3.224590531916258,2.037489812550941,0.0,161,0.0,0.0,0.0,0.48309178743961567,3.825136612021862,8.267716535433077,12.5,0.8074534161490683,0.19254658385093168
FIRST_CLOSE_UP1,OBSERVE5_DELAY_DIP10,60,downside,11.266347917310654,16.43835616438356,3.196054836115812,2.7932960893854775,0.0,161,0.0,0.0,0.2823529411764891,1.0526315789473717,4.571428571428571,6.137424949966642,7.729083665338643,0.9254658385093167,0.07453416149068323
FIRST_CLOSE_UP1,WAIT10,5,upside,7.376803368087382,14.28571428571428,1.106466133914984,0.44004453696084855,0.0,194,0.0,0.0,0.0,0.0,1.240242936640995,3.439860894591694,4.425800056641176,0.6443298969072165,0.3556701030927835
FIRST_CLOSE_UP1,WAIT10,5,downside,6.443044535568003,12.5,1.2404888045378755,0.700140518283715,0.0,194,0.0,0.0,0.0,0.0,1.6172545834300474,3.5734594406405975,4.595261358084992,0.711340206185567,0.28865979381443296
FIRST_CLOSE_UP1,WAIT10,10,upside,9.60459281405299,14.28571428571428,1.5106011331082776,0.5720538307358858,0.0,194,0.0,0.0,0.0,0.0,1.8274010737721391,4.040159534440389,5.582100872203265,0.7010309278350515,0.29896907216494845
FIRST_CLOSE_UP1,WAIT10,10,downside,9.236905171734263,12.5,1.8303215160169808,1.1331535695942474,0.0,194,0.0,0.0,0.0,0.1698875274627476,2.350263273365516,4.313797507647906,6.089095844958904,0.8041237113402062,0.1958762886597938
FIRST_CLOSE_UP1,WAIT10,15,upside,10.239639293088562,14.28571428571428,1.8174907680775043,0.8794431375076628,0.0,194,0.0,0.0,0.0,0.18086282411877708,2.402898958626504,4.488788691201563,6.255204203013482,0.7525773195876289,0.24742268041237114
FIRST_CLOSE_UP1,WAIT10,15,downside,9.604182256993617,12.5,2.01378794378646,1.4002810365674467,0.0,194,0.0,0.0,0.0,0.33125420237192504,2.7850506756756626,4.625964697791723,6.204353932584268,0.8350515463917526,0.16494845360824742
FIRST_CLOSE_UP1,WAIT10,30,upside,12.015356820856876,16.621983914209125,2.3597793637312554,1.2638262189034855,0.0,194,0.0,0.0,0.0,0.28979009877705963,3.358654671693595,5.644222055108846,9.094483537512893,0.788659793814433,0.211340206185567
FIRST_CLOSE_UP1,WAIT10,30,downside,10.618616510480608,14.084507042253524,2.41092061912678,1.8072453117770282,0.0,194,0.0,0.0,0.0,0.598241115981582,3.2878830781294166,5.123564710901706,6.400556680161931,0.865979381443299,0.13402061855670103
FIRST_CLOSE_UP1,WAIT10,60,upside,15.78437167099293,28.127623845507976,2.9492527828119552,1.5456384892086228,0.0,158,0.0,0.0,0.0,0.43112244897959284,3.7995783251941804,8.33788061501356,10.605505399185693,0.8291139240506329,0.17088607594936708
FIRST_CLOSE_UP1,WAIT10,60,downside,11.396583728519115,14.084507042253524,3.1278896845513753,2.6432231020027954,0.0,158,0.0,0.0,0.11529048865667416,1.182893860124118,4.314803776414705,6.146385414458347,8.60848441774761,0.9050632911392406,0.0949367088607595
FIRST_CLOSE_UP1,WAIT5,5,upside,8.56746279241949,14.28571428571428,1.3416166082197345,0.6111624693018181,0.0,194,0.0,0.0,0.0,0.0,1.7789842067480188,3.2474629195940747,4.704545454545451,0.6649484536082474,0.33505154639175255
FIRST_CLOSE_UP1,WAIT5,5,downside,7.290590537010631,12.5,1.3112798204761145,0.682507721915171,0.0,194,0.0,0.0,0.0,0.1296328489425097,1.8100649350649394,3.3790778861201343,4.668766036855623,0.7628865979381443,0.23711340206185566
FIRST_CLOSE_UP1,WAIT5,10,upside,10.209601971286624,14.28571428571428,1.749200449017032,1.0716279366496884,0.0,194,0.0,0.0,0.0,0.0,2.1871078871754546,4.314664701547534,5.771837708830542,0.7268041237113402,0.27319587628865977
FIRST_CLOSE_UP1,WAIT5,10,downside,7.972045290383778,12.5,1.8315006732161272,1.2945718035350162,0.0,194,0.0,0.0,0.0,0.38268367102061995,2.556330472102994,4.243421052631579,5.3174669742084335,0.8556701030927835,0.14432989690721648
FIRST_CLOSE_UP1,WAIT5,15,upside,10.785501611388915,14.28571428571428,1.9632846671724211,1.2359035715194922,0.0,194,0.0,0.0,0.0,0.0,2.523532227185715,4.545454545454541,7.85357520895065,0.7371134020618557,0.26288659793814434
FIRST_CLOSE_UP1,WAIT5,15,downside,9.949162408737857,12.5,2.194321978243689,1.4405783065855104,0.0,194,0.0,0.0,0.0,0.5917159763313778,3.0592771459728967,4.9475528775209066,5.486347788615967,0.8865979381443299,0.1134020618556701
FIRST_CLOSE_UP1,WAIT5,30,upside,12.722927423401957,15.464813205907912,2.442650471534568,1.538461538461533,0.0,194,0.0,0.0,0.0,0.1648392081831096,3.2184415967005444,5.872475961538479,9.641305047643574,0.7628865979381443,0.23711340206185566
FIRST_CLOSE_UP1,WAIT5,30,downside,10.97131902316657,16.43835616438356,2.577648004266662,1.8685986964618262,0.0,194,0.0,0.0,0.17888292519287924,0.819746376811592,3.5610120902405615,5.113181089743585,6.840123317754375,0.9123711340206185,0.08762886597938144
FIRST_CLOSE_UP1,WAIT5,60,upside,16.545893858250945,27.19374456993919,3.224590531916258,2.037489812550941,0.0,161,0.0,0.0,0.0,0.48309178743961567,3.825136612021862,8.267716535433077,12.5,0.8074534161490683,0.19254658385093168
FIRST_CLOSE_UP1,WAIT5,60,downside,11.266347917310654,16.43835616438356,3.196054836115812,2.7932960893854775,0.0,161,0.0,0.0,0.2823529411764891,1.0526315789473717,4.571428571428571,6.137424949966642,7.729083665338643,0.9254658385093167,0.07453416149068323
FIRST_HIGH_TOUCH3,DIP_CLOSE_FALLBACK10,5,upside,13.571428571428568,14.28571428571428,2.3049805177986356,0.7172498591116461,0.0,88,0.0,0.0,0.0,0.0,3.4691065248045216,5.350877192982452,12.5,0.625,0.375
FIRST_HIGH_TOUCH3,DIP_CLOSE_FALLBACK10,5,downside,8.862753902736118,12.5,1.7788570057434814,0.25386929685803916,0.0,88,0.0,0.0,0.0,0.0,3.2499196227628397,5.053727008712489,5.833217124529356,0.5340909090909091,0.4659090909090909
FIRST_HIGH_TOUCH3,DIP_CLOSE_FALLBACK10,10,upside,13.571428571428568,14.28571428571428,2.8870862121961167,1.3206231109044286,0.0,88,0.0,0.0,0.0,0.0,4.008064516129034,9.127630511134615,12.5,0.6818181818181818,0.3181818181818182
FIRST_HIGH_TOUCH3,DIP_CLOSE_FALLBACK10,10,downside,11.572088173964849,12.5,2.5453946478899714,1.8384589388306782,0.0,88,0.0,0.0,0.0,0.0,4.1666666666666625,5.9704963784969145,8.869207200306382,0.6363636363636364,0.36363636363636365
FIRST_HIGH_TOUCH3,DIP_CLOSE_FALLBACK10,15,upside,13.589340546863573,14.28571428571428,3.349300203349044,2.3993808049535548,0.0,88,0.0,0.0,0.0,0.0,4.761904761904767,9.127630511134615,12.5,0.7272727272727273,0.2727272727272727
FIRST_HIGH_TOUCH3,DIP_CLOSE_FALLBACK10,15,downside,11.68140589569161,12.5,2.6505791870679154,1.9327731092437073,0.0,88,0.0,0.0,0.0,0.0,4.195528967254405,5.9704963784969145,9.604612354325099,0.6477272727272727,0.3522727272727273
FIRST_HIGH_TOUCH3,DIP_CLOSE_FALLBACK10,30,upside,14.413737329705398,16.621983914209125,4.066545412548995,3.327796234772984,0.0,88,0.0,0.0,0.0,0.1807238177233772,5.555555555555558,11.97837951301427,12.558213920163768,0.7613636363636364,0.23863636363636365
FIRST_HIGH_TOUCH3,DIP_CLOSE_FALLBACK10,30,downside,12.539123630672927,14.084507042253524,3.0114156200192457,2.7000964320154255,0.0,88,0.0,0.0,0.0,0.0,4.347826086956519,6.310483870967736,10.936507936507937,0.6590909090909091,0.3409090909090909
FIRST_HIGH_TOUCH3,DIP_CLOSE_FALLBACK10,60,upside,19.959783211472747,28.127623845507976,4.7939722957136865,3.327796234772984,0.0,74,0.0,0.0,0.0,0.4066711981299487,6.1009604968585265,12.5,14.28571428571428,0.7972972972972973,0.20270270270270271
FIRST_HIGH_TOUCH3,DIP_CLOSE_FALLBACK10,60,downside,12.89612676056338,14.084507042253524,3.8732372786321863,3.5167115545940266,0.0,74,0.0,0.0,0.0,0.07575757575757625,5.206552415231702,8.446775844421701,11.597222222222218,0.7432432432432432,0.25675675675675674
FIRST_HIGH_TOUCH3,IMMEDIATE,5,upside,12.553191489361705,12.765957446808528,3.543115423168541,3.3434959349593507,0.0,88,0.0,0.0,0.0,0.0,5.005707762557076,7.03963963963965,12.331730769230758,0.6818181818181818,0.3181818181818182
FIRST_HIGH_TOUCH3,IMMEDIATE,5,downside,12.222222222222223,12.5,1.7795615001166936,0.22542496321362182,0.0,88,0.0,0.0,0.0,0.0,3.0791788856304985,5.000000000000004,9.72222222222219,0.5454545454545454,0.45454545454545453
FIRST_HIGH_TOUCH3,IMMEDIATE,10,upside,12.825515939105507,13.461538461538458,4.140555364080155,3.6206896551724044,0.0,88,0.0,0.0,0.0,0.0,5.633041505688863,10.365958915933017,12.5,0.6931818181818182,0.3068181818181818
FIRST_HIGH_TOUCH3,IMMEDIATE,10,downside,12.857142857142858,14.28571428571429,2.523966176969146,0.5935155180480711,0.0,88,0.0,0.0,0.0,0.0,4.1666666666666625,6.585094549499447,12.5,0.6477272727272727,0.3522727272727273
FIRST_HIGH_TOUCH3,IMMEDIATE,15,upside,14.254026959316413,18.95131086142321,4.396659665665287,3.949999999999998,0.0,88,0.0,0.0,0.0,0.0,6.114490831507319,11.527777777777777,12.647727272727266,0.6931818181818182,0.3068181818181818
FIRST_HIGH_TOUCH3,IMMEDIATE,15,downside,12.857142857142858,14.28571428571429,2.8434914199773593,0.9835801274896583,0.0,88,0.0,0.0,0.0,0.0,4.301242236024841,8.160919540229877,12.5,0.6931818181818182,0.3068181818181818
FIRST_HIGH_TOUCH3,IMMEDIATE,30,upside,15.543379534377753,18.95131086142321,5.000216082991844,4.355121097169534,0.0,88,0.0,0.0,0.0,0.0,7.729018573721619,12.5,13.020716685330349,0.6931818181818182,0.3068181818181818
FIRST_HIGH_TOUCH3,IMMEDIATE,30,downside,12.928571428571429,14.28571428571429,3.090009343738135,1.7320199382862556,0.0,88,0.0,0.0,0.0,0.0,4.347826086956519,11.111111111111116,12.5,0.7272727272727273,0.2727272727272727
FIRST_HIGH_TOUCH3,IMMEDIATE,60,upside,24.872129864387112,33.09090909090908,5.974181939704802,4.438152498135716,0.0,88,0.0,0.0,0.0,0.0,8.43568351775048,13.250789623569611,15.977485380116956,0.7159090909090909,0.2840909090909091
FIRST_HIGH_TOUCH3,IMMEDIATE,60,downside,13.642857142857144,17.85714285714286,3.527679241808528,2.086956521739131,0.0,88,0.0,0.0,0.0,0.24611382685952032,4.761904761904767,11.111111111111116,12.5,0.7727272727272727,0.22727272727272727
FIRST_HIGH_TOUCH3,OBSERVE5_DELAY_DIP10,5,upside,13.214285714285712,14.28571428571428,2.323740281333343,0.9067499452114824,0.0,88,0.0,0.0,0.0,0.0,3.6409874984974167,5.350877192982452,12.013888888888879,0.6022727272727273,0.3977272727272727
FIRST_HIGH_TOUCH3,OBSERVE5_DELAY_DIP10,5,downside,10.652831348195587,12.5,1.9670211748657345,0.5742780840667316,0.0,88,0.0,0.0,0.0,0.0,3.2981220657277017,5.078947368421057,7.282608695652159,0.5795454545454546,0.42045454545454547
FIRST_HIGH_TOUCH3,OBSERVE5_DELAY_DIP10,10,upside,13.239108409321174,14.28571428571428,2.795825384215073,1.849112426035504,0.0,88,0.0,0.0,0.0,0.0,4.020408163265304,5.843563109852059,12.5,0.6704545454545454,0.32954545454545453
FIRST_HIGH_TOUCH3,OBSERVE5_DELAY_DIP10,10,downside,11.944444444444446,12.5,2.8902050606375957,2.0442219440967913,0.0,88,0.0,0.0,0.0,0.0,4.347826086956519,6.1965811965811906,10.533480500367906,0.6931818181818182,0.3068181818181818
FIRST_HIGH_TOUCH3,OBSERVE5_DELAY_DIP10,15,upside,13.239108409321174,14.28571428571428,3.019831796110829,1.9567892793655117,0.0,88,0.0,0.0,0.0,0.0,4.397233201581025,7.863472023642574,12.5,0.6818181818181818,0.3181818181818182
FIRST_HIGH_TOUCH3,OBSERVE5_DELAY_DIP10,15,downside,12.222222222222223,12.5,3.2449892532336335,3.0303030303030276,0.0,88,0.0,0.0,0.0,0.0,4.804981203007522,7.993311036789293,11.111111111111116,0.7386363636363636,0.26136363636363635
FIRST_HIGH_TOUCH3,OBSERVE5_DELAY_DIP10,30,upside,14.145227103686798,15.464813205907912,3.649165041384444,2.588028169014067,0.0,88,0.0,0.0,0.0,0.0,5.000000000000004,11.111111111111116,12.580673758865252,0.7159090909090909,0.2840909090909091
FIRST_HIGH_TOUCH3,OBSERVE5_DELAY_DIP10,30,downside,13.287671232876711,16.43835616438356,3.669190163120565,3.3150183150183143,0.0,88,0.0,0.0,0.0,0.49781158878061393,5.032051282051284,7.993311036789293,12.013888888888879,0.7727272727272727,0.22727272727272727
FIRST_HIGH_TOUCH3,OBSERVE5_DELAY_DIP10,60,upside,19.902450590324356,27.19374456993919,4.451104836604158,3.0108780108780153,0.0,76,0.0,0.0,0.0,0.05976095617529209,5.065789473684212,12.5,14.28571428571428,0.75,0.25
FIRST_HIGH_TOUCH3,OBSERVE5_DELAY_DIP10,60,downside,13.48458904109589,16.43835616438356,4.285633460424104,3.840009830425167,0.0,76,0.0,0.0,0.0,1.9213420603082731,5.263157894736848,9.903381642512082,12.130905511811026,0.8157894736842105,0.18421052631578946
FIRST_HIGH_TOUCH3,WAIT10,5,upside,13.571428571428568,14.28571428571428,2.3072946908040253,0.7172498591116461,0.0,88,0.0,0.0,0.0,0.0,3.4691065248045216,5.350877192982452,12.5,0.625,0.375
FIRST_HIGH_TOUCH3,WAIT10,5,downside,8.862753902736118,12.5,1.7816150320903648,0.4059680777237895,0.0,88,0.0,0.0,0.0,0.0,3.2499196227628397,5.053727008712489,5.833217124529356,0.5340909090909091,0.4659090909090909
FIRST_HIGH_TOUCH3,WAIT10,10,upside,13.571428571428568,14.28571428571428,2.8894003852015064,1.3206231109044286,0.0,88,0.0,0.0,0.0,0.0,4.008064516129034,9.127630511134615,12.5,0.6818181818181818,0.3181818181818182
FIRST_HIGH_TOUCH3,WAIT10,10,downside,11.572088173964849,12.5,2.5147127142739034,1.7412182607551618,0.0,88,0.0,0.0,0.0,0.0,4.0787291237703,5.9704963784969145,8.869207200306382,0.6363636363636364,0.36363636363636365
FIRST_HIGH_TOUCH3,WAIT10,15,upside,13.589340546863573,14.28571428571428,3.3516143763544344,2.3993808049535548,0.0,88,0.0,0.0,0.0,0.0,4.761904761904767,9.127630511134615,12.5,0.7272727272727273,0.2727272727272727
FIRST_HIGH_TOUCH3,WAIT10,15,downside,11.68140589569161,12.5,2.619897253451848,1.881748982120729,0.0,88,0.0,0.0,0.0,0.0,4.1666666666666625,5.9704963784969145,9.604612354325099,0.6477272727272727,0.3522727272727273
FIRST_HIGH_TOUCH3,WAIT10,30,upside,14.413737329705398,16.621983914209125,4.076460680112001,3.327796234772984,0.0,88,0.0,0.0,0.0,0.2660129248640064,5.555555555555558,11.97837951301427,12.558213920163768,0.7613636363636364,0.23863636363636365
FIRST_HIGH_TOUCH3,WAIT10,30,downside,12.539123630672927,14.084507042253524,3.020202177391206,2.7000964320154255,0.0,88,0.0,0.0,0.0,0.0,4.347826086956519,6.310483870967736,10.936507936507937,0.6590909090909091,0.3409090909090909
FIRST_HIGH_TOUCH3,WAIT10,60,upside,19.959783211472747,28.127623845507976,4.810248927335922,3.327796234772984,0.0,74,0.0,0.0,0.0,0.43963379744421105,6.1009604968585265,12.5,14.28571428571428,0.7972972972972973,0.20270270270270271
FIRST_HIGH_TOUCH3,WAIT10,60,downside,12.89612676056338,14.084507042253524,3.8464140906940747,3.5167115545940266,0.0,74,0.0,0.0,0.0,0.07575757575757625,5.167417682566599,8.446775844421701,11.597222222222218,0.7432432432432432,0.25675675675675674
FIRST_HIGH_TOUCH3,WAIT5,5,upside,13.214285714285712,14.28571428571428,2.3214261083279535,0.9067499452114824,0.0,88,0.0,0.0,0.0,0.0,3.6409874984974167,5.350877192982452,12.013888888888879,0.6022727272727273,0.3977272727272727
FIRST_HIGH_TOUCH3,WAIT5,5,downside,10.652831348195587,12.5,1.9642631485188509,0.4536177575070244,0.0,88,0.0,0.0,0.0,0.0,3.2981220657277017,5.078947368421057,7.282608695652159,0.5795454545454546,0.42045454545454547
FIRST_HIGH_TOUCH3,WAIT5,10,upside,13.239108409321174,14.28571428571428,2.7935112112096827,1.849112426035504,0.0,88,0.0,0.0,0.0,0.0,4.020408163265304,5.843563109852059,12.5,0.6704545454545454,0.32954545454545453
FIRST_HIGH_TOUCH3,WAIT5,10,downside,11.944444444444446,12.5,2.9208869942536633,2.2088679551729773,0.0,88,0.0,0.0,0.0,0.0,4.39241129081852,6.1965811965811906,10.533480500367906,0.6931818181818182,0.3068181818181818
FIRST_HIGH_TOUCH3,WAIT5,15,upside,13.239108409321174,14.28571428571428,3.017517623105439,1.9567892793655117,0.0,88,0.0,0.0,0.0,0.0,4.397233201581025,7.863472023642574,12.5,0.6818181818181818,0.3181818181818182
FIRST_HIGH_TOUCH3,WAIT5,15,downside,12.222222222222223,12.5,3.275671186849701,3.0303030303030276,0.0,88,0.0,0.0,0.0,0.0,4.804981203007522,7.993311036789293,11.111111111111116,0.7386363636363636,0.26136363636363635
FIRST_HIGH_TOUCH3,WAIT5,30,upside,14.145227103686798,15.464813205907912,3.6392497738214376,2.588028169014067,0.0,88,0.0,0.0,0.0,0.0,5.000000000000004,11.111111111111116,12.580673758865252,0.7159090909090909,0.2840909090909091
FIRST_HIGH_TOUCH3,WAIT5,30,downside,13.287671232876711,16.43835616438356,3.6604036057486047,3.2915441366145606,0.0,88,0.0,0.0,0.0,0.49781158878061393,5.000000000000004,7.993311036789293,12.013888888888879,0.7727272727272727,0.22727272727272727
FIRST_HIGH_TOUCH3,WAIT5,60,upside,19.902450590324356,27.19374456993919,4.435256537393033,3.0108780108780153,0.0,76,0.0,0.0,0.0,0.05304101838755071,5.065789473684212,12.5,14.28571428571428,0.75,0.25
FIRST_HIGH_TOUCH3,WAIT5,60,downside,13.48458904109589,16.43835616438356,4.311750774995423,3.840009830425167,0.0,76,0.0,0.0,0.0,1.9213420603082731,5.291889245961654,9.903381642512082,12.130905511811026,0.8157894736842105,0.18421052631578946
NO_FIRST_CLOSED_DIP,DIP_CLOSE_FALLBACK10,5,upside,7.5999591866928595,14.28571428571428,1.004055046412871,0.3872220472913246,0.0,550,0.0,0.0,0.0,0.0,1.024066344832214,2.5857385398981405,4.272057892009128,0.6672727272727272,0.3327272727272727
NO_FIRST_CLOSED_DIP,DIP_CLOSE_FALLBACK10,5,downside,7.607393971502998,31.25,1.0539615215636762,0.46901219903086044,0.0,550,0.0,0.0,0.0,0.0,1.253922594142265,2.500000000000002,3.729166666666671,0.6909090909090909,0.3090909090909091
NO_FIRST_CLOSED_DIP,DIP_CLOSE_FALLBACK10,10,upside,8.753965391531981,14.28571428571428,1.3470806376783877,0.6091376836689255,0.0,550,0.0,0.0,0.0,0.0,1.5952757440540533,3.5370043987618462,5.046610169491529,0.7472727272727273,0.25272727272727274
NO_FIRST_CLOSED_DIP,DIP_CLOSE_FALLBACK10,10,downside,9.328479210442728,31.25,1.4611473000993969,0.786893704850361,0.0,550,0.0,0.0,0.0,0.1670168067226918,1.7598756602112657,3.4510965376207663,4.912011173184351,0.7836363636363637,0.21636363636363637
NO_FIRST_CLOSED_DIP,DIP_CLOSE_FALLBACK10,15,upside,9.492753054858595,14.28571428571428,1.61584678293658,0.8256364813741923,0.0,550,0.0,0.0,0.0,0.21999091163311113,2.083333333333326,4.207044519935642,5.5972696245733795,0.7945454545454546,0.20545454545454545
NO_FIRST_CLOSED_DIP,DIP_CLOSE_FALLBACK10,15,downside,9.718195132473973,31.25,1.6422129049427319,0.9318914895376729,0.0,550,0.0,0.0,0.0,0.24533195177889877,1.9607843137254943,3.7615979381443303,5.242562929061783,0.8072727272727273,0.19272727272727272
NO_FIRST_CLOSED_DIP,DIP_CLOSE_FALLBACK10,30,upside,11.089130891550163,16.621983914209125,2.0776270656288167,1.1300968281242718,0.0,550,0.0,0.0,0.0,0.38845547899701294,2.5848164627363834,5.017241379310352,7.450980392156868,0.8472727272727273,0.15272727272727274
NO_FIRST_CLOSED_DIP,DIP_CLOSE_FALLBACK10,30,downside,10.256439322384406,31.25,2.0385449384214653,1.4579329442363176,0.0,550,0.0,0.0,0.0,0.49439501460725455,2.7175083449983815,4.327912379688009,6.081854710948516,0.8618181818181818,0.13818181818181818
NO_FIRST_CLOSED_DIP,DIP_CLOSE_FALLBACK10,60,upside,13.899787855144455,28.127623845507976,2.6268293829310063,1.5151515151514916,0.0,431,0.0,0.0,0.0,0.547849661953137,3.3376849434290756,5.901639344262288,9.485031797735388,0.8723897911832946,0.12761020881670534
NO_FIRST_CLOSED_DIP,DIP_CLOSE_FALLBACK10,60,downside,11.698016611944077,31.25,2.6530133315197646,1.8967334035827288,0.0,431,0.0,0.0,0.030349013657060553,0.8048322321544288,3.599802539222191,5.660377358490565,7.784440439942836,0.9002320185614849,0.09976798143851508
NO_FIRST_CLOSED_DIP,IMMEDIATE,5,upside,7.347386492535869,12.765957446808528,1.4127458606025165,0.9571139657954641,0.0,550,0.0,0.0,0.0,0.3834155214936519,1.7925824175824334,3.021151108399432,4.52247191011236,0.8236363636363636,0.17636363636363636
NO_FIRST_CLOSED_DIP,IMMEDIATE,5,downside,6.1511586843411035,19.999999999999996,0.7080657950032827,0.24515794281684267,0.0,550,0.0,0.0,0.0,0.0,0.7662872649889713,1.6393442622950838,2.573200992555829,0.6181818181818182,0.38181818181818183
NO_FIRST_CLOSED_DIP,IMMEDIATE,10,upside,10.27008690603815,14.28571428571428,2.0645489205171605,1.444802290212921,0.0,550,0.0,0.0,0.0,0.6568197803386855,2.564102564102555,4.423515314472754,6.029808890735356,0.88,0.12
NO_FIRST_CLOSED_DIP,IMMEDIATE,10,downside,7.6091282530580715,19.999999999999996,1.0373618811308563,0.47562492930663947,0.0,550,0.0,0.0,0.0,0.0,1.1560693641618491,2.3992372367166674,4.0000000000000036,0.7145454545454546,0.28545454545454546
NO_FIRST_CLOSED_DIP,IMMEDIATE,15,upside,11.64258020867593,18.95131086142321,2.3587572111160555,1.6393442622950838,0.0,550,0.0,0.0,0.0,0.7246376811594235,2.777777777777768,5.263157894736836,7.906102737858753,0.8872727272727273,0.11272727272727273
NO_FIRST_CLOSED_DIP,IMMEDIATE,15,downside,9.36974968465439,35.29411764705882,1.3177720006383293,0.6575366852318076,0.0,550,0.0,0.0,0.0,0.04620143239076335,1.6084015022894471,2.9008406119509202,4.319875776397509,0.7581818181818182,0.24181818181818182
NO_FIRST_CLOSED_DIP,IMMEDIATE,30,upside,12.826408772377615,18.95131086142321,2.871031960947953,1.9283892902677402,0.0,550,0.0,0.0,0.25873606933199067,0.952380952380949,3.7558784601954387,6.406166171894532,10.025634386328326,0.9090909090909091,0.09090909090909091
NO_FIRST_CLOSED_DIP,IMMEDIATE,30,downside,10.530091797235233,35.29411764705882,1.6653714641375126,0.8547008547008517,0.0,550,0.0,0.0,0.0,0.1759117912409347,2.083333333333315,3.7596153846153846,5.263157894736848,0.7981818181818182,0.2018181818181818
NO_FIRST_CLOSED_DIP,IMMEDIATE,60,upside,15.874058528485875,33.09090909090908,3.387120559517431,2.297193824758914,0.0,550,0.0,0.0,0.33495235374196186,1.1166708299506667,4.2735042735042805,7.08308029689609,11.111111111111116,0.9181818181818182,0.08181818181818182
NO_FIRST_CLOSED_DIP,IMMEDIATE,60,downside,11.631165681655627,35.29411764705882,2.1666066119432257,1.3530155771535046,0.0,550,0.0,0.0,0.0,0.4028604185883383,2.850404312668464,5.001672240802679,6.451612903225811,0.8636363636363636,0.13636363636363635
NO_FIRST_CLOSED_DIP,OBSERVE5_DELAY_DIP10,5,upside,7.103191628330143,14.28571428571428,1.0557223201788888,0.4545830233903647,0.0,550,0.0,0.0,0.0,0.0,1.255570275803919,2.6109839816933715,4.266304347826081,0.6763636363636364,0.3236363636363636
NO_FIRST_CLOSED_DIP,OBSERVE5_DELAY_DIP10,5,downside,6.549226517335001,12.5,1.0269612663690468,0.5485544401916176,0.0,550,0.0,0.0,0.0,0.0,1.2846474388987645,2.445121951219516,3.6273239975146954,0.7036363636363636,0.2963636363636364
NO_FIRST_CLOSED_DIP,OBSERVE5_DELAY_DIP10,10,upside,9.201493767460402,25.0,1.4732759020707398,0.7757000793500501,0.0,550,0.0,0.0,0.0,0.0958815404411617,1.85185185185186,3.563347080358735,5.235777304533004,0.7618181818181818,0.2381818181818182
NO_FIRST_CLOSED_DIP,OBSERVE5_DELAY_DIP10,10,downside,9.280732069362355,35.29411764705882,1.5446628788557408,0.8650527659744167,0.0,550,0.0,0.0,0.0,0.17519569410190394,1.9456101922090658,3.5797342192691035,4.858906525573186,0.7909090909090909,0.20909090909090908
NO_FIRST_CLOSED_DIP,OBSERVE5_DELAY_DIP10,15,upside,9.838663231201286,25.0,1.672888657721352,0.9082071525363777,0.0,550,0.0,0.0,0.0,0.1505989787768447,2.096463585434183,4.090136054421755,5.4387918829636535,0.7781818181818182,0.22181818181818183
NO_FIRST_CLOSED_DIP,OBSERVE5_DELAY_DIP10,15,downside,10.258368046019136,35.29411764705882,1.7710292239591872,0.9704029455802177,0.0,550,0.0,0.0,0.0,0.29006572295247335,2.267608517608516,4.172535211267604,5.263157894736848,0.8145454545454546,0.18545454545454546
NO_FIRST_CLOSED_DIP,OBSERVE5_DELAY_DIP10,30,upside,11.659190087554519,25.0,2.1189005243372754,1.2658227848101333,0.0,550,0.0,0.0,0.0,0.34156166444755387,2.5774778286716704,5.000000000000004,8.101077956569306,0.8127272727272727,0.18727272727272729
NO_FIRST_CLOSED_DIP,OBSERVE5_DELAY_DIP10,30,downside,10.891919440130584,35.29411764705882,2.13659582507667,1.4388489208633115,0.0,550,0.0,0.0,0.0,0.48980744871829907,2.8295823834699476,4.766161213088593,6.194433157253115,0.8690909090909091,0.13090909090909092
NO_FIRST_CLOSED_DIP,OBSERVE5_DELAY_DIP10,60,upside,14.862955454148405,27.19374456993919,2.7441517621684475,1.7142857142857126,0.0,439,0.0,0.0,0.0,0.5747885835095112,3.3947949678286737,6.210306396330081,9.502749502749515,0.8473804100227791,0.15261958997722094
NO_FIRST_CLOSED_DIP,OBSERVE5_DELAY_DIP10,60,downside,12.153584233377693,35.29411764705882,2.7169346951883284,1.8897637795275424,0.0,439,0.0,0.0,0.14406098079493335,0.8359538784067089,3.6780149754957248,5.747188727814655,7.734764106590665,0.908883826879271,0.09111617312072894
NO_FIRST_CLOSED_DIP,WAIT10,5,upside,7.5999591866928595,14.28571428571428,1.004055046412871,0.3872220472913246,0.0,550,0.0,0.0,0.0,0.0,1.024066344832214,2.5857385398981405,4.272057892009128,0.6672727272727272,0.3327272727272727
NO_FIRST_CLOSED_DIP,WAIT10,5,downside,7.607393971502998,31.25,1.0539615215636762,0.46901219903086044,0.0,550,0.0,0.0,0.0,0.0,1.253922594142265,2.500000000000002,3.729166666666671,0.6909090909090909,0.3090909090909091
NO_FIRST_CLOSED_DIP,WAIT10,10,upside,8.753965391531981,14.28571428571428,1.3470806376783877,0.6091376836689255,0.0,550,0.0,0.0,0.0,0.0,1.5952757440540533,3.5370043987618462,5.046610169491529,0.7472727272727273,0.25272727272727274
NO_FIRST_CLOSED_DIP,WAIT10,10,downside,9.328479210442728,31.25,1.4611473000993969,0.786893704850361,0.0,550,0.0,0.0,0.0,0.1670168067226918,1.7598756602112657,3.4510965376207663,4.912011173184351,0.7836363636363637,0.21636363636363637
NO_FIRST_CLOSED_DIP,WAIT10,15,upside,9.492753054858595,14.28571428571428,1.61584678293658,0.8256364813741923,0.0,550,0.0,0.0,0.0,0.21999091163311113,2.083333333333326,4.207044519935642,5.5972696245733795,0.7945454545454546,0.20545454545454545
NO_FIRST_CLOSED_DIP,WAIT10,15,downside,9.718195132473973,31.25,1.6422129049427319,0.9318914895376729,0.0,550,0.0,0.0,0.0,0.24533195177889877,1.9607843137254943,3.7615979381443303,5.242562929061783,0.8072727272727273,0.19272727272727272
NO_FIRST_CLOSED_DIP,WAIT10,30,upside,11.089130891550163,16.621983914209125,2.0776270656288167,1.1300968281242718,0.0,550,0.0,0.0,0.0,0.38845547899701294,2.5848164627363834,5.017241379310352,7.450980392156868,0.8472727272727273,0.15272727272727274
NO_FIRST_CLOSED_DIP,WAIT10,30,downside,10.256439322384406,31.25,2.0385449384214653,1.4579329442363176,0.0,550,0.0,0.0,0.0,0.49439501460725455,2.7175083449983815,4.327912379688009,6.081854710948516,0.8618181818181818,0.13818181818181818
NO_FIRST_CLOSED_DIP,WAIT10,60,upside,13.899787855144455,28.127623845507976,2.6268293829310063,1.5151515151514916,0.0,431,0.0,0.0,0.0,0.547849661953137,3.3376849434290756,5.901639344262288,9.485031797735388,0.8723897911832946,0.12761020881670534
NO_FIRST_CLOSED_DIP,WAIT10,60,downside,11.698016611944077,31.25,2.6530133315197646,1.8967334035827288,0.0,431,0.0,0.0,0.030349013657060553,0.8048322321544288,3.599802539222191,5.660377358490565,7.784440439942836,0.9002320185614849,0.09976798143851508
NO_FIRST_CLOSED_DIP,WAIT5,5,upside,7.103191628330143,14.28571428571428,1.0557223201788888,0.4545830233903647,0.0,550,0.0,0.0,0.0,0.0,1.255570275803919,2.6109839816933715,4.266304347826081,0.6763636363636364,0.3236363636363636
NO_FIRST_CLOSED_DIP,WAIT5,5,downside,6.549226517335001,12.5,1.0269612663690468,0.5485544401916176,0.0,550,0.0,0.0,0.0,0.0,1.2846474388987645,2.445121951219516,3.6273239975146954,0.7036363636363636,0.2963636363636364
NO_FIRST_CLOSED_DIP,WAIT5,10,upside,9.201493767460402,25.0,1.4732759020707398,0.7757000793500501,0.0,550,0.0,0.0,0.0,0.0958815404411617,1.85185185185186,3.563347080358735,5.235777304533004,0.7618181818181818,0.2381818181818182
NO_FIRST_CLOSED_DIP,WAIT5,10,downside,9.280732069362355,35.29411764705882,1.5446628788557408,0.8650527659744167,0.0,550,0.0,0.0,0.0,0.17519569410190394,1.9456101922090658,3.5797342192691035,4.858906525573186,0.7909090909090909,0.20909090909090908
NO_FIRST_CLOSED_DIP,WAIT5,15,upside,9.838663231201286,25.0,1.672888657721352,0.9082071525363777,0.0,550,0.0,0.0,0.0,0.1505989787768447,2.096463585434183,4.090136054421755,5.4387918829636535,0.7781818181818182,0.22181818181818183
NO_FIRST_CLOSED_DIP,WAIT5,15,downside,10.258368046019136,35.29411764705882,1.7710292239591872,0.9704029455802177,0.0,550,0.0,0.0,0.0,0.29006572295247335,2.267608517608516,4.172535211267604,5.263157894736848,0.8145454545454546,0.18545454545454546
NO_FIRST_CLOSED_DIP,WAIT5,30,upside,11.659190087554519,25.0,2.1189005243372754,1.2658227848101333,0.0,550,0.0,0.0,0.0,0.34156166444755387,2.5774778286716704,5.000000000000004,8.101077956569306,0.8127272727272727,0.18727272727272729
NO_FIRST_CLOSED_DIP,WAIT5,30,downside,10.891919440130584,35.29411764705882,2.13659582507667,1.4388489208633115,0.0,550,0.0,0.0,0.0,0.48980744871829907,2.8295823834699476,4.766161213088593,6.194433157253115,0.8690909090909091,0.13090909090909092
NO_FIRST_CLOSED_DIP,WAIT5,60,upside,14.862955454148405,27.19374456993919,2.7441517621684475,1.7142857142857126,0.0,439,0.0,0.0,0.0,0.5747885835095112,3.3947949678286737,6.210306396330081,9.502749502749515,0.8473804100227791,0.15261958997722094
NO_FIRST_CLOSED_DIP,WAIT5,60,downside,12.153584233377693,35.29411764705882,2.7169346951883284,1.8897637795275424,0.0,439,0.0,0.0,0.14406098079493335,0.8359538784067089,3.6780149754957248,5.747188727814655,7.734764106590665,0.908883826879271,0.09111617312072894
