cohort,N,policy,meanBuyImprovementPct,medianBuyImprovementPct,p10,p25,p75,p90,cheaperRate,dearerRate,D5,D10,D15,D30,D30p95,D30ES95,D30worst,remaining30,common60Remaining,lostUpsidePP,capture1,capture2,capture3,capture5
ALL,878,IMMEDIATE,0.0,0.0,0.0,0.0,0.0,0.0,0.0,0.0,1.0615995941621994,1.4426552045995915,1.7305428400320295,2.1258360607850686,6.432555141391779,10.455921812695365,35.29411764705882,2.2525995616540233,2.752235025073414,0.0,1.0,1.0,1.0,1.0
ALL,878,WAIT5,-0.02869603856789208,0.0,-1.7801587301587207,-0.7142978046344728,0.6279481132075465,1.632541206771326,0.40660592255125283,0.42255125284738043,0.947982099232563,1.4064630265464415,1.6350287314275422,2.044900215929489,5.741356107660459,9.504784436319353,35.29411764705882,2.0801011010529957,2.5054826535576034,0.2467523715158105,0.8181818181818182,0.7468671679197995,0.7191011235955056,0.6991869918699187
ALL,878,WAIT10,-0.035681507105427494,0.0,-2.1884057971014537,-0.9054043738788653,0.8731027712753942,2.16459865541669,0.43507972665148065,0.42596810933940776,0.9678305223735558,1.3564560095256593,1.5514818948501672,1.9780305082612206,5.989378880258357,9.22311014507131,31.25,2.0072252862695885,2.3421871667922733,0.4100478582811409,0.7202797202797203,0.656641604010025,0.6292134831460674,0.6341463414634146
ALL,878,DIP_CLOSE_FALLBACK10,-0.016186218326136453,0.0,-2.1388809302103584,-0.7866838251064712,0.8602163779779709,1.8936713836477996,0.4920273348519362,0.3804100227790433,0.9648956987280597,1.3541468895122852,1.5543351375106282,1.9834788176830624,5.989378880258357,9.112159959366442,31.25,2.0542464287413185,2.421489868831614,0.3307451562417999,0.743006993006993,0.681704260651629,0.651685393258427,0.6341463414634146
ALL,878,OBSERVE5_DELAY_DIP10,-0.04819132734718312,0.0,-1.8607443673573631,-0.8097165991902855,0.5992759676970216,1.825213460572585,0.34965831435079725,0.46810933940774485,0.9509169228780591,1.4087721465598153,1.6321754887670812,2.039451906507647,5.795399390716169,9.619995128749974,35.29411764705882,2.0330799585812653,2.4261799515182627,0.32605507355515145,0.7954545454545454,0.7218045112781954,0.6966292134831461,0.6991869918699187
COMMON60_NON1_OBSERVED,306,IMMEDIATE,0.0,0.0,0.0,0.0,0.0,0.0,0.0,0.0,1.7351198834570987,2.332267755622404,2.7765224539140947,3.313029817908939,9.140152405457897,13.888500195246715,35.29411764705882,0.34426115884574,0.3846233057874823,0.0,,,,
COMMON60_NON1_OBSERVED,306,WAIT5,1.0797887118684855,0.5518871372529877,-0.09630951492095585,0.0,1.3385698164756183,2.5963180442793385,0.696078431372549,0.11764705882352941,0.9983027954329134,1.5928133140585576,1.8692488748862814,2.427271256457516,6.6812015503875966,10.79354868518888,35.29411764705882,1.016757794915439,1.1025475346247235,-0.7179242288372414,,,,
COMMON60_NON1_OBSERVED,306,WAIT10,1.3797479210204835,0.7490741779822729,0.0,0.0,1.8140868140868154,3.704136870948338,0.7450980392156863,0.09803921568627451,1.016310223798187,1.4348418106062604,1.6679263127503037,2.155341975694739,6.171179525222545,10.555988956185075,31.25,1.1353740447986977,1.2413522769527268,-0.8567289711652445,,,,
COMMON60_NON1_OBSERVED,306,DIP_CLOSE_FALLBACK10,1.2905955487410041,0.7278552600871402,0.0,0.20175044509892215,1.5719194598504989,3.0455862977602166,0.7973856209150327,0.07516339869281045,1.0277499311156297,1.4527025480631877,1.6808276832250246,2.240736279221917,6.393090338044463,10.633519851739482,31.25,1.1601805876554507,1.26696187496941,-0.8823385691819279,,,,
COMMON60_NON1_OBSERVED,306,OBSERVE5_DELAY_DIP10,1.1689410841479648,0.514821833216278,-0.1882182907086971,0.0,1.5238440837641865,3.2892025551205464,0.6437908496732027,0.14052287581699346,0.9868630881154705,1.5749525766016301,1.8563475044115607,2.341876952930338,6.393090338044463,10.749291458945986,35.29411764705882,0.9919512520586861,1.0769379366080403,-0.692314630820558,,,,
COMMON60_WINNER3,267,IMMEDIATE,0.0,0.0,0.0,0.0,0.0,0.0,0.0,0.0,0.7366907923821792,0.9989664347836149,1.1981944627454277,1.4761300818406986,5.1699854298203,7.915414173070086,12.857142857142856,5.102128765427207,6.458859926672238,0.0,1.0,1.0,1.0,1.0
COMMON60_WINNER3,267,WAIT5,-1.1338035268206261,-0.7807417046193921,-3.4181452962838987,-1.897475461831899,0.0,0.8286453839516851,0.20973782771535582,0.6292134831460674,1.12950722902394,1.5836194840053328,1.764951942398912,2.0526292146115312,6.926935940313861,10.391537668782878,16.43835616438356,4.109834736811373,5.180250354936381,1.2786095717358568,0.9400749063670412,0.8689138576779026,0.7191011235955056,0.6991869918699187
COMMON60_WINNER3,267,WAIT10,-1.532002975263681,-1.0204081632652962,-5.000000000000004,-2.6008198162853935,0.0,1.0405216581276202,0.19850187265917604,0.651685393258427,1.1895652279889786,1.622603199350061,1.7961656623412212,2.150797271111949,7.052877422180055,9.967589211356527,14.084507042253524,3.855074444958387,4.653151478851562,1.805708447820675,0.8614232209737828,0.7902621722846442,0.6292134831460674,0.6341463414634146
COMMON60_WINNER3,267,DIP_CLOSE_FALLBACK10,-1.4277749770854118,-0.9192383453709763,-5.000000000000004,-2.565598539927594,0.11854671742470013,1.1119952103133792,0.2546816479400749,0.6067415730337079,1.200041453227005,1.627173342112268,1.7989946028381947,2.1254856027821973,6.551113360323873,9.677260818388465,14.084507042253524,3.8956867747419506,4.786522333321342,1.6723375933508957,0.8614232209737828,0.797752808988764,0.651685393258427,0.6341463414634146
COMMON60_WINNER3,267,OBSERVE5_DELAY_DIP10,-1.2380315249988956,-0.8547008547008517,-3.4181452962838987,-1.9895460658191921,0.0,0.5438030623215795,0.15355805243445692,0.6741573033707865,1.1190310037859137,1.5790493412431257,1.7621230019019383,2.077940882941283,7.172550396148833,10.642886048109473,16.43835616438356,4.06922240702781,5.046879500466601,1.4119804262056361,0.9400749063670412,0.8614232209737828,0.6966292134831461,0.6991869918699187
COMMON60_WINNER5,123,IMMEDIATE,0.0,0.0,0.0,0.0,0.0,0.0,0.0,0.0,0.7569756370540955,1.0556678289976031,1.2533156949176247,1.4726986429161433,5.516431924882628,9.1712872017811,12.857142857142856,7.351619466608515,9.464165175449544,0.0,1.0,1.0,1.0,1.0
COMMON60_WINNER5,123,WAIT5,-1.7637817795144135,-0.8936550491509987,-5.21052631578947,-2.771150418209234,0.0,0.6443098897686659,0.18699186991869918,0.6666666666666666,1.4933125148719069,1.9695297488973962,2.1178591766219994,2.386616971905631,10.946073793755904,12.319991923710125,16.43835616438356,5.815054002234752,7.464932546861789,1.9992326285877557,0.9349593495934959,0.9105691056910569,0.8536585365853658,0.6991869918699187
COMMON60_WINNER5,123,WAIT10,-2.4497832286288306,-1.521739130434785,-6.965506036697442,-4.460111740336736,0.0,0.8583405416195374,0.15447154471544716,0.6991869918699187,1.497057814872217,1.9785350250548914,2.1547105163645353,2.4834015188249783,10.517919362867094,11.394380773029408,14.084507042253524,5.485511693449802,6.649144472196703,2.815020703252842,0.8699186991869918,0.8373983739837398,0.8048780487804879,0.6341463414634146
COMMON60_WINNER5,123,DIP_CLOSE_FALLBACK10,-2.242012415030621,-1.4285714285714235,-6.965506036697442,-4.460111740336736,0.0,1.148325358851674,0.23577235772357724,0.6504065040650406,1.492524842171633,1.9298619511282742,2.0805206093124373,2.389864595862356,9.627023568205807,11.258597990242215,14.084507042253524,5.533590544173006,6.884998504389697,2.579166671059848,0.8699186991869918,0.8373983739837398,0.8048780487804879,0.6341463414634146
COMMON60_WINNER5,123,OBSERVE5_DELAY_DIP10,-1.9715525931126232,-1.0550996483001063,-5.21052631578947,-2.771150418209234,0.0,0.1512287334593582,0.10569105691056911,0.7154471544715447,1.4978454875724907,2.0182028228240134,2.1920490836740973,2.4801538948682533,11.061946902654869,12.319991923710125,16.43835616438356,5.766975151511547,7.229078514668795,2.2350866607807496,0.9349593495934959,0.9105691056910569,0.8536585365853658,0.6991869918699187
FIRST_CLOSED_DIP,328,IMMEDIATE,0.0,0.0,0.0,0.0,0.0,0.0,0.0,0.0,1.654415415922578,2.1222629116355805,2.4226890646251245,2.897956573456276,7.2715989684074795,9.52495059185069,16.613418530351442,1.2155940140574943,1.6876403789020442,0.0,1.0,1.0,1.0,1.0
FIRST_CLOSED_DIP,328,WAIT5,1.1184108158782642,0.8002433435031375,0.06702968630232675,0.3744150858808054,1.506166463889644,2.3586098962353144,0.9115853658536586,0.036585365853658534,0.8155475201927274,1.1747254693204823,1.4069791250482595,1.89114233473757,5.654714015753924,6.990536217386471,8.533653846153843,2.015041092497038,2.4290976900765786,-0.7414573111745345,0.9586206896551724,0.9666666666666667,0.9491525423728814,1.0
FIRST_CLOSED_DIP,328,WAIT10,1.06622525628004,0.7653865912019997,-0.373974000366839,0.11236622974771238,1.5951421514920794,3.0707001606821835,0.7591463414634146,0.15853658536585366,0.8234035420242687,1.1809065893562818,1.3993414815851961,1.8765581406144687,5.467584429675845,7.281499611537473,10.619469026548678,1.889173522100151,2.216817896202977,-0.5291775173009329,0.8689655172413793,0.8555555555555555,0.847457627118644,1.0
FIRST_CLOSED_DIP,328,DIP_CLOSE_FALLBACK10,1.1184108158782642,0.8002433435031375,0.06702968630232675,0.3744150858808054,1.506166463889644,2.3586098962353144,0.9115853658536586,0.036585365853658534,0.8155475201927274,1.1747254693204823,1.4069791250482595,1.89114233473757,5.654714015753924,6.990536217386471,8.533653846153843,2.015041092497038,2.4290976900765786,-0.7414573111745345,0.9586206896551724,0.9666666666666667,0.9491525423728814,1.0
FIRST_CLOSED_DIP,328,OBSERVE5_DELAY_DIP10,1.06622525628004,0.7653865912019997,-0.373974000366839,0.11236622974771238,1.5951421514920794,3.0707001606821835,0.7591463414634146,0.15853658536585366,0.8234035420242687,1.1809065893562818,1.3993414815851961,1.8765581406144687,5.467584429675845,7.281499611537473,10.619469026548678,1.889173522100151,2.216817896202977,-0.5291775173009329,0.8689655172413793,0.8555555555555555,0.847457627118644,1.0
FIRST_CLOSE_UP1,194,IMMEDIATE,0.0,0.0,0.0,0.0,0.0,0.0,0.0,0.0,0.6371132012054108,0.9673044589366315,1.1398137550117682,1.5377002505807515,5.263157894736848,10.008502006734295,12.857142857142856,3.9821484507483618,4.7303427114490315,0.0,1.0,1.0,1.0,1.0
FIRST_CLOSE_UP1,194,WAIT5,-1.567570819755666,-1.3255745864441448,-3.558201923706086,-2.2134428782494053,-0.7729772741183694,0.0,0.041237113402061855,0.8144329896907216,1.3112798204761145,1.8315006732161272,2.194321978243689,2.577648004266662,6.840123317754375,10.97131902316657,16.43835616438356,2.442650471534568,3.0111403997179598,1.7192023117310713,0.7352941176470589,0.6068965517241379,0.5225225225225225,0.5
FIRST_CLOSE_UP1,194,WAIT10,-1.5326503136161918,-1.2170435469536889,-5.000000000000004,-2.5372089987025834,0.0,0.27032904989472323,0.12886597938144329,0.7010309278350515,1.2404888045378755,1.8303215160169808,2.01378794378646,2.41092061912678,6.400556680161931,10.618616510480608,14.084507042253524,2.3597793637312554,2.829581943870859,1.9007607675781724,0.6470588235294118,0.5310344827586206,0.5135135135135135,0.48214285714285715
FIRST_CLOSE_UP1,194,DIP_CLOSE_FALLBACK10,-1.5326503136161918,-1.2170435469536889,-5.000000000000004,-2.5372089987025834,0.0,0.27032904989472323,0.12886597938144329,0.7010309278350515,1.2404888045378755,1.8303215160169808,2.01378794378646,2.41092061912678,6.400556680161931,10.618616510480608,14.084507042253524,2.3597793637312554,2.829581943870859,1.9007607675781724,0.6470588235294118,0.5310344827586206,0.5135135135135135,0.48214285714285715
FIRST_CLOSE_UP1,194,OBSERVE5_DELAY_DIP10,-1.567570819755666,-1.3255745864441448,-3.558201923706086,-2.2134428782494053,-0.7729772741183694,0.0,0.041237113402061855,0.8144329896907216,1.3112798204761145,1.8315006732161272,2.194321978243689,2.577648004266662,6.840123317754375,10.97131902316657,16.43835616438356,2.442650471534568,3.0111403997179598,1.7192023117310713,0.7352941176470589,0.6068965517241379,0.5225225225225225,0.5
FIRST_HIGH_TOUCH3,88,IMMEDIATE,0.0,0.0,0.0,0.0,0.0,0.0,0.0,0.0,1.7795615001166936,2.523966176969146,2.8434914199773593,3.090009343738135,12.5,12.928571428571429,14.28571428571429,5.000216082991844,5.974181939704802,0.0,1.0,1.0,1.0,1.0
FIRST_HIGH_TOUCH3,88,WAIT5,-1.0774959047400106,-0.42406393451690505,-5.078947368421054,-3.3495145631068035,0.0,3.746438746438757,0.17045454545454544,0.5113636363636364,1.9642631485188509,2.9208869942536633,3.275671186849701,3.6604036057486047,12.013888888888879,13.287671232876711,16.43835616438356,3.6392497738214376,4.3943863304575705,1.5797956092472314,0.8095238095238095,0.7096774193548387,0.5932203389830508,0.5
FIRST_HIGH_TOUCH3,88,WAIT10,-0.6618815141583554,-0.3682487725040873,-5.8685843203609735,-3.4508370125092003,0.0,5.000000000000004,0.23863636363636365,0.5,1.7816150320903648,2.5147127142739034,2.619897253451848,3.020202177391206,10.936507936507937,12.539123630672927,14.084507042253524,4.076460680112001,4.675035485288073,1.299146454416729,0.7142857142857143,0.6290322580645161,0.5932203389830508,0.5263157894736842
FIRST_HIGH_TOUCH3,88,DIP_CLOSE_FALLBACK10,-0.6850659446703722,-0.3682487725040873,-5.8685843203609735,-3.4508370125092003,0.0,5.000000000000004,0.23863636363636365,0.5,1.7788570057434814,2.5453946478899714,2.6505791870679154,3.0114156200192457,10.936507936507937,12.539123630672927,14.084507042253524,4.066545412548995,4.661348317787556,1.3128336219172458,0.6984126984126984,0.6290322580645161,0.5932203389830508,0.5263157894736842
FIRST_HIGH_TOUCH3,88,OBSERVE5_DELAY_DIP10,-1.0543114742279938,-0.42406393451690505,-5.078947368421054,-3.3495145631068035,0.0,3.9423076923076885,0.17045454545454544,0.5113636363636364,1.9670211748657345,2.8902050606375957,3.2449892532336335,3.669190163120565,12.013888888888879,13.287671232876711,16.43835616438356,3.649165041384444,4.408073497958087,1.5661084417467146,0.8253968253968254,0.7096774193548387,0.5932203389830508,0.5
NO_FIRST_CLOSED_DIP,550,IMMEDIATE,0.0,0.0,0.0,0.0,0.0,0.0,0.0,0.0,0.7080657950032827,1.0373618811308563,1.3177720006383293,1.6653714641375126,5.263157894736848,10.530091797235233,35.29411764705882,2.871031960947953,3.387120559517431,0.0,1.0,1.0,1.0,1.0
NO_FIRST_CLOSED_DIP,550,WAIT5,-0.7127888535830543,-0.46515653058134543,-2.2175547776481186,-1.116385263341263,0.0,0.1112368024132736,0.10545454545454545,0.6527272727272727,1.0269612663690468,1.5446628788557408,1.7710292239591872,2.13659582507667,6.194433157253115,10.891919440130584,35.29411764705882,2.1189005243372754,2.5510358681426513,0.8360846913747799,0.7704918032786885,0.6828478964401294,0.6538461538461539,0.6372549019607843
NO_FIRST_CLOSED_DIP,550,WAIT10,-0.6928186314516699,-0.3799227650682635,-3.038720538720538,-1.4253239600232281,0.0,1.1032665278500942,0.24181818181818182,0.5854545454545454,1.0539615215636762,1.4611473000993969,1.6422129049427319,2.0385449384214653,6.081854710948516,10.256439322384406,31.25,2.0776270656288167,2.4169528408891625,0.9701677186282684,0.6697892271662763,0.598705501618123,0.5673076923076923,0.5588235294117647
NO_FIRST_CLOSED_DIP,550,DIP_CLOSE_FALLBACK10,-0.6928186314516699,-0.3799227650682635,-3.038720538720538,-1.4253239600232281,0.0,1.1032665278500942,0.24181818181818182,0.5854545454545454,1.0539615215636762,1.4611473000993969,1.6422129049427319,2.0385449384214653,6.081854710948516,10.256439322384406,31.25,2.0776270656288167,2.4169528408891625,0.9701677186282684,0.6697892271662763,0.598705501618123,0.5673076923076923,0.5588235294117647
NO_FIRST_CLOSED_DIP,550,OBSERVE5_DELAY_DIP10,-0.7127888535830543,-0.46515653058134543,-2.2175547776481186,-1.116385263341263,0.0,0.1112368024132736,0.10545454545454545,0.6527272727272727,1.0269612663690468,1.5446628788557408,1.7710292239591872,2.13659582507667,6.194433157253115,10.891919440130584,35.29411764705882,2.1189005243372754,2.5510358681426513,0.8360846913747799,0.7704918032786885,0.6828478964401294,0.6538461538461539,0.6372549019607843
