unit,trainingRows,trainingLabelable,evaluationRows,evaluationLabelable,spearman,mseSkill,medianMomentum,medianPullback,missingMomentum,missingPullback,trainingSymbols,largestSymbolWeight,modelSHA
chrono-1,800,380,750,380,-0.015573344232484038,0.0011431704210143057,-1.5166835187057637,-4.918032786885251,36,66,159,0.006289308176100631,741768a75b231174f46a463224bcca38c73c8c4870bff6232cd88f6e9f78e1d6
chrono-2,1550,760,750,378,0.0783185075769436,0.00028866939353000554,-1.4150943396226467,-4.950495049504955,65,113,273,0.003663003663003664,7f0afbbcef63c88a7e172fb88967875cf5ea7c8fc81224340711f8b5f12ada29
chrono-3,2300,1138,750,380,0.12287508978995294,0.004645260213864799,-1.4388489208633115,-5.436893203883497,88,167,421,0.0023752969121140152,c719687aaf11a0440d521cf792aa1ca410c8c325bb535b2199aba281ee78a447
chrono-4,3050,1518,750,379,0.06811730803308949,0.003051657054289225,-1.4402491241728321,-5.278174037089867,107,208,505,0.001980198019801982,01147322617268f940e9d0c052d5b68266ba84b4621214a78a3822f8871ef93f
symbol-0,2381,1218,169,80,0.24564261895317985,0.002876331970107726,-1.5873015873015928,-5.327868852459017,89,175,398,0.0025125628140703527,c1f2cdd039848f5037ba7ad84dde659d866ab7b8ba14896509ad575d179b2006
symbol-1,2315,1191,226,106,0.0048280695484782974,-0.0005511171403138615,-1.4705882352941124,-5.327868852459017,85,167,400,0.002500000000000001,3808b2173a326dd53c9063c126d33c9747d3b981e672a88cf86e944fab9cec4d
symbol-2,2505,1246,112,56,0.19003464187888086,0.010552556481762676,-1.4285714285714235,-5.278174037089867,84,160,417,0.002398081534772183,a7e62c3e9d56019e59d1aee91a2be38c32623cfafc435199e6ff9b06624f0b0b
symbol-3,2531,1205,125,79,-0.0006451023950891588,0.01297369362843559,-1.4218009478673022,-5.294117647058827,84,166,402,0.0024875621890547268,491527397c57923b6e1415872aefb2e42b9d9406c77193525ca0b287c1027fb6
symbol-4,2468,1212,118,58,-0.1718319824249264,-0.0017445603528705167,-1.4067995310668269,-5.187319884726227,86,164,403,0.0024813895781637726,ba1a6e416db26d9bedb8ab52fc5174485c8a6e0e61daa21eba85b965fbe6aadb
