observedAt,row,date,time,open,high,low,close,volume
2026-09-15 11:15:42.447,115,2026/09/15,10:30,3029,3032,3027,3029,170400
2026-09-15 11:15:42.472,116,2026/09/15,10:35,3029,3030,3028,3030,126300
2026-09-15 11:15:42.498,117,2026/09/15,10:40,3030,3030,3027,3029,120400
2026-09-15 11:15:42.526,118,2026/09/15,10:45,3029,3030,3026,3029,126100
2026-09-15 11:15:42.559,119,2026/09/15,10:50,3029,3029,3026,3027,98900
2026-09-15 11:15:42.593,120,2026/09/15,10:55,3027,3027,3020,3022,174700
2026-09-15 11:15:42.624,121,2026/09/15,11:00,3022,3022,3019,3020,128100
2026-09-15 11:15:42.654,122,2026/09/15,11:05,3020,3022,3019,3020,191500
2026-09-15 11:15:42.682,123,2026/09/15,11:10,3020,3021,3019,3020,85700
2026-09-15 11:15:42.709,124,2026/09/15,11:15,3021,3021,3020,3021,1600
2026-09-15 11:15:43.068,115,2026/09/15,10:30,3029,3032,3027,3029,170400
2026-09-15 11:15:43.136,116,2026/09/15,10:35,3029,3030,3028,3030,126300
2026-09-15 11:15:43.162,117,2026/09/15,10:40,3030,3030,3027,3029,120400
2026-09-15 11:15:43.187,118,2026/09/15,10:45,3029,3030,3026,3029,126100
2026-09-15 11:15:43.213,119,2026/09/15,10:50,3029,3029,3026,3027,98900
2026-09-15 11:15:43.239,120,2026/09/15,10:55,3027,3027,3020,3022,174700
2026-09-15 11:15:43.268,121,2026/09/15,11:00,3022,3022,3019,3020,128100
2026-09-15 11:15:43.299,122,2026/09/15,11:05,3020,3022,3019,3020,191500
2026-09-15 11:15:43.330,123,2026/09/15,11:10,3020,3021,3019,3020,85700
2026-09-15 11:15:43.364,124,2026/09/15,11:15,3021,3021,3020,3021,1600
2026-09-15 11:15:43.745,115,2026/09/15,10:30,3029,3032,3027,3029,170400
2026-09-15 11:15:43.777,116,2026/09/15,10:35,3029,3030,3028,3030,126300
2026-09-15 11:15:43.809,117,2026/09/15,10:40,3030,3030,3027,3029,120400
2026-09-15 11:15:43.841,118,2026/09/15,10:45,3029,3030,3026,3029,126100
2026-09-15 11:15:43.874,119,2026/09/15,10:50,3029,3029,3026,3027,98900
2026-09-15 11:15:43.907,120,2026/09/15,10:55,3027,3027,3020,3022,174700
2026-09-15 11:15:43.945,121,2026/09/15,11:00,3022,3022,3019,3020,128100
2026-09-15 11:15:43.991,122,2026/09/15,11:05,3020,3022,3019,3020,191500
2026-09-15 11:15:44.036,123,2026/09/15,11:10,3020,3021,3019,3020,85700
2026-09-15 11:15:44.079,124,2026/09/15,11:15,3021,3021,3020,3021,1600
2026-09-15 11:15:44.470,115,2026/09/15,10:30,3029,3032,3027,3029,170400
2026-09-15 11:15:44.503,116,2026/09/15,10:35,3029,3030,3028,3030,126300
2026-09-15 11:15:44.534,117,2026/09/15,10:40,3030,3030,3027,3029,120400
2026-09-15 11:15:44.566,118,2026/09/15,10:45,3029,3030,3026,3029,126100
2026-09-15 11:15:44.598,119,2026/09/15,10:50,3029,3029,3026,3027,98900
2026-09-15 11:15:44.750,120,2026/09/15,10:55,3027,3027,3020,3022,174700
2026-09-15 11:15:44.789,121,2026/09/15,11:00,3022,3022,3019,3020,128100
2026-09-15 11:15:44.825,122,2026/09/15,11:05,3020,3022,3019,3020,191500
2026-09-15 11:15:44.857,123,2026/09/15,11:10,3020,3021,3019,3020,85700
2026-09-15 11:15:44.891,124,2026/09/15,11:15,3021,3021,3020,3021,1600
2026-09-15 11:15:45.258,115,2026/09/15,10:30,3029,3032,3027,3029,170400
2026-09-15 11:15:45.287,116,2026/09/15,10:35,3029,3030,3028,3030,126300
2026-09-15 11:15:45.315,117,2026/09/15,10:40,3030,3030,3027,3029,120400
2026-09-15 11:15:45.345,118,2026/09/15,10:45,3029,3030,3026,3029,126100
2026-09-15 11:15:45.373,119,2026/09/15,10:50,3029,3029,3026,3027,98900
2026-09-15 11:15:45.402,120,2026/09/15,10:55,3027,3027,3020,3022,174700
2026-09-15 11:15:45.430,121,2026/09/15,11:00,3022,3022,3019,3020,128100
2026-09-15 11:15:45.460,122,2026/09/15,11:05,3020,3022,3019,3020,191500
2026-09-15 11:15:45.487,123,2026/09/15,11:10,3020,3021,3019,3020,85700
2026-09-15 11:15:45.515,124,2026/09/15,11:15,3021,3021,3020,3021,1600
2026-09-15 11:15:45.868,115,2026/09/15,10:30,3029,3032,3027,3029,170400
2026-09-15 11:15:45.897,116,2026/09/15,10:35,3029,3030,3028,3030,126300
2026-09-15 11:15:45.923,117,2026/09/15,10:40,3030,3030,3027,3029,120400
2026-09-15 11:15:45.951,118,2026/09/15,10:45,3029,3030,3026,3029,126100
2026-09-15 11:15:45.975,119,2026/09/15,10:50,3029,3029,3026,3027,98900
2026-09-15 11:15:46.001,120,2026/09/15,10:55,3027,3027,3020,3022,174700
2026-09-15 11:15:46.029,121,2026/09/15,11:00,3022,3022,3019,3020,128100
2026-09-15 11:15:46.058,122,2026/09/15,11:05,3020,3022,3019,3020,191500
2026-09-15 11:15:46.089,123,2026/09/15,11:10,3020,3021,3019,3020,85700
2026-09-15 11:15:46.240,124,2026/09/15,11:15,3021,3021,3020,3021,1600
2026-09-15 11:15:46.623,115,2026/09/15,10:30,3029,3032,3027,3029,170400
2026-09-15 11:15:46.652,116,2026/09/15,10:35,3029,3030,3028,3030,126300
2026-09-15 11:15:46.679,117,2026/09/15,10:40,3030,3030,3027,3029,120400
2026-09-15 11:15:46.706,118,2026/09/15,10:45,3029,3030,3026,3029,126100
2026-09-15 11:15:46.733,119,2026/09/15,10:50,3029,3029,3026,3027,98900
2026-09-15 11:15:46.762,120,2026/09/15,10:55,3027,3027,3020,3022,174700
2026-09-15 11:15:46.789,121,2026/09/15,11:00,3022,3022,3019,3020,128100
2026-09-15 11:15:46.815,122,2026/09/15,11:05,3020,3022,3019,3020,191500
2026-09-15 11:15:46.844,123,2026/09/15,11:10,3020,3021,3019,3020,85700
2026-09-15 11:15:46.877,124,2026/09/15,11:15,3021,3021,3020,3021,1600
2026-09-15 11:15:47.269,115,2026/09/15,10:30,3029,3032,3027,3029,170400
2026-09-15 11:15:47.358,116,2026/09/15,10:35,3029,3030,3028,3030,126300
2026-09-15 11:15:47.401,117,2026/09/15,10:40,3030,3030,3027,3029,120400
2026-09-15 11:15:47.434,118,2026/09/15,10:45,3029,3030,3026,3029,126100
2026-09-15 11:15:47.467,119,2026/09/15,10:50,3029,3029,3026,3027,98900
2026-09-15 11:15:47.511,120,2026/09/15,10:55,3027,3027,3020,3022,174700
2026-09-15 11:15:47.556,121,2026/09/15,11:00,3022,3022,3019,3020,128100
2026-09-15 11:15:47.601,122,2026/09/15,11:05,3020,3022,3019,3020,191500
2026-09-15 11:15:47.639,123,2026/09/15,11:10,3020,3021,3019,3020,85700
2026-09-15 11:15:47.674,124,2026/09/15,11:15,3021,3021,3020,3021,1600
2026-09-15 11:15:48.055,115,2026/09/15,10:30,3029,3032,3027,3029,170400
2026-09-15 11:15:48.087,116,2026/09/15,10:35,3029,3030,3028,3030,126300
2026-09-15 11:15:48.121,117,2026/09/15,10:40,3030,3030,3027,3029,120400
2026-09-15 11:15:48.287,118,2026/09/15,10:45,3029,3030,3026,3029,126100
2026-09-15 11:15:48.334,119,2026/09/15,10:50,3029,3029,3026,3027,98900
2026-09-15 11:15:48.374,120,2026/09/15,10:55,3027,3027,3020,3022,174700
2026-09-15 11:15:48.408,121,2026/09/15,11:00,3022,3022,3019,3020,128100
2026-09-15 11:15:48.449,122,2026/09/15,11:05,3020,3022,3019,3020,191500
2026-09-15 11:15:48.488,123,2026/09/15,11:10,3020,3021,3019,3020,85700
2026-09-15 11:15:48.529,124,2026/09/15,11:15,3021,3021,3020,3021,1600
2026-09-15 11:15:48.936,115,2026/09/15,10:30,3029,3032,3027,3029,170400
2026-09-15 11:15:48.969,116,2026/09/15,10:35,3029,3030,3028,3030,126300
2026-09-15 11:15:49.005,117,2026/09/15,10:40,3030,3030,3027,3029,120400
2026-09-15 11:15:49.046,118,2026/09/15,10:45,3029,3030,3026,3029,126100
2026-09-15 11:15:49.078,119,2026/09/15,10:50,3029,3029,3026,3027,98900
2026-09-15 11:15:49.110,120,2026/09/15,10:55,3027,3027,3020,3022,174700
2026-09-15 11:15:49.148,121,2026/09/15,11:00,3022,3022,3019,3020,128100
2026-09-15 11:15:49.182,122,2026/09/15,11:05,3020,3022,3019,3020,191500
2026-09-15 11:15:49.213,123,2026/09/15,11:10,3020,3021,3019,3020,85700
2026-09-15 11:15:49.246,124,2026/09/15,11:15,3021,3021,3019,3020,21900
2026-09-15 11:15:49.619,115,2026/09/15,10:30,3029,3032,3027,3029,170400
2026-09-15 11:15:49.649,116,2026/09/15,10:35,3029,3030,3028,3030,126300
2026-09-15 11:15:49.678,117,2026/09/15,10:40,3030,3030,3027,3029,120400
2026-09-15 11:15:49.706,118,2026/09/15,10:45,3029,3030,3026,3029,126100
2026-09-15 11:15:49.738,119,2026/09/15,10:50,3029,3029,3026,3027,98900
2026-09-15 11:15:49.773,120,2026/09/15,10:55,3027,3027,3020,3022,174700
2026-09-15 11:15:49.803,121,2026/09/15,11:00,3022,3022,3019,3020,128100
2026-09-15 11:15:49.934,122,2026/09/15,11:05,3020,3022,3019,3020,191500
2026-09-15 11:15:49.964,123,2026/09/15,11:10,3020,3021,3019,3020,85700
2026-09-15 11:15:49.994,124,2026/09/15,11:15,3021,3021,3019,3019,22000
2026-09-15 11:15:50.355,115,2026/09/15,10:30,3029,3032,3027,3029,170400
2026-09-15 11:15:50.389,116,2026/09/15,10:35,3029,3030,3028,3030,126300
2026-09-15 11:15:50.422,117,2026/09/15,10:40,3030,3030,3027,3029,120400
2026-09-15 11:15:50.457,118,2026/09/15,10:45,3029,3030,3026,3029,126100
2026-09-15 11:15:50.496,119,2026/09/15,10:50,3029,3029,3026,3027,98900
2026-09-15 11:15:50.527,120,2026/09/15,10:55,3027,3027,3020,3022,174700
2026-09-15 11:15:50.561,121,2026/09/15,11:00,3022,3022,3019,3020,128100
2026-09-15 11:15:50.593,122,2026/09/15,11:05,3020,3022,3019,3020,191500
2026-09-15 11:15:50.624,123,2026/09/15,11:10,3020,3021,3019,3020,85700
2026-09-15 11:15:50.658,124,2026/09/15,11:15,3021,3021,3019,3019,22000
2026-09-15 11:15:51.030,115,2026/09/15,10:30,3029,3032,3027,3029,170400
2026-09-15 11:15:51.061,116,2026/09/15,10:35,3029,3030,3028,3030,126300
2026-09-15 11:15:51.093,117,2026/09/15,10:40,3030,3030,3027,3029,120400
2026-09-15 11:15:51.127,118,2026/09/15,10:45,3029,3030,3026,3029,126100
2026-09-15 11:15:51.159,119,2026/09/15,10:50,3029,3029,3026,3027,98900
2026-09-15 11:15:51.190,120,2026/09/15,10:55,3027,3027,3020,3022,174700
2026-09-15 11:15:51.221,121,2026/09/15,11:00,3022,3022,3019,3020,128100
2026-09-15 11:15:51.254,122,2026/09/15,11:05,3020,3022,3019,3020,191500
2026-09-15 11:15:51.286,123,2026/09/15,11:10,3020,3021,3019,3020,85700
2026-09-15 11:15:51.318,124,2026/09/15,11:15,3021,3021,3019,3019,22000
2026-09-15 11:15:51.719,115,2026/09/15,10:30,3029,3032,3027,3029,170400
2026-09-15 11:15:51.904,116,2026/09/15,10:35,3029,3030,3028,3030,126300
2026-09-15 11:15:51.936,117,2026/09/15,10:40,3030,3030,3027,3029,120400
2026-09-15 11:15:51.968,118,2026/09/15,10:45,3029,3030,3026,3029,126100
2026-09-15 11:15:52.011,119,2026/09/15,10:50,3029,3029,3026,3027,98900
2026-09-15 11:15:52.054,120,2026/09/15,10:55,3027,3027,3020,3022,174700
2026-09-15 11:15:52.089,121,2026/09/15,11:00,3022,3022,3019,3020,128100
2026-09-15 11:15:52.122,122,2026/09/15,11:05,3020,3022,3019,3020,191500
2026-09-15 11:15:52.156,123,2026/09/15,11:10,3020,3021,3019,3020,85700
2026-09-15 11:15:52.189,124,2026/09/15,11:15,3021,3021,3019,3019,22000
2026-09-15 11:15:52.576,115,2026/09/15,10:30,3029,3032,3027,3029,170400
2026-09-15 11:15:52.605,116,2026/09/15,10:35,3029,3030,3028,3030,126300
2026-09-15 11:15:52.640,117,2026/09/15,10:40,3030,3030,3027,3029,120400
2026-09-15 11:15:52.674,118,2026/09/15,10:45,3029,3030,3026,3029,126100
2026-09-15 11:15:52.707,119,2026/09/15,10:50,3029,3029,3026,3027,98900
2026-09-15 11:15:52.744,120,2026/09/15,10:55,3027,3027,3020,3022,174700
2026-09-15 11:15:52.779,121,2026/09/15,11:00,3022,3022,3019,3020,128100
2026-09-15 11:15:52.815,122,2026/09/15,11:05,3020,3022,3019,3020,191500
2026-09-15 11:15:52.848,123,2026/09/15,11:10,3020,3021,3019,3020,85700
2026-09-15 11:15:52.880,124,2026/09/15,11:15,3021,3021,3019,3020,22200
2026-09-15 11:15:53.250,115,2026/09/15,10:30,3029,3032,3027,3029,170400
2026-09-15 11:15:53.278,116,2026/09/15,10:35,3029,3030,3028,3030,126300
2026-09-15 11:15:53.305,117,2026/09/15,10:40,3030,3030,3027,3029,120400
2026-09-15 11:15:53.333,118,2026/09/15,10:45,3029,3030,3026,3029,126100
2026-09-15 11:15:53.359,119,2026/09/15,10:50,3029,3029,3026,3027,98900
2026-09-15 11:15:53.495,120,2026/09/15,10:55,3027,3027,3020,3022,174700
2026-09-15 11:15:53.532,121,2026/09/15,11:00,3022,3022,3019,3020,128100
2026-09-15 11:15:53.562,122,2026/09/15,11:05,3020,3022,3019,3020,191500
2026-09-15 11:15:53.594,123,2026/09/15,11:10,3020,3021,3019,3020,85700
2026-09-15 11:15:53.626,124,2026/09/15,11:15,3021,3021,3019,3020,22200
2026-09-15 11:15:53.986,115,2026/09/15,10:30,3029,3032,3027,3029,170400
2026-09-15 11:15:54.019,116,2026/09/15,10:35,3029,3030,3028,3030,126300
2026-09-15 11:15:54.057,117,2026/09/15,10:40,3030,3030,3027,3029,120400
2026-09-15 11:15:54.123,118,2026/09/15,10:45,3029,3030,3026,3029,126100
2026-09-15 11:15:54.153,119,2026/09/15,10:50,3029,3029,3026,3027,98900
2026-09-15 11:15:54.182,120,2026/09/15,10:55,3027,3027,3020,3022,174700
2026-09-15 11:15:54.210,121,2026/09/15,11:00,3022,3022,3019,3020,128100
2026-09-15 11:15:54.238,122,2026/09/15,11:05,3020,3022,3019,3020,191500
2026-09-15 11:15:54.270,123,2026/09/15,11:10,3020,3021,3019,3020,85700
2026-09-15 11:15:54.297,124,2026/09/15,11:15,3021,3021,3019,3020,23200
2026-09-15 11:15:54.660,115,2026/09/15,10:30,3029,3032,3027,3029,170400
2026-09-15 11:15:54.688,116,2026/09/15,10:35,3029,3030,3028,3030,126300
2026-09-15 11:15:54.718,117,2026/09/15,10:40,3030,3030,3027,3029,120400
2026-09-15 11:15:54.749,118,2026/09/15,10:45,3029,3030,3026,3029,126100
2026-09-15 11:15:54.777,119,2026/09/15,10:50,3029,3029,3026,3027,98900
2026-09-15 11:15:54.805,120,2026/09/15,10:55,3027,3027,3020,3022,174700
2026-09-15 11:15:54.834,121,2026/09/15,11:00,3022,3022,3019,3020,128100
2026-09-15 11:15:54.864,122,2026/09/15,11:05,3020,3022,3019,3020,191500
2026-09-15 11:15:54.894,123,2026/09/15,11:10,3020,3021,3019,3020,85700
2026-09-15 11:15:54.927,124,2026/09/15,11:15,3021,3021,3019,3020,23200
2026-09-15 11:15:55.318,115,2026/09/15,10:30,3029,3032,3027,3029,170400
2026-09-15 11:15:55.363,116,2026/09/15,10:35,3029,3030,3028,3030,126300
2026-09-15 11:15:55.403,117,2026/09/15,10:40,3030,3030,3027,3029,120400
2026-09-15 11:15:55.444,118,2026/09/15,10:45,3029,3030,3026,3029,126100
2026-09-15 11:15:55.484,119,2026/09/15,10:50,3029,3029,3026,3027,98900
2026-09-15 11:15:55.516,120,2026/09/15,10:55,3027,3027,3020,3022,174700
2026-09-15 11:15:55.545,121,2026/09/15,11:00,3022,3022,3019,3020,128100
2026-09-15 11:15:55.706,122,2026/09/15,11:05,3020,3022,3019,3020,191500
2026-09-15 11:15:55.747,123,2026/09/15,11:10,3020,3021,3019,3020,85700
2026-09-15 11:15:55.791,124,2026/09/15,11:15,3021,3021,3019,3020,23200
2026-09-15 11:15:56.250,115,2026/09/15,10:30,3029,3032,3027,3029,170400
2026-09-15 11:15:56.284,116,2026/09/15,10:35,3029,3030,3028,3030,126300
2026-09-15 11:15:56.315,117,2026/09/15,10:40,3030,3030,3027,3029,120400
2026-09-15 11:15:56.350,118,2026/09/15,10:45,3029,3030,3026,3029,126100
2026-09-15 11:15:56.384,119,2026/09/15,10:50,3029,3029,3026,3027,98900
2026-09-15 11:15:56.417,120,2026/09/15,10:55,3027,3027,3020,3022,174700
2026-09-15 11:15:56.451,121,2026/09/15,11:00,3022,3022,3019,3020,128100
2026-09-15 11:15:56.485,122,2026/09/15,11:05,3020,3022,3019,3020,191500
2026-09-15 11:15:56.529,123,2026/09/15,11:10,3020,3021,3019,3020,85700
2026-09-15 11:15:56.627,124,2026/09/15,11:15,3021,3021,3019,3020,23200
2026-09-15 11:15:57.012,115,2026/09/15,10:30,3029,3032,3027,3029,170400
2026-09-15 11:15:57.047,116,2026/09/15,10:35,3029,3030,3028,3030,126300
2026-09-15 11:15:57.079,117,2026/09/15,10:40,3030,3030,3027,3029,120400
2026-09-15 11:15:57.112,118,2026/09/15,10:45,3029,3030,3026,3029,126100
2026-09-15 11:15:57.215,119,2026/09/15,10:50,3029,3029,3026,3027,98900
2026-09-15 11:15:57.285,120,2026/09/15,10:55,3027,3027,3020,3022,174700
2026-09-15 11:15:57.330,121,2026/09/15,11:00,3022,3022,3019,3020,128100
2026-09-15 11:15:57.383,122,2026/09/15,11:05,3020,3022,3019,3020,191500
2026-09-15 11:15:57.431,123,2026/09/15,11:10,3020,3021,3019,3020,85700
2026-09-15 11:15:57.474,124,2026/09/15,11:15,3021,3021,3019,3020,23200
2026-09-15 11:15:57.868,115,2026/09/15,10:30,3029,3032,3027,3029,170400
2026-09-15 11:15:57.921,116,2026/09/15,10:35,3029,3030,3028,3030,126300
2026-09-15 11:15:57.958,117,2026/09/15,10:40,3030,3030,3027,3029,120400
2026-09-15 11:15:57.999,118,2026/09/15,10:45,3029,3030,3026,3029,126100
2026-09-15 11:15:58.035,119,2026/09/15,10:50,3029,3029,3026,3027,98900
2026-09-15 11:15:58.071,120,2026/09/15,10:55,3027,3027,3020,3022,174700
2026-09-15 11:15:58.106,121,2026/09/15,11:00,3022,3022,3019,3020,128100
2026-09-15 11:15:58.142,122,2026/09/15,11:05,3020,3022,3019,3020,191500
2026-09-15 11:15:58.180,123,2026/09/15,11:10,3020,3021,3019,3020,85700
2026-09-15 11:15:58.216,124,2026/09/15,11:15,3021,3021,3019,3020,23900
2026-09-15 11:15:58.588,115,2026/09/15,10:30,3029,3032,3027,3029,170400
2026-09-15 11:15:58.621,116,2026/09/15,10:35,3029,3030,3028,3030,126300
2026-09-15 11:15:58.652,117,2026/09/15,10:40,3030,3030,3027,3029,120400
2026-09-15 11:15:58.684,118,2026/09/15,10:45,3029,3030,3026,3029,126100
2026-09-15 11:15:58.717,119,2026/09/15,10:50,3029,3029,3026,3027,98900
2026-09-15 11:15:58.748,120,2026/09/15,10:55,3027,3027,3020,3022,174700
2026-09-15 11:15:58.779,121,2026/09/15,11:00,3022,3022,3019,3020,128100
2026-09-15 11:15:58.810,122,2026/09/15,11:05,3020,3022,3019,3020,191500
2026-09-15 11:15:58.840,123,2026/09/15,11:10,3020,3021,3019,3020,85700
2026-09-15 11:15:58.872,124,2026/09/15,11:15,3021,3021,3019,3020,23900
2026-09-15 11:15:59.235,115,2026/09/15,10:30,3029,3032,3027,3029,170400
2026-09-15 11:15:59.267,116,2026/09/15,10:35,3029,3030,3028,3030,126300
2026-09-15 11:15:59.295,117,2026/09/15,10:40,3030,3030,3027,3029,120400
2026-09-15 11:15:59.324,118,2026/09/15,10:45,3029,3030,3026,3029,126100
2026-09-15 11:15:59.352,119,2026/09/15,10:50,3029,3029,3026,3027,98900
2026-09-15 11:15:59.488,120,2026/09/15,10:55,3027,3027,3020,3022,174700
2026-09-15 11:15:59.517,121,2026/09/15,11:00,3022,3022,3019,3020,128100
2026-09-15 11:15:59.546,122,2026/09/15,11:05,3020,3022,3019,3020,191500
2026-09-15 11:15:59.576,123,2026/09/15,11:10,3020,3021,3019,3020,85700
2026-09-15 11:15:59.604,124,2026/09/15,11:15,3021,3021,3019,3020,25500
2026-09-15 11:15:59.968,115,2026/09/15,10:30,3029,3032,3027,3029,170400
2026-09-15 11:15:59.996,116,2026/09/15,10:35,3029,3030,3028,3030,126300
2026-09-15 11:16:00.025,117,2026/09/15,10:40,3030,3030,3027,3029,120400
2026-09-15 11:16:00.056,118,2026/09/15,10:45,3029,3030,3026,3029,126100
2026-09-15 11:16:00.085,119,2026/09/15,10:50,3029,3029,3026,3027,98900
2026-09-15 11:16:00.115,120,2026/09/15,10:55,3027,3027,3020,3022,174700
2026-09-15 11:16:00.144,121,2026/09/15,11:00,3022,3022,3019,3020,128100
2026-09-15 11:16:00.175,122,2026/09/15,11:05,3020,3022,3019,3020,191500
2026-09-15 11:16:00.204,123,2026/09/15,11:10,3020,3021,3019,3020,85700
2026-09-15 11:16:00.236,124,2026/09/15,11:15,3021,3021,3019,3020,25500
2026-09-15 11:16:00.602,115,2026/09/15,10:30,3029,3032,3027,3029,170400
2026-09-15 11:16:00.632,116,2026/09/15,10:35,3029,3030,3028,3030,126300
2026-09-15 11:16:00.660,117,2026/09/15,10:40,3030,3030,3027,3029,120400
2026-09-15 11:16:00.688,118,2026/09/15,10:45,3029,3030,3026,3029,126100
2026-09-15 11:16:00.718,119,2026/09/15,10:50,3029,3029,3026,3027,98900
2026-09-15 11:16:00.744,120,2026/09/15,10:55,3027,3027,3020,3022,174700
2026-09-15 11:16:00.771,121,2026/09/15,11:00,3022,3022,3019,3020,128100
2026-09-15 11:16:00.800,122,2026/09/15,11:05,3020,3022,3019,3020,191500
2026-09-15 11:16:00.828,123,2026/09/15,11:10,3020,3021,3019,3020,85700
2026-09-15 11:16:00.962,124,2026/09/15,11:15,3021,3021,3019,3020,25600
2026-09-15 11:16:01.325,115,2026/09/15,10:30,3029,3032,3027,3029,170400
2026-09-15 11:16:01.353,116,2026/09/15,10:35,3029,3030,3028,3030,126300
2026-09-15 11:16:01.381,117,2026/09/15,10:40,3030,3030,3027,3029,120400
2026-09-15 11:16:01.412,118,2026/09/15,10:45,3029,3030,3026,3029,126100
2026-09-15 11:16:01.442,119,2026/09/15,10:50,3029,3029,3026,3027,98900
2026-09-15 11:16:01.473,120,2026/09/15,10:55,3027,3027,3020,3022,174700
2026-09-15 11:16:01.506,121,2026/09/15,11:00,3022,3022,3019,3020,128100
2026-09-15 11:16:01.537,122,2026/09/15,11:05,3020,3022,3019,3020,191500
2026-09-15 11:16:01.570,123,2026/09/15,11:10,3020,3021,3019,3020,85700
2026-09-15 11:16:01.602,124,2026/09/15,11:15,3021,3021,3019,3020,25600
2026-09-15 11:16:01.963,115,2026/09/15,10:30,3029,3032,3027,3029,170400
2026-09-15 11:16:01.991,116,2026/09/15,10:35,3029,3030,3028,3030,126300
2026-09-15 11:16:02.019,117,2026/09/15,10:40,3030,3030,3027,3029,120400
2026-09-15 11:16:02.048,118,2026/09/15,10:45,3029,3030,3026,3029,126100
2026-09-15 11:16:02.076,119,2026/09/15,10:50,3029,3029,3026,3027,98900
2026-09-15 11:16:02.105,120,2026/09/15,10:55,3027,3027,3020,3022,174700
2026-09-15 11:16:02.135,121,2026/09/15,11:00,3022,3022,3019,3020,128100
2026-09-15 11:16:02.164,122,2026/09/15,11:05,3020,3022,3019,3020,191500
2026-09-15 11:16:02.196,123,2026/09/15,11:10,3020,3021,3019,3020,85700
2026-09-15 11:16:02.227,124,2026/09/15,11:15,3021,3021,3019,3020,26000
2026-09-15 11:16:02.589,115,2026/09/15,10:30,3029,3032,3027,3029,170400
2026-09-15 11:16:02.619,116,2026/09/15,10:35,3029,3030,3028,3030,126300
2026-09-15 11:16:02.649,117,2026/09/15,10:40,3030,3030,3027,3029,120400
2026-09-15 11:16:02.778,118,2026/09/15,10:45,3029,3030,3026,3029,126100
2026-09-15 11:16:02.805,119,2026/09/15,10:50,3029,3029,3026,3027,98900
2026-09-15 11:16:02.832,120,2026/09/15,10:55,3027,3027,3020,3022,174700
2026-09-15 11:16:02.862,121,2026/09/15,11:00,3022,3022,3019,3020,128100
2026-09-15 11:16:02.892,122,2026/09/15,11:05,3020,3022,3019,3020,191500
2026-09-15 11:16:02.923,123,2026/09/15,11:10,3020,3021,3019,3020,85700
2026-09-15 11:16:02.961,124,2026/09/15,11:15,3021,3021,3019,3020,26000
2026-09-15 11:16:03.364,115,2026/09/15,10:30,3029,3032,3027,3029,170400
2026-09-15 11:16:03.412,116,2026/09/15,10:35,3029,3030,3028,3030,126300
2026-09-15 11:16:03.459,117,2026/09/15,10:40,3030,3030,3027,3029,120400
2026-09-15 11:16:03.497,118,2026/09/15,10:45,3029,3030,3026,3029,126100
2026-09-15 11:16:03.530,119,2026/09/15,10:50,3029,3029,3026,3027,98900
2026-09-15 11:16:03.566,120,2026/09/15,10:55,3027,3027,3020,3022,174700
2026-09-15 11:16:03.606,121,2026/09/15,11:00,3022,3022,3019,3020,128100
2026-09-15 11:16:03.649,122,2026/09/15,11:05,3020,3022,3019,3020,191500
2026-09-15 11:16:03.693,123,2026/09/15,11:10,3020,3021,3019,3020,85700
2026-09-15 11:16:03.727,124,2026/09/15,11:15,3021,3021,3019,3020,26000
2026-09-15 11:16:04.138,115,2026/09/15,10:30,3029,3032,3027,3029,170400
2026-09-15 11:16:04.180,116,2026/09/15,10:35,3029,3030,3028,3030,126300
2026-09-15 11:16:04.219,117,2026/09/15,10:40,3030,3030,3027,3029,120400
2026-09-15 11:16:04.253,118,2026/09/15,10:45,3029,3030,3026,3029,126100
2026-09-15 11:16:04.286,119,2026/09/15,10:50,3029,3029,3026,3027,98900
2026-09-15 11:16:04.318,120,2026/09/15,10:55,3027,3027,3020,3022,174700
2026-09-15 11:16:04.350,121,2026/09/15,11:00,3022,3022,3019,3020,128100
2026-09-15 11:16:04.599,122,2026/09/15,11:05,3020,3022,3019,3020,191500
2026-09-15 11:16:04.649,123,2026/09/15,11:10,3020,3021,3019,3020,85700
2026-09-15 11:16:04.697,124,2026/09/15,11:15,3021,3021,3019,3020,26000
2026-09-15 11:16:05.117,115,2026/09/15,10:30,3029,3032,3027,3029,170400
2026-09-15 11:16:05.148,116,2026/09/15,10:35,3029,3030,3028,3030,126300
2026-09-15 11:16:05.182,117,2026/09/15,10:40,3030,3030,3027,3029,120400
2026-09-15 11:16:05.220,118,2026/09/15,10:45,3029,3030,3026,3029,126100
2026-09-15 11:16:05.263,119,2026/09/15,10:50,3029,3029,3026,3027,98900
2026-09-15 11:16:05.310,120,2026/09/15,10:55,3027,3027,3020,3022,174700
2026-09-15 11:16:05.351,121,2026/09/15,11:00,3022,3022,3019,3020,128100
2026-09-15 11:16:05.392,122,2026/09/15,11:05,3020,3022,3019,3020,191500
2026-09-15 11:16:05.424,123,2026/09/15,11:10,3020,3021,3019,3020,85700
2026-09-15 11:16:05.467,124,2026/09/15,11:15,3021,3021,3019,3020,26000
2026-09-15 11:16:05.864,115,2026/09/15,10:30,3029,3032,3027,3029,170400
2026-09-15 11:16:05.896,116,2026/09/15,10:35,3029,3030,3028,3030,126300
2026-09-15 11:16:05.929,117,2026/09/15,10:40,3030,3030,3027,3029,120400
2026-09-15 11:16:05.961,118,2026/09/15,10:45,3029,3030,3026,3029,126100
2026-09-15 11:16:05.992,119,2026/09/15,10:50,3029,3029,3026,3027,98900
2026-09-15 11:16:06.023,120,2026/09/15,10:55,3027,3027,3020,3022,174700
2026-09-15 11:16:06.055,121,2026/09/15,11:00,3022,3022,3019,3020,128100
2026-09-15 11:16:06.087,122,2026/09/15,11:05,3020,3022,3019,3020,191500
2026-09-15 11:16:06.118,123,2026/09/15,11:10,3020,3021,3019,3020,85700
2026-09-15 11:16:06.147,124,2026/09/15,11:15,3021,3021,3019,3020,26000
2026-09-15 11:16:06.523,115,2026/09/15,10:30,3029,3032,3027,3029,170400
2026-09-15 11:16:06.645,116,2026/09/15,10:35,3029,3030,3028,3030,126300
2026-09-15 11:16:06.673,117,2026/09/15,10:40,3030,3030,3027,3029,120400
2026-09-15 11:16:06.700,118,2026/09/15,10:45,3029,3030,3026,3029,126100
2026-09-15 11:16:06.726,119,2026/09/15,10:50,3029,3029,3026,3027,98900
2026-09-15 11:16:06.753,120,2026/09/15,10:55,3027,3027,3020,3022,174700
2026-09-15 11:16:06.781,121,2026/09/15,11:00,3022,3022,3019,3020,128100
2026-09-15 11:16:06.808,122,2026/09/15,11:05,3020,3022,3019,3020,191500
2026-09-15 11:16:06.834,123,2026/09/15,11:10,3020,3021,3019,3020,85700
2026-09-15 11:16:06.862,124,2026/09/15,11:15,3021,3021,3019,3020,26000
2026-09-15 11:16:07.223,115,2026/09/15,10:30,3029,3032,3027,3029,170400
2026-09-15 11:16:07.248,116,2026/09/15,10:35,3029,3030,3028,3030,126300
2026-09-15 11:16:07.274,117,2026/09/15,10:40,3030,3030,3027,3029,120400
2026-09-15 11:16:07.299,118,2026/09/15,10:45,3029,3030,3026,3029,126100
2026-09-15 11:16:07.325,119,2026/09/15,10:50,3029,3029,3026,3027,98900
2026-09-15 11:16:07.351,120,2026/09/15,10:55,3027,3027,3020,3022,174700
2026-09-15 11:16:07.377,121,2026/09/15,11:00,3022,3022,3019,3020,128100
2026-09-15 11:16:07.404,122,2026/09/15,11:05,3020,3022,3019,3020,191500
2026-09-15 11:16:07.430,123,2026/09/15,11:10,3020,3021,3019,3020,85700
2026-09-15 11:16:07.457,124,2026/09/15,11:15,3021,3021,3019,3020,26400
2026-09-15 11:16:07.817,115,2026/09/15,10:30,3029,3032,3027,3029,170400
2026-09-15 11:16:07.841,116,2026/09/15,10:35,3029,3030,3028,3030,126300
2026-09-15 11:16:07.865,117,2026/09/15,10:40,3030,3030,3027,3029,120400
2026-09-15 11:16:07.889,118,2026/09/15,10:45,3029,3030,3026,3029,126100
2026-09-15 11:16:07.914,119,2026/09/15,10:50,3029,3029,3026,3027,98900
2026-09-15 11:16:08.028,120,2026/09/15,10:55,3027,3027,3020,3022,174700
2026-09-15 11:16:08.053,121,2026/09/15,11:00,3022,3022,3019,3020,128100
2026-09-15 11:16:08.080,122,2026/09/15,11:05,3020,3022,3019,3020,191500
2026-09-15 11:16:08.106,123,2026/09/15,11:10,3020,3021,3019,3020,85700
2026-09-15 11:16:08.131,124,2026/09/15,11:15,3021,3021,3019,3020,26400
2026-09-15 11:16:08.475,115,2026/09/15,10:30,3029,3032,3027,3029,170400
2026-09-15 11:16:08.501,116,2026/09/15,10:35,3029,3030,3028,3030,126300
2026-09-15 11:16:08.529,117,2026/09/15,10:40,3030,3030,3027,3029,120400
2026-09-15 11:16:08.559,118,2026/09/15,10:45,3029,3030,3026,3029,126100
2026-09-15 11:16:08.585,119,2026/09/15,10:50,3029,3029,3026,3027,98900
2026-09-15 11:16:08.612,120,2026/09/15,10:55,3027,3027,3020,3022,174700
2026-09-15 11:16:08.639,121,2026/09/15,11:00,3022,3022,3019,3020,128100
2026-09-15 11:16:08.666,122,2026/09/15,11:05,3020,3022,3019,3020,191500
2026-09-15 11:16:08.693,123,2026/09/15,11:10,3020,3021,3019,3020,85700
2026-09-15 11:16:08.721,124,2026/09/15,11:15,3021,3021,3019,3020,26400
2026-09-15 11:16:09.070,115,2026/09/15,10:30,3029,3032,3027,3029,170400
2026-09-15 11:16:09.099,116,2026/09/15,10:35,3029,3030,3028,3030,126300
2026-09-15 11:16:09.125,117,2026/09/15,10:40,3030,3030,3027,3029,120400
2026-09-15 11:16:09.151,118,2026/09/15,10:45,3029,3030,3026,3029,126100
2026-09-15 11:16:09.178,119,2026/09/15,10:50,3029,3029,3026,3027,98900
2026-09-15 11:16:09.204,120,2026/09/15,10:55,3027,3027,3020,3022,174700
2026-09-15 11:16:09.232,121,2026/09/15,11:00,3022,3022,3019,3020,128100
2026-09-15 11:16:09.258,122,2026/09/15,11:05,3020,3022,3019,3020,191500
2026-09-15 11:16:09.284,123,2026/09/15,11:10,3020,3021,3019,3020,85700
2026-09-15 11:16:09.408,124,2026/09/15,11:15,3021,3021,3019,3020,38700
2026-09-15 11:16:09.769,115,2026/09/15,10:30,3029,3032,3027,3029,170400
2026-09-15 11:16:09.795,116,2026/09/15,10:35,3029,3030,3028,3030,126300
2026-09-15 11:16:09.820,117,2026/09/15,10:40,3030,3030,3027,3029,120400
2026-09-15 11:16:09.846,118,2026/09/15,10:45,3029,3030,3026,3029,126100
2026-09-15 11:16:09.872,119,2026/09/15,10:50,3029,3029,3026,3027,98900
2026-09-15 11:16:09.898,120,2026/09/15,10:55,3027,3027,3020,3022,174700
2026-09-15 11:16:09.924,121,2026/09/15,11:00,3022,3022,3019,3020,128100
2026-09-15 11:16:09.951,122,2026/09/15,11:05,3020,3022,3019,3020,191500
2026-09-15 11:16:09.979,123,2026/09/15,11:10,3020,3021,3019,3020,85700
2026-09-15 11:16:10.004,124,2026/09/15,11:15,3021,3021,3019,3020,38700
2026-09-15 11:16:10.362,115,2026/09/15,10:30,3029,3032,3027,3029,170400
2026-09-15 11:16:10.386,116,2026/09/15,10:35,3029,3030,3028,3030,126300
2026-09-15 11:16:10.411,117,2026/09/15,10:40,3030,3030,3027,3029,120400
2026-09-15 11:16:10.436,118,2026/09/15,10:45,3029,3030,3026,3029,126100
2026-09-15 11:16:10.462,119,2026/09/15,10:50,3029,3029,3026,3027,98900
2026-09-15 11:16:10.487,120,2026/09/15,10:55,3027,3027,3020,3022,174700
2026-09-15 11:16:10.513,121,2026/09/15,11:00,3022,3022,3019,3020,128100
2026-09-15 11:16:10.540,122,2026/09/15,11:05,3020,3022,3019,3020,191500
2026-09-15 11:16:10.567,123,2026/09/15,11:10,3020,3021,3019,3020,85700
2026-09-15 11:16:10.593,124,2026/09/15,11:15,3021,3021,3019,3020,38700
2026-09-15 11:16:10.936,115,2026/09/15,10:30,3029,3032,3027,3029,170400
2026-09-15 11:16:10.960,116,2026/09/15,10:35,3029,3030,3028,3030,126300
2026-09-15 11:16:10.986,117,2026/09/15,10:40,3030,3030,3027,3029,120400
2026-09-15 11:16:11.110,118,2026/09/15,10:45,3029,3030,3026,3029,126100
2026-09-15 11:16:11.136,119,2026/09/15,10:50,3029,3029,3026,3027,98900
2026-09-15 11:16:11.164,120,2026/09/15,10:55,3027,3027,3020,3022,174700
2026-09-15 11:16:11.192,121,2026/09/15,11:00,3022,3022,3019,3020,128100
2026-09-15 11:16:11.218,122,2026/09/15,11:05,3020,3022,3019,3020,191500
2026-09-15 11:16:11.245,123,2026/09/15,11:10,3020,3021,3019,3020,85700
2026-09-15 11:16:11.270,124,2026/09/15,11:15,3021,3021,3019,3020,38700
2026-09-15 11:16:11.621,115,2026/09/15,10:30,3029,3032,3027,3029,170400
2026-09-15 11:16:11.646,116,2026/09/15,10:35,3029,3030,3028,3030,126300
2026-09-15 11:16:11.673,117,2026/09/15,10:40,3030,3030,3027,3029,120400
2026-09-15 11:16:11.698,118,2026/09/15,10:45,3029,3030,3026,3029,126100
2026-09-15 11:16:11.723,119,2026/09/15,10:50,3029,3029,3026,3027,98900
2026-09-15 11:16:11.749,120,2026/09/15,10:55,3027,3027,3020,3022,174700
2026-09-15 11:16:11.777,121,2026/09/15,11:00,3022,3022,3019,3020,128100
2026-09-15 11:16:11.800,122,2026/09/15,11:05,3020,3022,3019,3020,191500
2026-09-15 11:16:11.827,123,2026/09/15,11:10,3020,3021,3019,3020,85700
2026-09-15 11:16:11.852,124,2026/09/15,11:15,3021,3021,3019,3020,38700
2026-09-15 11:16:12.196,115,2026/09/15,10:30,3029,3032,3027,3029,170400
2026-09-15 11:16:12.220,116,2026/09/15,10:35,3029,3030,3028,3030,126300
2026-09-15 11:16:12.246,117,2026/09/15,10:40,3030,3030,3027,3029,120400
2026-09-15 11:16:12.269,118,2026/09/15,10:45,3029,3030,3026,3029,126100
2026-09-15 11:16:12.296,119,2026/09/15,10:50,3029,3029,3026,3027,98900
2026-09-15 11:16:12.320,120,2026/09/15,10:55,3027,3027,3020,3022,174700
2026-09-15 11:16:12.346,121,2026/09/15,11:00,3022,3022,3019,3020,128100
2026-09-15 11:16:12.465,122,2026/09/15,11:05,3020,3022,3019,3020,191500
2026-09-15 11:16:12.491,123,2026/09/15,11:10,3020,3021,3019,3020,85700
2026-09-15 11:16:12.518,124,2026/09/15,11:15,3021,3021,3019,3020,38700
2026-09-15 11:16:12.867,115,2026/09/15,10:30,3029,3032,3027,3029,170400
2026-09-15 11:16:12.892,116,2026/09/15,10:35,3029,3030,3028,3030,126300
2026-09-15 11:16:12.917,117,2026/09/15,10:40,3030,3030,3027,3029,120400
2026-09-15 11:16:12.943,118,2026/09/15,10:45,3029,3030,3026,3029,126100
2026-09-15 11:16:12.968,119,2026/09/15,10:50,3029,3029,3026,3027,98900
2026-09-15 11:16:12.992,120,2026/09/15,10:55,3027,3027,3020,3022,174700
2026-09-15 11:16:13.017,121,2026/09/15,11:00,3022,3022,3019,3020,128100
2026-09-15 11:16:13.043,122,2026/09/15,11:05,3020,3022,3019,3020,191500
2026-09-15 11:16:13.068,123,2026/09/15,11:10,3020,3021,3019,3020,85700
2026-09-15 11:16:13.094,124,2026/09/15,11:15,3021,3021,3019,3020,38700
2026-09-15 11:16:13.446,115,2026/09/15,10:30,3029,3032,3027,3029,170400
2026-09-15 11:16:13.473,116,2026/09/15,10:35,3029,3030,3028,3030,126300
2026-09-15 11:16:13.496,117,2026/09/15,10:40,3030,3030,3027,3029,120400
2026-09-15 11:16:13.520,118,2026/09/15,10:45,3029,3030,3026,3029,126100
2026-09-15 11:16:13.547,119,2026/09/15,10:50,3029,3029,3026,3027,98900
2026-09-15 11:16:13.571,120,2026/09/15,10:55,3027,3027,3020,3022,174700
2026-09-15 11:16:13.598,121,2026/09/15,11:00,3022,3022,3019,3020,128100
2026-09-15 11:16:13.622,122,2026/09/15,11:05,3020,3022,3019,3020,191500
2026-09-15 11:16:13.648,123,2026/09/15,11:10,3020,3021,3019,3020,85700
2026-09-15 11:16:13.674,124,2026/09/15,11:15,3021,3021,3019,3020,38700
2026-09-15 11:16:14.025,115,2026/09/15,10:30,3029,3032,3027,3029,170400
2026-09-15 11:16:14.145,116,2026/09/15,10:35,3029,3030,3028,3030,126300
2026-09-15 11:16:14.170,117,2026/09/15,10:40,3030,3030,3027,3029,120400
2026-09-15 11:16:14.196,118,2026/09/15,10:45,3029,3030,3026,3029,126100
2026-09-15 11:16:14.223,119,2026/09/15,10:50,3029,3029,3026,3027,98900
2026-09-15 11:16:14.249,120,2026/09/15,10:55,3027,3027,3020,3022,174700
2026-09-15 11:16:14.274,121,2026/09/15,11:00,3022,3022,3019,3020,128100
2026-09-15 11:16:14.301,122,2026/09/15,11:05,3020,3022,3019,3020,191500
2026-09-15 11:16:14.327,123,2026/09/15,11:10,3020,3021,3019,3020,85700
2026-09-15 11:16:14.353,124,2026/09/15,11:15,3021,3021,3019,3020,38700
2026-09-15 11:16:14.713,115,2026/09/15,10:30,3029,3032,3027,3029,170400
2026-09-15 11:16:14.738,116,2026/09/15,10:35,3029,3030,3028,3030,126300
2026-09-15 11:16:14.765,117,2026/09/15,10:40,3030,3030,3027,3029,120400
2026-09-15 11:16:14.792,118,2026/09/15,10:45,3029,3030,3026,3029,126100
2026-09-15 11:16:14.818,119,2026/09/15,10:50,3029,3029,3026,3027,98900
2026-09-15 11:16:14.845,120,2026/09/15,10:55,3027,3027,3020,3022,174700
2026-09-15 11:16:14.872,121,2026/09/15,11:00,3022,3022,3019,3020,128100
2026-09-15 11:16:14.899,122,2026/09/15,11:05,3020,3022,3019,3020,191500
2026-09-15 11:16:14.924,123,2026/09/15,11:10,3020,3021,3019,3020,85700
2026-09-15 11:16:14.953,124,2026/09/15,11:15,3021,3021,3019,3020,38700
2026-09-15 11:16:15.301,115,2026/09/15,10:30,3029,3032,3027,3029,170400
2026-09-15 11:16:15.324,116,2026/09/15,10:35,3029,3030,3028,3030,126300
2026-09-15 11:16:15.349,117,2026/09/15,10:40,3030,3030,3027,3029,120400
2026-09-15 11:16:15.374,118,2026/09/15,10:45,3029,3030,3026,3029,126100
2026-09-15 11:16:15.400,119,2026/09/15,10:50,3029,3029,3026,3027,98900
2026-09-15 11:16:15.515,120,2026/09/15,10:55,3027,3027,3020,3022,174700
2026-09-15 11:16:15.542,121,2026/09/15,11:00,3022,3022,3019,3020,128100
2026-09-15 11:16:15.567,122,2026/09/15,11:05,3020,3022,3019,3020,191500
2026-09-15 11:16:15.596,123,2026/09/15,11:10,3020,3021,3019,3020,85700
2026-09-15 11:16:15.624,124,2026/09/15,11:15,3021,3021,3019,3020,38700
2026-09-15 11:16:15.977,115,2026/09/15,10:30,3029,3032,3027,3029,170400
2026-09-15 11:16:16.002,116,2026/09/15,10:35,3029,3030,3028,3030,126300
2026-09-15 11:16:16.026,117,2026/09/15,10:40,3030,3030,3027,3029,120400
2026-09-15 11:16:16.052,118,2026/09/15,10:45,3029,3030,3026,3029,126100
2026-09-15 11:16:16.076,119,2026/09/15,10:50,3029,3029,3026,3027,98900
2026-09-15 11:16:16.101,120,2026/09/15,10:55,3027,3027,3020,3022,174700
2026-09-15 11:16:16.127,121,2026/09/15,11:00,3022,3022,3019,3020,128100
2026-09-15 11:16:16.152,122,2026/09/15,11:05,3020,3022,3019,3020,191500
2026-09-15 11:16:16.177,123,2026/09/15,11:10,3020,3021,3019,3020,85700
2026-09-15 11:16:16.202,124,2026/09/15,11:15,3021,3021,3019,3020,38700
2026-09-15 11:16:16.554,115,2026/09/15,10:30,3029,3032,3027,3029,170400
2026-09-15 11:16:16.579,116,2026/09/15,10:35,3029,3030,3028,3030,126300
2026-09-15 11:16:16.606,117,2026/09/15,10:40,3030,3030,3027,3029,120400
2026-09-15 11:16:16.631,118,2026/09/15,10:45,3029,3030,3026,3029,126100
2026-09-15 11:16:16.658,119,2026/09/15,10:50,3029,3029,3026,3027,98900
2026-09-15 11:16:16.684,120,2026/09/15,10:55,3027,3027,3020,3022,174700
2026-09-15 11:16:16.709,121,2026/09/15,11:00,3022,3022,3019,3020,128100
2026-09-15 11:16:16.736,122,2026/09/15,11:05,3020,3022,3019,3020,191500
2026-09-15 11:16:16.763,123,2026/09/15,11:10,3020,3021,3019,3020,85700
2026-09-15 11:16:16.885,124,2026/09/15,11:15,3021,3021,3019,3020,38700
2026-09-15 11:16:17.242,115,2026/09/15,10:30,3029,3032,3027,3029,170400
2026-09-15 11:16:17.266,116,2026/09/15,10:35,3029,3030,3028,3030,126300
2026-09-15 11:16:17.292,117,2026/09/15,10:40,3030,3030,3027,3029,120400
2026-09-15 11:16:17.315,118,2026/09/15,10:45,3029,3030,3026,3029,126100
2026-09-15 11:16:17.342,119,2026/09/15,10:50,3029,3029,3026,3027,98900
2026-09-15 11:16:17.365,120,2026/09/15,10:55,3027,3027,3020,3022,174700
2026-09-15 11:16:17.391,121,2026/09/15,11:00,3022,3022,3019,3020,128100
2026-09-15 11:16:17.416,122,2026/09/15,11:05,3020,3022,3019,3020,191500
2026-09-15 11:16:17.442,123,2026/09/15,11:10,3020,3021,3019,3020,85700
2026-09-15 11:16:17.468,124,2026/09/15,11:15,3021,3021,3019,3020,38700
2026-09-15 11:16:17.815,115,2026/09/15,10:30,3029,3032,3027,3029,170400
2026-09-15 11:16:17.840,116,2026/09/15,10:35,3029,3030,3028,3030,126300
2026-09-15 11:16:17.865,117,2026/09/15,10:40,3030,3030,3027,3029,120400
2026-09-15 11:16:17.891,118,2026/09/15,10:45,3029,3030,3026,3029,126100
2026-09-15 11:16:17.916,119,2026/09/15,10:50,3029,3029,3026,3027,98900
2026-09-15 11:16:17.940,120,2026/09/15,10:55,3027,3027,3020,3022,174700
2026-09-15 11:16:17.966,121,2026/09/15,11:00,3022,3022,3019,3020,128100
2026-09-15 11:16:17.990,122,2026/09/15,11:05,3020,3022,3019,3020,191500
2026-09-15 11:16:18.015,123,2026/09/15,11:10,3020,3021,3019,3020,85700
2026-09-15 11:16:18.040,124,2026/09/15,11:15,3021,3021,3019,3020,38700
2026-09-15 11:16:18.366,115,2026/09/15,10:30,3029,3032,3027,3029,170400
2026-09-15 11:16:18.390,116,2026/09/15,10:35,3029,3030,3028,3030,126300
2026-09-15 11:16:18.415,117,2026/09/15,10:40,3030,3030,3027,3029,120400
2026-09-15 11:16:18.536,118,2026/09/15,10:45,3029,3030,3026,3029,126100
2026-09-15 11:16:18.562,119,2026/09/15,10:50,3029,3029,3026,3027,98900
2026-09-15 11:16:18.588,120,2026/09/15,10:55,3027,3027,3020,3022,174700
2026-09-15 11:16:18.614,121,2026/09/15,11:00,3022,3022,3019,3020,128100
2026-09-15 11:16:18.640,122,2026/09/15,11:05,3020,3022,3019,3020,191500
2026-09-15 11:16:18.668,123,2026/09/15,11:10,3020,3021,3019,3020,85700
2026-09-15 11:16:18.693,124,2026/09/15,11:15,3021,3021,3019,3020,38700
2026-09-15 11:16:19.052,115,2026/09/15,10:30,3029,3032,3027,3029,170400
2026-09-15 11:16:19.077,116,2026/09/15,10:35,3029,3030,3028,3030,126300
2026-09-15 11:16:19.103,117,2026/09/15,10:40,3030,3030,3027,3029,120400
2026-09-15 11:16:19.128,118,2026/09/15,10:45,3029,3030,3026,3029,126100
2026-09-15 11:16:19.153,119,2026/09/15,10:50,3029,3029,3026,3027,98900
2026-09-15 11:16:19.178,120,2026/09/15,10:55,3027,3027,3020,3022,174700
2026-09-15 11:16:19.203,121,2026/09/15,11:00,3022,3022,3019,3020,128100
2026-09-15 11:16:19.229,122,2026/09/15,11:05,3020,3022,3019,3020,191500
2026-09-15 11:16:19.254,123,2026/09/15,11:10,3020,3021,3019,3020,85700
2026-09-15 11:16:19.280,124,2026/09/15,11:15,3021,3021,3019,3020,38700
2026-09-15 11:16:19.629,115,2026/09/15,10:30,3029,3032,3027,3029,170400
2026-09-15 11:16:19.653,116,2026/09/15,10:35,3029,3030,3028,3030,126300
2026-09-15 11:16:19.680,117,2026/09/15,10:40,3030,3030,3027,3029,120400
2026-09-15 11:16:19.704,118,2026/09/15,10:45,3029,3030,3026,3029,126100
2026-09-15 11:16:19.731,119,2026/09/15,10:50,3029,3029,3026,3027,98900
2026-09-15 11:16:19.757,120,2026/09/15,10:55,3027,3027,3020,3022,174700
2026-09-15 11:16:19.783,121,2026/09/15,11:00,3022,3022,3019,3020,128100
2026-09-15 11:16:19.905,122,2026/09/15,11:05,3020,3022,3019,3020,191500
2026-09-15 11:16:19.931,123,2026/09/15,11:10,3020,3021,3019,3020,85700
2026-09-15 11:16:19.958,124,2026/09/15,11:15,3021,3021,3019,3021,38900
2026-09-15 11:16:20.315,115,2026/09/15,10:30,3029,3032,3027,3029,170400
2026-09-15 11:16:20.341,116,2026/09/15,10:35,3029,3030,3028,3030,126300
2026-09-15 11:16:20.365,117,2026/09/15,10:40,3030,3030,3027,3029,120400
2026-09-15 11:16:20.390,118,2026/09/15,10:45,3029,3030,3026,3029,126100
2026-09-15 11:16:20.415,119,2026/09/15,10:50,3029,3029,3026,3027,98900
2026-09-15 11:16:20.440,120,2026/09/15,10:55,3027,3027,3020,3022,174700
2026-09-15 11:16:20.467,121,2026/09/15,11:00,3022,3022,3019,3020,128100
2026-09-15 11:16:20.493,122,2026/09/15,11:05,3020,3022,3019,3020,191500
2026-09-15 11:16:20.518,123,2026/09/15,11:10,3020,3021,3019,3020,85700
2026-09-15 11:16:20.546,124,2026/09/15,11:15,3021,3021,3019,3021,38900
2026-09-15 11:16:20.890,115,2026/09/15,10:30,3029,3032,3027,3029,170400
2026-09-15 11:16:20.917,116,2026/09/15,10:35,3029,3030,3028,3030,126300
2026-09-15 11:16:20.941,117,2026/09/15,10:40,3030,3030,3027,3029,120400
2026-09-15 11:16:20.967,118,2026/09/15,10:45,3029,3030,3026,3029,126100
2026-09-15 11:16:20.993,119,2026/09/15,10:50,3029,3029,3026,3027,98900
2026-09-15 11:16:21.018,120,2026/09/15,10:55,3027,3027,3020,3022,174700
2026-09-15 11:16:21.046,121,2026/09/15,11:00,3022,3022,3019,3020,128100
2026-09-15 11:16:21.071,122,2026/09/15,11:05,3020,3022,3019,3020,191500
2026-09-15 11:16:21.096,123,2026/09/15,11:10,3020,3021,3019,3020,85700
2026-09-15 11:16:21.121,124,2026/09/15,11:15,3021,3021,3019,3021,38900
2026-09-15 11:16:21.470,115,2026/09/15,10:30,3029,3032,3027,3029,170400
2026-09-15 11:16:21.590,116,2026/09/15,10:35,3029,3030,3028,3030,126300
2026-09-15 11:16:21.614,117,2026/09/15,10:40,3030,3030,3027,3029,120400
2026-09-15 11:16:21.641,118,2026/09/15,10:45,3029,3030,3026,3029,126100
2026-09-15 11:16:21.666,119,2026/09/15,10:50,3029,3029,3026,3027,98900
2026-09-15 11:16:21.692,120,2026/09/15,10:55,3027,3027,3020,3022,174700
2026-09-15 11:16:21.718,121,2026/09/15,11:00,3022,3022,3019,3020,128100
2026-09-15 11:16:21.744,122,2026/09/15,11:05,3020,3022,3019,3020,191500
2026-09-15 11:16:21.769,123,2026/09/15,11:10,3020,3021,3019,3020,85700
2026-09-15 11:16:21.796,124,2026/09/15,11:15,3021,3021,3019,3021,39000
2026-09-15 11:16:22.147,115,2026/09/15,10:30,3029,3032,3027,3029,170400
2026-09-15 11:16:22.172,116,2026/09/15,10:35,3029,3030,3028,3030,126300
2026-09-15 11:16:22.196,117,2026/09/15,10:40,3030,3030,3027,3029,120400
2026-09-15 11:16:22.220,118,2026/09/15,10:45,3029,3030,3026,3029,126100
2026-09-15 11:16:22.245,119,2026/09/15,10:50,3029,3029,3026,3027,98900
2026-09-15 11:16:22.268,120,2026/09/15,10:55,3027,3027,3020,3022,174700
2026-09-15 11:16:22.295,121,2026/09/15,11:00,3022,3022,3019,3020,128100
2026-09-15 11:16:22.319,122,2026/09/15,11:05,3020,3022,3019,3020,191500
2026-09-15 11:16:22.345,123,2026/09/15,11:10,3020,3021,3019,3020,85700
2026-09-15 11:16:22.371,124,2026/09/15,11:15,3021,3021,3019,3021,39000
2026-09-15 11:16:22.725,115,2026/09/15,10:30,3029,3032,3027,3029,170400
2026-09-15 11:16:22.748,116,2026/09/15,10:35,3029,3030,3028,3030,126300
2026-09-15 11:16:22.773,117,2026/09/15,10:40,3030,3030,3027,3029,120400
2026-09-15 11:16:22.798,118,2026/09/15,10:45,3029,3030,3026,3029,126100
2026-09-15 11:16:22.824,119,2026/09/15,10:50,3029,3029,3026,3027,98900
2026-09-15 11:16:22.938,120,2026/09/15,10:55,3027,3027,3020,3022,174700
2026-09-15 11:16:22.964,121,2026/09/15,11:00,3022,3022,3019,3020,128100
2026-09-15 11:16:22.991,122,2026/09/15,11:05,3020,3022,3019,3020,191500
2026-09-15 11:16:23.016,123,2026/09/15,11:10,3020,3021,3019,3020,85700
2026-09-15 11:16:23.043,124,2026/09/15,11:15,3021,3021,3019,3021,39000
2026-09-15 11:16:23.397,115,2026/09/15,10:30,3029,3032,3027,3029,170400
2026-09-15 11:16:23.421,116,2026/09/15,10:35,3029,3030,3028,3030,126300
2026-09-15 11:16:23.445,117,2026/09/15,10:40,3030,3030,3027,3029,120400
2026-09-15 11:16:23.467,118,2026/09/15,10:45,3029,3030,3026,3029,126100
2026-09-15 11:16:23.493,119,2026/09/15,10:50,3029,3029,3026,3027,98900
2026-09-15 11:16:23.517,120,2026/09/15,10:55,3027,3027,3020,3022,174700
2026-09-15 11:16:23.541,121,2026/09/15,11:00,3022,3022,3019,3020,128100
2026-09-15 11:16:23.566,122,2026/09/15,11:05,3020,3022,3019,3020,191500
2026-09-15 11:16:23.590,123,2026/09/15,11:10,3020,3021,3019,3020,85700
2026-09-15 11:16:23.617,124,2026/09/15,11:15,3021,3021,3019,3021,39000
2026-09-15 11:16:23.961,115,2026/09/15,10:30,3029,3032,3027,3029,170400
2026-09-15 11:16:23.986,116,2026/09/15,10:35,3029,3030,3028,3030,126300
2026-09-15 11:16:24.012,117,2026/09/15,10:40,3030,3030,3027,3029,120400
2026-09-15 11:16:24.036,118,2026/09/15,10:45,3029,3030,3026,3029,126100
2026-09-15 11:16:24.063,119,2026/09/15,10:50,3029,3029,3026,3027,98900
2026-09-15 11:16:24.089,120,2026/09/15,10:55,3027,3027,3020,3022,174700
2026-09-15 11:16:24.115,121,2026/09/15,11:00,3022,3022,3019,3020,128100
2026-09-15 11:16:24.143,122,2026/09/15,11:05,3020,3022,3019,3020,191500
2026-09-15 11:16:24.169,123,2026/09/15,11:10,3020,3021,3019,3020,85700
2026-09-15 11:16:24.292,124,2026/09/15,11:15,3021,3021,3019,3021,39000
2026-09-15 11:16:24.645,115,2026/09/15,10:30,3029,3032,3027,3029,170400
2026-09-15 11:16:24.671,116,2026/09/15,10:35,3029,3030,3028,3030,126300
2026-09-15 11:16:24.697,117,2026/09/15,10:40,3030,3030,3027,3029,120400
2026-09-15 11:16:24.722,118,2026/09/15,10:45,3029,3030,3026,3029,126100
2026-09-15 11:16:24.748,119,2026/09/15,10:50,3029,3029,3026,3027,98900
2026-09-15 11:16:24.775,120,2026/09/15,10:55,3027,3027,3020,3022,174700
2026-09-15 11:16:24.800,121,2026/09/15,11:00,3022,3022,3019,3020,128100
2026-09-15 11:16:24.828,122,2026/09/15,11:05,3020,3022,3019,3020,191500
2026-09-15 11:16:24.852,123,2026/09/15,11:10,3020,3021,3019,3020,85700
2026-09-15 11:16:24.879,124,2026/09/15,11:15,3021,3021,3019,3021,39000
2026-09-15 11:16:25.224,115,2026/09/15,10:30,3029,3032,3027,3029,170400
2026-09-15 11:16:25.249,116,2026/09/15,10:35,3029,3030,3028,3030,126300
2026-09-15 11:16:25.274,117,2026/09/15,10:40,3030,3030,3027,3029,120400
2026-09-15 11:16:25.299,118,2026/09/15,10:45,3029,3030,3026,3029,126100
2026-09-15 11:16:25.326,119,2026/09/15,10:50,3029,3029,3026,3027,98900
2026-09-15 11:16:25.351,120,2026/09/15,10:55,3027,3027,3020,3022,174700
2026-09-15 11:16:25.378,121,2026/09/15,11:00,3022,3022,3019,3020,128100
2026-09-15 11:16:25.403,122,2026/09/15,11:05,3020,3022,3019,3020,191500
2026-09-15 11:16:25.428,123,2026/09/15,11:10,3020,3021,3019,3020,85700
2026-09-15 11:16:25.454,124,2026/09/15,11:15,3021,3021,3019,3021,39000
2026-09-15 11:16:25.804,115,2026/09/15,10:30,3029,3032,3027,3029,170400
2026-09-15 11:16:25.829,116,2026/09/15,10:35,3029,3030,3028,3030,126300
2026-09-15 11:16:25.854,117,2026/09/15,10:40,3030,3030,3027,3029,120400
2026-09-15 11:16:25.978,118,2026/09/15,10:45,3029,3030,3026,3029,126100
2026-09-15 11:16:26.004,119,2026/09/15,10:50,3029,3029,3026,3027,98900
2026-09-15 11:16:26.030,120,2026/09/15,10:55,3027,3027,3020,3022,174700
2026-09-15 11:16:26.055,121,2026/09/15,11:00,3022,3022,3019,3020,128100
2026-09-15 11:16:26.082,122,2026/09/15,11:05,3020,3022,3019,3020,191500
2026-09-15 11:16:26.109,123,2026/09/15,11:10,3020,3021,3019,3020,85700
2026-09-15 11:16:26.137,124,2026/09/15,11:15,3021,3021,3019,3021,39000
2026-09-15 11:16:26.494,115,2026/09/15,10:30,3029,3032,3027,3029,170400
2026-09-15 11:16:26.518,116,2026/09/15,10:35,3029,3030,3028,3030,126300
2026-09-15 11:16:26.544,117,2026/09/15,10:40,3030,3030,3027,3029,120400
2026-09-15 11:16:26.569,118,2026/09/15,10:45,3029,3030,3026,3029,126100
2026-09-15 11:16:26.593,119,2026/09/15,10:50,3029,3029,3026,3027,98900
2026-09-15 11:16:26.618,120,2026/09/15,10:55,3027,3027,3020,3022,174700
2026-09-15 11:16:26.644,121,2026/09/15,11:00,3022,3022,3019,3020,128100
2026-09-15 11:16:26.671,122,2026/09/15,11:05,3020,3022,3019,3020,191500
2026-09-15 11:16:26.696,123,2026/09/15,11:10,3020,3021,3019,3020,85700
2026-09-15 11:16:26.723,124,2026/09/15,11:15,3021,3021,3019,3020,39100
2026-09-15 11:16:27.072,115,2026/09/15,10:30,3029,3032,3027,3029,170400
2026-09-15 11:16:27.098,116,2026/09/15,10:35,3029,3030,3028,3030,126300
2026-09-15 11:16:27.124,117,2026/09/15,10:40,3030,3030,3027,3029,120400
2026-09-15 11:16:27.148,118,2026/09/15,10:45,3029,3030,3026,3029,126100
2026-09-15 11:16:27.174,119,2026/09/15,10:50,3029,3029,3026,3027,98900
2026-09-15 11:16:27.199,120,2026/09/15,10:55,3027,3027,3020,3022,174700
2026-09-15 11:16:27.225,121,2026/09/15,11:00,3022,3022,3019,3020,128100
2026-09-15 11:16:27.341,122,2026/09/15,11:05,3020,3022,3019,3020,191500
2026-09-15 11:16:27.367,123,2026/09/15,11:10,3020,3021,3019,3020,85700
2026-09-15 11:16:27.393,124,2026/09/15,11:15,3021,3021,3019,3020,39100
2026-09-15 11:16:27.739,115,2026/09/15,10:30,3029,3032,3027,3029,170400
2026-09-15 11:16:27.763,116,2026/09/15,10:35,3029,3030,3028,3030,126300
2026-09-15 11:16:27.787,117,2026/09/15,10:40,3030,3030,3027,3029,120400
2026-09-15 11:16:27.813,118,2026/09/15,10:45,3029,3030,3026,3029,126100
2026-09-15 11:16:27.837,119,2026/09/15,10:50,3029,3029,3026,3027,98900
2026-09-15 11:16:27.862,120,2026/09/15,10:55,3027,3027,3020,3022,174700
2026-09-15 11:16:27.888,121,2026/09/15,11:00,3022,3022,3019,3020,128100
2026-09-15 11:16:27.912,122,2026/09/15,11:05,3020,3022,3019,3020,191500
2026-09-15 11:16:27.938,123,2026/09/15,11:10,3020,3021,3019,3020,85700
2026-09-15 11:16:27.965,124,2026/09/15,11:15,3021,3021,3019,3020,39100
2026-09-15 11:16:28.318,115,2026/09/15,10:30,3029,3032,3027,3029,170400
2026-09-15 11:16:28.344,116,2026/09/15,10:35,3029,3030,3028,3030,126300
2026-09-15 11:16:28.366,117,2026/09/15,10:40,3030,3030,3027,3029,120400
2026-09-15 11:16:28.391,118,2026/09/15,10:45,3029,3030,3026,3029,126100
2026-09-15 11:16:28.416,119,2026/09/15,10:50,3029,3029,3026,3027,98900
2026-09-15 11:16:28.440,120,2026/09/15,10:55,3027,3027,3020,3022,174700
2026-09-15 11:16:28.464,121,2026/09/15,11:00,3022,3022,3019,3020,128100
2026-09-15 11:16:28.489,122,2026/09/15,11:05,3020,3022,3019,3020,191500
2026-09-15 11:16:28.515,123,2026/09/15,11:10,3020,3021,3019,3020,85700
2026-09-15 11:16:28.539,124,2026/09/15,11:15,3021,3021,3019,3020,39100
2026-09-15 11:16:28.884,115,2026/09/15,10:30,3029,3032,3027,3029,170400
2026-09-15 11:16:28.999,116,2026/09/15,10:35,3029,3030,3028,3030,126300
2026-09-15 11:16:29.024,117,2026/09/15,10:40,3030,3030,3027,3029,120400
2026-09-15 11:16:29.049,118,2026/09/15,10:45,3029,3030,3026,3029,126100
2026-09-15 11:16:29.074,119,2026/09/15,10:50,3029,3029,3026,3027,98900
2026-09-15 11:16:29.099,120,2026/09/15,10:55,3027,3027,3020,3022,174700
2026-09-15 11:16:29.125,121,2026/09/15,11:00,3022,3022,3019,3020,128100
2026-09-15 11:16:29.152,122,2026/09/15,11:05,3020,3022,3019,3020,191500
2026-09-15 11:16:29.179,123,2026/09/15,11:10,3020,3021,3019,3020,85700
2026-09-15 11:16:29.205,124,2026/09/15,11:15,3021,3021,3019,3020,39100
2026-09-15 11:16:29.558,115,2026/09/15,10:30,3029,3032,3027,3029,170400
2026-09-15 11:16:29.581,116,2026/09/15,10:35,3029,3030,3028,3030,126300
2026-09-15 11:16:29.606,117,2026/09/15,10:40,3030,3030,3027,3029,120400
2026-09-15 11:16:29.631,118,2026/09/15,10:45,3029,3030,3026,3029,126100
2026-09-15 11:16:29.657,119,2026/09/15,10:50,3029,3029,3026,3027,98900
2026-09-15 11:16:29.682,120,2026/09/15,10:55,3027,3027,3020,3022,174700
2026-09-15 11:16:29.706,121,2026/09/15,11:00,3022,3022,3019,3020,128100
2026-09-15 11:16:29.732,122,2026/09/15,11:05,3020,3022,3019,3020,191500
2026-09-15 11:16:29.755,123,2026/09/15,11:10,3020,3021,3019,3020,85700
2026-09-15 11:16:29.780,124,2026/09/15,11:15,3021,3021,3019,3020,39100
2026-09-15 11:16:30.123,115,2026/09/15,10:30,3029,3032,3027,3029,170400
2026-09-15 11:16:30.147,116,2026/09/15,10:35,3029,3030,3028,3030,126300
2026-09-15 11:16:30.171,117,2026/09/15,10:40,3030,3030,3027,3029,120400
2026-09-15 11:16:30.197,118,2026/09/15,10:45,3029,3030,3026,3029,126100
2026-09-15 11:16:30.221,119,2026/09/15,10:50,3029,3029,3026,3027,98900
2026-09-15 11:16:30.330,120,2026/09/15,10:55,3027,3027,3020,3022,174700
2026-09-15 11:16:30.356,121,2026/09/15,11:00,3022,3022,3019,3020,128100
2026-09-15 11:16:30.380,122,2026/09/15,11:05,3020,3022,3019,3020,191500
2026-09-15 11:16:30.405,123,2026/09/15,11:10,3020,3021,3019,3020,85700
2026-09-15 11:16:30.431,124,2026/09/15,11:15,3021,3021,3019,3020,39100
2026-09-15 11:16:30.779,115,2026/09/15,10:30,3029,3032,3027,3029,170400
2026-09-15 11:16:30.806,116,2026/09/15,10:35,3029,3030,3028,3030,126300
2026-09-15 11:16:30.832,117,2026/09/15,10:40,3030,3030,3027,3029,120400
2026-09-15 11:16:30.858,118,2026/09/15,10:45,3029,3030,3026,3029,126100
2026-09-15 11:16:30.882,119,2026/09/15,10:50,3029,3029,3026,3027,98900
2026-09-15 11:16:30.909,120,2026/09/15,10:55,3027,3027,3020,3022,174700
2026-09-15 11:16:30.934,121,2026/09/15,11:00,3022,3022,3019,3020,128100
2026-09-15 11:16:30.962,122,2026/09/15,11:05,3020,3022,3019,3020,191500
2026-09-15 11:16:30.989,123,2026/09/15,11:10,3020,3021,3019,3020,85700
2026-09-15 11:16:31.014,124,2026/09/15,11:15,3021,3021,3019,3020,39100
2026-09-15 11:16:31.374,115,2026/09/15,10:30,3029,3032,3027,3029,170400
2026-09-15 11:16:31.398,116,2026/09/15,10:35,3029,3030,3028,3030,126300
2026-09-15 11:16:31.425,117,2026/09/15,10:40,3030,3030,3027,3029,120400
2026-09-15 11:16:31.450,118,2026/09/15,10:45,3029,3030,3026,3029,126100
2026-09-15 11:16:31.476,119,2026/09/15,10:50,3029,3029,3026,3027,98900
2026-09-15 11:16:31.500,120,2026/09/15,10:55,3027,3027,3020,3022,174700
2026-09-15 11:16:31.525,121,2026/09/15,11:00,3022,3022,3019,3020,128100
2026-09-15 11:16:31.551,122,2026/09/15,11:05,3020,3022,3019,3020,191500
2026-09-15 11:16:31.577,123,2026/09/15,11:10,3020,3021,3019,3020,85700
2026-09-15 11:16:31.694,124,2026/09/15,11:15,3021,3021,3019,3020,39100
2026-09-15 11:16:32.044,115,2026/09/15,10:30,3029,3032,3027,3029,170400
2026-09-15 11:16:32.070,116,2026/09/15,10:35,3029,3030,3028,3030,126300
2026-09-15 11:16:32.095,117,2026/09/15,10:40,3030,3030,3027,3029,120400
2026-09-15 11:16:32.121,118,2026/09/15,10:45,3029,3030,3026,3029,126100
2026-09-15 11:16:32.147,119,2026/09/15,10:50,3029,3029,3026,3027,98900
2026-09-15 11:16:32.172,120,2026/09/15,10:55,3027,3027,3020,3022,174700
2026-09-15 11:16:32.197,121,2026/09/15,11:00,3022,3022,3019,3020,128100
2026-09-15 11:16:32.223,122,2026/09/15,11:05,3020,3022,3019,3020,191500
2026-09-15 11:16:32.251,123,2026/09/15,11:10,3020,3021,3019,3020,85700
2026-09-15 11:16:32.281,124,2026/09/15,11:15,3021,3021,3019,3020,39100
2026-09-15 11:16:32.641,115,2026/09/15,10:30,3029,3032,3027,3029,170400
2026-09-15 11:16:32.666,116,2026/09/15,10:35,3029,3030,3028,3030,126300
2026-09-15 11:16:32.691,117,2026/09/15,10:40,3030,3030,3027,3029,120400
2026-09-15 11:16:32.717,118,2026/09/15,10:45,3029,3030,3026,3029,126100
2026-09-15 11:16:32.744,119,2026/09/15,10:50,3029,3029,3026,3027,98900
2026-09-15 11:16:32.770,120,2026/09/15,10:55,3027,3027,3020,3022,174700
2026-09-15 11:16:32.796,121,2026/09/15,11:00,3022,3022,3019,3020,128100
2026-09-15 11:16:32.822,122,2026/09/15,11:05,3020,3022,3019,3020,191500
2026-09-15 11:16:32.846,123,2026/09/15,11:10,3020,3021,3019,3020,85700
2026-09-15 11:16:32.875,124,2026/09/15,11:15,3021,3021,3019,3020,39100
2026-09-15 11:16:33.232,115,2026/09/15,10:30,3029,3032,3027,3029,170400
2026-09-15 11:16:33.261,116,2026/09/15,10:35,3029,3030,3028,3030,126300
2026-09-15 11:16:33.285,117,2026/09/15,10:40,3030,3030,3027,3029,120400
2026-09-15 11:16:33.408,118,2026/09/15,10:45,3029,3030,3026,3029,126100
2026-09-15 11:16:33.434,119,2026/09/15,10:50,3029,3029,3026,3027,98900
2026-09-15 11:16:33.459,120,2026/09/15,10:55,3027,3027,3020,3022,174700
2026-09-15 11:16:33.484,121,2026/09/15,11:00,3022,3022,3019,3020,128100
2026-09-15 11:16:33.510,122,2026/09/15,11:05,3020,3022,3019,3020,191500
2026-09-15 11:16:33.536,123,2026/09/15,11:10,3020,3021,3019,3020,85700
2026-09-15 11:16:33.562,124,2026/09/15,11:15,3021,3021,3019,3021,39200
2026-09-15 11:16:33.922,115,2026/09/15,10:30,3029,3032,3027,3029,170400
2026-09-15 11:16:33.946,116,2026/09/15,10:35,3029,3030,3028,3030,126300
2026-09-15 11:16:33.970,117,2026/09/15,10:40,3030,3030,3027,3029,120400
2026-09-15 11:16:33.997,118,2026/09/15,10:45,3029,3030,3026,3029,126100
2026-09-15 11:16:34.022,119,2026/09/15,10:50,3029,3029,3026,3027,98900
2026-09-15 11:16:34.046,120,2026/09/15,10:55,3027,3027,3020,3022,174700
2026-09-15 11:16:34.070,121,2026/09/15,11:00,3022,3022,3019,3020,128100
2026-09-15 11:16:34.096,122,2026/09/15,11:05,3020,3022,3019,3020,191500
2026-09-15 11:16:34.121,123,2026/09/15,11:10,3020,3021,3019,3020,85700
2026-09-15 11:16:34.149,124,2026/09/15,11:15,3021,3021,3019,3021,39200
2026-09-15 11:16:34.500,115,2026/09/15,10:30,3029,3032,3027,3029,170400
2026-09-15 11:16:34.524,116,2026/09/15,10:35,3029,3030,3028,3030,126300
2026-09-15 11:16:34.549,117,2026/09/15,10:40,3030,3030,3027,3029,120400
2026-09-15 11:16:34.575,118,2026/09/15,10:45,3029,3030,3026,3029,126100
2026-09-15 11:16:34.600,119,2026/09/15,10:50,3029,3029,3026,3027,98900
2026-09-15 11:16:34.626,120,2026/09/15,10:55,3027,3027,3020,3022,174700
2026-09-15 11:16:34.650,121,2026/09/15,11:00,3022,3022,3019,3020,128100
2026-09-15 11:16:34.765,122,2026/09/15,11:05,3020,3022,3019,3020,191500
2026-09-15 11:16:34.791,123,2026/09/15,11:10,3020,3021,3019,3020,85700
2026-09-15 11:16:34.816,124,2026/09/15,11:15,3021,3021,3019,3021,39200
2026-09-15 11:16:35.171,115,2026/09/15,10:30,3029,3032,3027,3029,170400
2026-09-15 11:16:35.195,116,2026/09/15,10:35,3029,3030,3028,3030,126300
2026-09-15 11:16:35.220,117,2026/09/15,10:40,3030,3030,3027,3029,120400
2026-09-15 11:16:35.245,118,2026/09/15,10:45,3029,3030,3026,3029,126100
2026-09-15 11:16:35.271,119,2026/09/15,10:50,3029,3029,3026,3027,98900
2026-09-15 11:16:35.297,120,2026/09/15,10:55,3027,3027,3020,3022,174700
2026-09-15 11:16:35.322,121,2026/09/15,11:00,3022,3022,3019,3020,128100
2026-09-15 11:16:35.349,122,2026/09/15,11:05,3020,3022,3019,3020,191500
2026-09-15 11:16:35.374,123,2026/09/15,11:10,3020,3021,3019,3020,85700
2026-09-15 11:16:35.399,124,2026/09/15,11:15,3021,3021,3019,3021,39200
2026-09-15 11:16:35.747,115,2026/09/15,10:30,3029,3032,3027,3029,170400
2026-09-15 11:16:35.772,116,2026/09/15,10:35,3029,3030,3028,3030,126300
2026-09-15 11:16:35.797,117,2026/09/15,10:40,3030,3030,3027,3029,120400
2026-09-15 11:16:35.822,118,2026/09/15,10:45,3029,3030,3026,3029,126100
2026-09-15 11:16:35.845,119,2026/09/15,10:50,3029,3029,3026,3027,98900
2026-09-15 11:16:35.870,120,2026/09/15,10:55,3027,3027,3020,3022,174700
2026-09-15 11:16:35.895,121,2026/09/15,11:00,3022,3022,3019,3020,128100
2026-09-15 11:16:35.920,122,2026/09/15,11:05,3020,3022,3019,3020,191500
2026-09-15 11:16:35.944,123,2026/09/15,11:10,3020,3021,3019,3020,85700
2026-09-15 11:16:35.969,124,2026/09/15,11:15,3021,3021,3019,3021,39200
2026-09-15 11:16:36.311,115,2026/09/15,10:30,3029,3032,3027,3029,170400
2026-09-15 11:16:36.432,116,2026/09/15,10:35,3029,3030,3028,3030,126300
2026-09-15 11:16:36.457,117,2026/09/15,10:40,3030,3030,3027,3029,120400
2026-09-15 11:16:36.484,118,2026/09/15,10:45,3029,3030,3026,3029,126100
2026-09-15 11:16:36.509,119,2026/09/15,10:50,3029,3029,3026,3027,98900
2026-09-15 11:16:36.534,120,2026/09/15,10:55,3027,3027,3020,3022,174700
2026-09-15 11:16:36.560,121,2026/09/15,11:00,3022,3022,3019,3020,128100
2026-09-15 11:16:36.587,122,2026/09/15,11:05,3020,3022,3019,3020,191500
2026-09-15 11:16:36.614,123,2026/09/15,11:10,3020,3021,3019,3020,85700
2026-09-15 11:16:36.642,124,2026/09/15,11:15,3021,3021,3019,3021,39200
2026-09-15 11:16:36.997,115,2026/09/15,10:30,3029,3032,3027,3029,170400
2026-09-15 11:16:37.021,116,2026/09/15,10:35,3029,3030,3028,3030,126300
2026-09-15 11:16:37.047,117,2026/09/15,10:40,3030,3030,3027,3029,120400
2026-09-15 11:16:37.071,118,2026/09/15,10:45,3029,3030,3026,3029,126100
2026-09-15 11:16:37.095,119,2026/09/15,10:50,3029,3029,3026,3027,98900
2026-09-15 11:16:37.120,120,2026/09/15,10:55,3027,3027,3020,3022,174700
2026-09-15 11:16:37.145,121,2026/09/15,11:00,3022,3022,3019,3020,128100
2026-09-15 11:16:37.172,122,2026/09/15,11:05,3020,3022,3019,3020,191500
2026-09-15 11:16:37.196,123,2026/09/15,11:10,3020,3021,3019,3020,85700
2026-09-15 11:16:37.225,124,2026/09/15,11:15,3021,3021,3019,3021,39200
2026-09-15 11:16:37.574,115,2026/09/15,10:30,3029,3032,3027,3029,170400
2026-09-15 11:16:37.600,116,2026/09/15,10:35,3029,3030,3028,3030,126300
2026-09-15 11:16:37.624,117,2026/09/15,10:40,3030,3030,3027,3029,120400
2026-09-15 11:16:37.648,118,2026/09/15,10:45,3029,3030,3026,3029,126100
2026-09-15 11:16:37.675,119,2026/09/15,10:50,3029,3029,3026,3027,98900
2026-09-15 11:16:37.792,120,2026/09/15,10:55,3027,3027,3020,3022,174700
2026-09-15 11:16:37.818,121,2026/09/15,11:00,3022,3022,3019,3020,128100
2026-09-15 11:16:37.842,122,2026/09/15,11:05,3020,3022,3019,3020,191500
2026-09-15 11:16:37.869,123,2026/09/15,11:10,3020,3021,3019,3020,85700
2026-09-15 11:16:37.893,124,2026/09/15,11:15,3021,3021,3019,3021,39200
2026-09-15 11:16:38.250,115,2026/09/15,10:30,3029,3032,3027,3029,170400
2026-09-15 11:16:38.273,116,2026/09/15,10:35,3029,3030,3028,3030,126300
2026-09-15 11:16:38.299,117,2026/09/15,10:40,3030,3030,3027,3029,120400
2026-09-15 11:16:38.325,118,2026/09/15,10:45,3029,3030,3026,3029,126100
2026-09-15 11:16:38.351,119,2026/09/15,10:50,3029,3029,3026,3027,98900
2026-09-15 11:16:38.376,120,2026/09/15,10:55,3027,3027,3020,3022,174700
2026-09-15 11:16:38.400,121,2026/09/15,11:00,3022,3022,3019,3020,128100
2026-09-15 11:16:38.425,122,2026/09/15,11:05,3020,3022,3019,3020,191500
2026-09-15 11:16:38.452,123,2026/09/15,11:10,3020,3021,3019,3020,85700
2026-09-15 11:16:38.479,124,2026/09/15,11:15,3021,3021,3019,3021,39200
2026-09-15 11:16:38.827,115,2026/09/15,10:30,3029,3032,3027,3029,170400
2026-09-15 11:16:38.851,116,2026/09/15,10:35,3029,3030,3028,3030,126300
2026-09-15 11:16:38.875,117,2026/09/15,10:40,3030,3030,3027,3029,120400
2026-09-15 11:16:38.899,118,2026/09/15,10:45,3029,3030,3026,3029,126100
2026-09-15 11:16:38.925,119,2026/09/15,10:50,3029,3029,3026,3027,98900
2026-09-15 11:16:38.950,120,2026/09/15,10:55,3027,3027,3020,3022,174700
2026-09-15 11:16:38.976,121,2026/09/15,11:00,3022,3022,3019,3020,128100
2026-09-15 11:16:39.001,122,2026/09/15,11:05,3020,3022,3019,3020,191500
2026-09-15 11:16:39.026,123,2026/09/15,11:10,3020,3021,3019,3020,85700
2026-09-15 11:16:39.054,124,2026/09/15,11:15,3021,3021,3019,3021,39200
2026-09-15 11:16:39.502,115,2026/09/15,10:30,3029,3032,3027,3029,170400
2026-09-15 11:16:39.526,116,2026/09/15,10:35,3029,3030,3028,3030,126300
2026-09-15 11:16:39.552,117,2026/09/15,10:40,3030,3030,3027,3029,120400
2026-09-15 11:16:39.577,118,2026/09/15,10:45,3029,3030,3026,3029,126100
2026-09-15 11:16:39.602,119,2026/09/15,10:50,3029,3029,3026,3027,98900
2026-09-15 11:16:39.626,120,2026/09/15,10:55,3027,3027,3020,3022,174700
2026-09-15 11:16:39.652,121,2026/09/15,11:00,3022,3022,3019,3020,128100
2026-09-15 11:16:39.676,122,2026/09/15,11:05,3020,3022,3019,3020,191500
2026-09-15 11:16:39.701,123,2026/09/15,11:10,3020,3021,3019,3020,85700
2026-09-15 11:16:39.727,124,2026/09/15,11:15,3021,3021,3019,3021,39200
2026-09-15 11:16:40.067,115,2026/09/15,10:30,3029,3032,3027,3029,170400
2026-09-15 11:16:40.091,116,2026/09/15,10:35,3029,3030,3028,3030,126300
2026-09-15 11:16:40.115,117,2026/09/15,10:40,3030,3030,3027,3029,120400
2026-09-15 11:16:40.138,118,2026/09/15,10:45,3029,3030,3026,3029,126100
2026-09-15 11:16:40.161,119,2026/09/15,10:50,3029,3029,3026,3027,98900
2026-09-15 11:16:40.185,120,2026/09/15,10:55,3027,3027,3020,3022,174700
2026-09-15 11:16:40.210,121,2026/09/15,11:00,3022,3022,3019,3020,128100
2026-09-15 11:16:40.238,122,2026/09/15,11:05,3020,3022,3019,3020,191500
2026-09-15 11:16:40.264,123,2026/09/15,11:10,3020,3021,3019,3020,85700
2026-09-15 11:16:40.297,124,2026/09/15,11:15,3021,3021,3019,3021,39200
2026-09-15 11:16:40.647,115,2026/09/15,10:30,3029,3032,3027,3029,170400
2026-09-15 11:16:40.672,116,2026/09/15,10:35,3029,3030,3028,3030,126300
2026-09-15 11:16:40.696,117,2026/09/15,10:40,3030,3030,3027,3029,120400
2026-09-15 11:16:40.818,118,2026/09/15,10:45,3029,3030,3026,3029,126100
2026-09-15 11:16:40.844,119,2026/09/15,10:50,3029,3029,3026,3027,98900
2026-09-15 11:16:40.869,120,2026/09/15,10:55,3027,3027,3020,3022,174700
2026-09-15 11:16:40.894,121,2026/09/15,11:00,3022,3022,3019,3020,128100
2026-09-15 11:16:40.921,122,2026/09/15,11:05,3020,3022,3019,3020,191500
2026-09-15 11:16:40.946,123,2026/09/15,11:10,3020,3021,3019,3020,85700
2026-09-15 11:16:40.974,124,2026/09/15,11:15,3021,3021,3019,3021,39200
2026-09-15 11:16:41.319,115,2026/09/15,10:30,3029,3032,3027,3029,170400
2026-09-15 11:16:41.344,116,2026/09/15,10:35,3029,3030,3028,3030,126300
2026-09-15 11:16:41.369,117,2026/09/15,10:40,3030,3030,3027,3029,120400
2026-09-15 11:16:41.394,118,2026/09/15,10:45,3029,3030,3026,3029,126100
2026-09-15 11:16:41.421,119,2026/09/15,10:50,3029,3029,3026,3027,98900
2026-09-15 11:16:41.446,120,2026/09/15,10:55,3027,3027,3020,3022,174700
2026-09-15 11:16:41.473,121,2026/09/15,11:00,3022,3022,3019,3020,128100
2026-09-15 11:16:41.500,122,2026/09/15,11:05,3020,3022,3019,3020,191500
2026-09-15 11:16:41.526,123,2026/09/15,11:10,3020,3021,3019,3020,85700
2026-09-15 11:16:41.553,124,2026/09/15,11:15,3021,3021,3019,3021,39200
2026-09-15 11:16:41.910,115,2026/09/15,10:30,3029,3032,3027,3029,170400
2026-09-15 11:16:41.935,116,2026/09/15,10:35,3029,3030,3028,3030,126300
2026-09-15 11:16:41.963,117,2026/09/15,10:40,3030,3030,3027,3029,120400
2026-09-15 11:16:41.988,118,2026/09/15,10:45,3029,3030,3026,3029,126100
2026-09-15 11:16:42.011,119,2026/09/15,10:50,3029,3029,3026,3027,98900
2026-09-15 11:16:42.039,120,2026/09/15,10:55,3027,3027,3020,3022,174700
2026-09-15 11:16:42.065,121,2026/09/15,11:00,3022,3022,3019,3020,128100
2026-09-15 11:16:42.093,122,2026/09/15,11:05,3020,3022,3019,3020,191500
2026-09-15 11:16:42.212,123,2026/09/15,11:10,3020,3021,3019,3020,85700
2026-09-15 11:16:42.240,124,2026/09/15,11:15,3021,3021,3019,3020,39300
2026-09-15 11:16:42.593,115,2026/09/15,10:30,3029,3032,3027,3029,170400
2026-09-15 11:16:42.620,116,2026/09/15,10:35,3029,3030,3028,3030,126300
2026-09-15 11:16:42.645,117,2026/09/15,10:40,3030,3030,3027,3029,120400
2026-09-15 11:16:42.670,118,2026/09/15,10:45,3029,3030,3026,3029,126100
2026-09-15 11:16:42.694,119,2026/09/15,10:50,3029,3029,3026,3027,98900
2026-09-15 11:16:42.720,120,2026/09/15,10:55,3027,3027,3020,3022,174700
2026-09-15 11:16:42.747,121,2026/09/15,11:00,3022,3022,3019,3020,128100
2026-09-15 11:16:42.773,122,2026/09/15,11:05,3020,3022,3019,3020,191500
2026-09-15 11:16:42.799,123,2026/09/15,11:10,3020,3021,3019,3020,85700
2026-09-15 11:16:42.826,124,2026/09/15,11:15,3021,3021,3019,3020,39300
