unit,scope,fold,heldGroup,threshold,selected,baselineEnter,enterCount,enterPerSession,uniqueSymbols,strict30mCount,unknownCount,coverageRate,entrySymbolHHI,baselineMeanD30,meanD30,meanD30ImprovementPct,medianD30,D30p90,D30p95,D30ES95,MAEmedian,MAEp05,MAEworst,MFEmean,MFEmedian,MAEleMinus2,MAEleMinus5,MAEleMinus10,precision1,precision1Hits,anchorPreservation1,baselineWinners1,falseRiskRejected1,precision2,precision2Hits,anchorPreservation2,baselineWinners2,falseRiskRejected2,precision3,precision3Hits,anchorPreservation3,baselineWinners3,falseRiskRejected3,precision5,precision5Hits,anchorPreservation5,baselineWinners5,falseRiskRejected5,correctRiskRejections,falseRiskAcceptances,goodAcceptances,censoredUnknown,throughput,failedOrUnknown
chrono-1,INNER_CALIBRATION_ONLY_NOT_OUTER_OOF,1,,1,False,12,0,0.0,0,0,0,,,1.5305505213289927,,,,,,,,,,,,0,0,0,,0,0.0,4,4,,0,0.0,3,3,,0,0.0,2,2,,0,0.0,2,2,0,0,0,7,0.0,precision1RatioMin:INCONCLUSIVE;precision2RatioMin:INCONCLUSIVE;winnerRetention3Min:FAIL;winnerRetention5Min:FAIL;adverseMeanRatioMax:INCONCLUSIVE;adverseES95RatioMax:INCONCLUSIVE;throughputRatioMin:FAIL;absoluteStrictLabelCoverageGapMax:INCONCLUSIVE
chrono-1,INNER_CALIBRATION_ONLY_NOT_OUTER_OOF,1,,2,False,12,9,2.25,7,3,6,0.3333333333333333,0.18518518518518517,1.5305505213289927,1.2423603600909698,18.829183174416507,1.5337423312883458,2.06141946544532,2.1273791072149417,2.1933387489845635,-1.5337423312883458,-2.1273791072149417,-2.1933387489845635,6.716772119980637,5.21472392638036,1,0,0,0.6666666666666666,2,0.5,4,2,0.6666666666666666,2,0.6666666666666666,3,1,0.6666666666666666,2,1.0,2,0,0.6666666666666666,2,1.0,2,0,0,0,2,7,0.75,precision1RatioMin:FAIL;throughputRatioMin:FAIL;absoluteStrictLabelCoverageGapMax:FAIL
chrono-1,INNER_CALIBRATION_ONLY_NOT_OUTER_OOF,1,,5,False,12,12,3.0,9,5,7,0.4166666666666667,0.16666666666666666,1.5305505213289927,1.5305505213289927,0.0,1.5337423312883458,2.4535176361962785,2.540243931933517,2.626970227670755,-1.5337423312883458,-2.540243931933517,-2.626970227670755,4.745145037858238,2.2767075306479923,2,0,0,0.8,4,1.0,4,0,0.6,3,1.0,3,0,0.4,2,1.0,2,0,0.4,2,1.0,2,0,0,0,4,7,1.0,adverseMeanRatioMax:FAIL
chrono-1,INNER_CALIBRATION_ONLY_NOT_OUTER_OOF,1,,10,False,12,12,3.0,9,5,7,0.4166666666666667,0.16666666666666666,1.5305505213289927,1.5305505213289927,0.0,1.5337423312883458,2.4535176361962785,2.540243931933517,2.626970227670755,-1.5337423312883458,-2.540243931933517,-2.626970227670755,4.745145037858238,2.2767075306479923,2,0,0,0.8,4,1.0,4,0,0.6,3,1.0,3,0,0.4,2,1.0,2,0,0.4,2,1.0,2,0,0,0,4,7,1.0,adverseMeanRatioMax:FAIL
chrono-2,INNER_CALIBRATION_ONLY_NOT_OUTER_OOF,2,,1,False,25,0,0.0,0,0,0,,,2.2437409126747405,,,,,,,,,,,,0,0,0,,0,0.0,13,13,,0,0.0,12,12,,0,0.0,6,6,,0,0.0,4,4,2,0,0,9,0.0,precision1RatioMin:INCONCLUSIVE;precision2RatioMin:INCONCLUSIVE;winnerRetention3Min:FAIL;winnerRetention5Min:FAIL;adverseMeanRatioMax:INCONCLUSIVE;adverseES95RatioMax:INCONCLUSIVE;throughputRatioMin:FAIL;absoluteStrictLabelCoverageGapMax:INCONCLUSIVE
chrono-2,INNER_CALIBRATION_ONLY_NOT_OUTER_OOF,2,,2,False,25,2,0.25,2,0,2,0.0,0.5,2.2437409126747405,,,,,,,,,,,,0,0,0,,0,0.0,13,13,,0,0.0,12,12,,0,0.0,6,6,,0,0.0,4,4,2,0,0,9,0.08,precision1RatioMin:INCONCLUSIVE;precision2RatioMin:INCONCLUSIVE;winnerRetention3Min:FAIL;winnerRetention5Min:FAIL;adverseMeanRatioMax:INCONCLUSIVE;adverseES95RatioMax:INCONCLUSIVE;throughputRatioMin:FAIL;absoluteStrictLabelCoverageGapMax:FAIL
chrono-2,INNER_CALIBRATION_ONLY_NOT_OUTER_OOF,2,,5,False,25,25,3.125,15,16,9,0.64,0.12000000000000001,2.2437409126747405,2.2437409126747405,0.0,1.7130757117846729,4.694618189877603,6.539600962404046,9.345794392523366,-1.7130757117846729,-6.539600962404046,-9.345794392523366,4.908102556574627,2.6439604825064134,7,2,0,0.8125,13,1.0,13,0,0.75,12,1.0,12,0,0.375,6,1.0,6,0,0.25,4,1.0,4,0,0,2,13,9,1.0,adverseMeanRatioMax:FAIL
chrono-2,INNER_CALIBRATION_ONLY_NOT_OUTER_OOF,2,,10,False,25,25,3.125,15,16,9,0.64,0.12000000000000001,2.2437409126747405,2.2437409126747405,0.0,1.7130757117846729,4.694618189877603,6.539600962404046,9.345794392523366,-1.7130757117846729,-6.539600962404046,-9.345794392523366,4.908102556574627,2.6439604825064134,7,2,0,0.8125,13,1.0,13,0,0.75,12,1.0,12,0,0.375,6,1.0,6,0,0.25,4,1.0,4,0,0,2,13,9,1.0,adverseMeanRatioMax:FAIL
chrono-3,INNER_CALIBRATION_ONLY_NOT_OUTER_OOF,3,,1,False,65,0,0.0,0,0,0,,,2.3558275862678264,,,,,,,,,,,,0,0,0,,0,0.0,38,38,,0,0.0,30,30,,0,0.0,22,22,,0,0.0,14,14,7,0,0,20,0.0,precision1RatioMin:INCONCLUSIVE;precision2RatioMin:INCONCLUSIVE;winnerRetention3Min:FAIL;winnerRetention5Min:FAIL;adverseMeanRatioMax:INCONCLUSIVE;adverseES95RatioMax:INCONCLUSIVE;throughputRatioMin:FAIL;absoluteStrictLabelCoverageGapMax:INCONCLUSIVE
chrono-3,INNER_CALIBRATION_ONLY_NOT_OUTER_OOF,3,,2,False,65,0,0.0,0,0,0,,,2.3558275862678264,,,,,,,,,,,,0,0,0,,0,0.0,38,38,,0,0.0,30,30,,0,0.0,22,22,,0,0.0,14,14,7,0,0,20,0.0,precision1RatioMin:INCONCLUSIVE;precision2RatioMin:INCONCLUSIVE;winnerRetention3Min:FAIL;winnerRetention5Min:FAIL;adverseMeanRatioMax:INCONCLUSIVE;adverseES95RatioMax:INCONCLUSIVE;throughputRatioMin:FAIL;absoluteStrictLabelCoverageGapMax:INCONCLUSIVE
chrono-3,INNER_CALIBRATION_ONLY_NOT_OUTER_OOF,3,,5,False,65,65,5.416666666666667,51,45,20,0.6923076923076923,0.03573964497041421,2.3558275862678264,2.3558275862678264,0.0,1.6666666666666718,5.705215220913434,9.123245093245789,10.265453252765337,-1.6666666666666718,-9.123245093245789,-11.316648531011975,4.811697495649463,2.679031427099443,17,7,2,0.8444444444444444,38,1.0,38,0,0.6666666666666666,30,1.0,30,0,0.4888888888888889,22,1.0,22,0,0.3111111111111111,14,1.0,14,0,0,7,33,20,1.0,adverseMeanRatioMax:FAIL
chrono-3,INNER_CALIBRATION_ONLY_NOT_OUTER_OOF,3,,10,False,65,65,5.416666666666667,51,45,20,0.6923076923076923,0.03573964497041421,2.3558275862678264,2.3558275862678264,0.0,1.6666666666666718,5.705215220913434,9.123245093245789,10.265453252765337,-1.6666666666666718,-9.123245093245789,-11.316648531011975,4.811697495649463,2.679031427099443,17,7,2,0.8444444444444444,38,1.0,38,0,0.6666666666666666,30,1.0,30,0,0.4888888888888889,22,1.0,22,0,0.3111111111111111,14,1.0,14,0,0,7,33,20,1.0,adverseMeanRatioMax:FAIL
chrono-4,INNER_CALIBRATION_ONLY_NOT_OUTER_OOF,4,,1,False,63,0,0.0,0,0,0,,,1.835280917874648,,,,,,,,,,,,0,0,0,,0,0.0,39,39,,0,0.0,36,36,,0,0.0,23,23,,0,0.0,10,10,2,0,0,17,0.0,precision1RatioMin:INCONCLUSIVE;precision2RatioMin:INCONCLUSIVE;winnerRetention3Min:FAIL;winnerRetention5Min:FAIL;adverseMeanRatioMax:INCONCLUSIVE;adverseES95RatioMax:INCONCLUSIVE;throughputRatioMin:FAIL;absoluteStrictLabelCoverageGapMax:INCONCLUSIVE
chrono-4,INNER_CALIBRATION_ONLY_NOT_OUTER_OOF,4,,2,False,63,0,0.0,0,0,0,,,1.835280917874648,,,,,,,,,,,,0,0,0,,0,0.0,39,39,,0,0.0,36,36,,0,0.0,23,23,,0,0.0,10,10,2,0,0,17,0.0,precision1RatioMin:INCONCLUSIVE;precision2RatioMin:INCONCLUSIVE;winnerRetention3Min:FAIL;winnerRetention5Min:FAIL;adverseMeanRatioMax:INCONCLUSIVE;adverseES95RatioMax:INCONCLUSIVE;throughputRatioMin:FAIL;absoluteStrictLabelCoverageGapMax:INCONCLUSIVE
chrono-4,INNER_CALIBRATION_ONLY_NOT_OUTER_OOF,4,,5,False,63,63,3.9375,39,46,17,0.7301587301587301,0.07079868984630888,1.835280917874648,1.835280917874648,0.0,1.1460786268133571,4.0284249767008395,4.2322333829598735,7.387655685528023,-1.1460786268133571,-4.2322333829598735,-12.857142857142856,4.064369794334681,2.96699438202247,19,2,1,0.8478260869565217,39,1.0,39,0,0.782608695652174,36,1.0,36,0,0.5,23,1.0,23,0,0.21739130434782608,10,1.0,10,0,0,2,37,17,1.0,adverseMeanRatioMax:FAIL
chrono-4,INNER_CALIBRATION_ONLY_NOT_OUTER_OOF,4,,10,False,63,63,3.9375,39,46,17,0.7301587301587301,0.07079868984630888,1.835280917874648,1.835280917874648,0.0,1.1460786268133571,4.0284249767008395,4.2322333829598735,7.387655685528023,-1.1460786268133571,-4.2322333829598735,-12.857142857142856,4.064369794334681,2.96699438202247,19,2,1,0.8478260869565217,39,1.0,39,0,0.782608695652174,36,1.0,36,0,0.5,23,1.0,23,0,0.21739130434782608,10,1.0,10,0,0,2,37,17,1.0,adverseMeanRatioMax:FAIL
symbol-0-fold-1,INNER_CALIBRATION_ONLY_NOT_OUTER_OOF,1,0,1,False,11,0,0.0,0,0,0,,,1.5305505213289927,,,,,,,,,,,,0,0,0,,0,0.0,4,4,,0,0.0,3,3,,0,0.0,2,2,,0,0.0,2,2,0,0,0,6,0.0,precision1RatioMin:INCONCLUSIVE;precision2RatioMin:INCONCLUSIVE;winnerRetention3Min:FAIL;winnerRetention5Min:FAIL;adverseMeanRatioMax:INCONCLUSIVE;adverseES95RatioMax:INCONCLUSIVE;throughputRatioMin:FAIL;absoluteStrictLabelCoverageGapMax:INCONCLUSIVE
symbol-0-fold-1,INNER_CALIBRATION_ONLY_NOT_OUTER_OOF,1,0,2,False,11,11,2.75,8,5,6,0.45454545454545453,0.19008264462809918,1.5305505213289927,1.5305505213289927,0.0,1.5337423312883458,2.4535176361962785,2.540243931933517,2.626970227670755,-1.5337423312883458,-2.540243931933517,-2.626970227670755,4.745145037858238,2.2767075306479923,2,0,0,0.8,4,1.0,4,0,0.6,3,1.0,3,0,0.4,2,1.0,2,0,0.4,2,1.0,2,0,0,0,4,6,1.0,adverseMeanRatioMax:FAIL
symbol-0-fold-1,INNER_CALIBRATION_ONLY_NOT_OUTER_OOF,1,0,5,False,11,11,2.75,8,5,6,0.45454545454545453,0.19008264462809918,1.5305505213289927,1.5305505213289927,0.0,1.5337423312883458,2.4535176361962785,2.540243931933517,2.626970227670755,-1.5337423312883458,-2.540243931933517,-2.626970227670755,4.745145037858238,2.2767075306479923,2,0,0,0.8,4,1.0,4,0,0.6,3,1.0,3,0,0.4,2,1.0,2,0,0.4,2,1.0,2,0,0,0,4,6,1.0,adverseMeanRatioMax:FAIL
symbol-0-fold-1,INNER_CALIBRATION_ONLY_NOT_OUTER_OOF,1,0,10,False,11,11,2.75,8,5,6,0.45454545454545453,0.19008264462809918,1.5305505213289927,1.5305505213289927,0.0,1.5337423312883458,2.4535176361962785,2.540243931933517,2.626970227670755,-1.5337423312883458,-2.540243931933517,-2.626970227670755,4.745145037858238,2.2767075306479923,2,0,0,0.8,4,1.0,4,0,0.6,3,1.0,3,0,0.4,2,1.0,2,0,0.4,2,1.0,2,0,0,0,4,6,1.0,adverseMeanRatioMax:FAIL
symbol-0-fold-2,INNER_CALIBRATION_ONLY_NOT_OUTER_OOF,2,0,1,False,20,0,0.0,0,0,0,,,2.4092192381318314,,,,,,,,,,,,0,0,0,,0,0.0,11,11,,0,0.0,10,10,,0,0.0,5,5,,0,0.0,4,4,2,0,0,6,0.0,precision1RatioMin:INCONCLUSIVE;precision2RatioMin:INCONCLUSIVE;winnerRetention3Min:FAIL;winnerRetention5Min:FAIL;adverseMeanRatioMax:INCONCLUSIVE;adverseES95RatioMax:INCONCLUSIVE;throughputRatioMin:FAIL;absoluteStrictLabelCoverageGapMax:INCONCLUSIVE
symbol-0-fold-2,INNER_CALIBRATION_ONLY_NOT_OUTER_OOF,2,0,2,False,20,0,0.0,0,0,0,,,2.4092192381318314,,,,,,,,,,,,0,0,0,,0,0.0,11,11,,0,0.0,10,10,,0,0.0,5,5,,0,0.0,4,4,2,0,0,6,0.0,precision1RatioMin:INCONCLUSIVE;precision2RatioMin:INCONCLUSIVE;winnerRetention3Min:FAIL;winnerRetention5Min:FAIL;adverseMeanRatioMax:INCONCLUSIVE;adverseES95RatioMax:INCONCLUSIVE;throughputRatioMin:FAIL;absoluteStrictLabelCoverageGapMax:INCONCLUSIVE
symbol-0-fold-2,INNER_CALIBRATION_ONLY_NOT_OUTER_OOF,2,0,5,False,20,20,2.5,11,14,6,0.7,0.16999999999999998,2.4092192381318314,2.4092192381318314,0.0,1.9241908045662504,5.058452174872273,6.913760086419955,9.345794392523366,-1.9241908045662504,-6.9137600864199555,-9.345794392523366,5.12299695250068,2.6439604825064134,7,2,0,0.7857142857142857,11,1.0,11,0,0.7142857142857143,10,1.0,10,0,0.35714285714285715,5,1.0,5,0,0.2857142857142857,4,1.0,4,0,0,2,11,6,1.0,adverseMeanRatioMax:FAIL
symbol-0-fold-2,INNER_CALIBRATION_ONLY_NOT_OUTER_OOF,2,0,10,False,20,20,2.5,11,14,6,0.7,0.16999999999999998,2.4092192381318314,2.4092192381318314,0.0,1.9241908045662504,5.058452174872273,6.913760086419955,9.345794392523366,-1.9241908045662504,-6.9137600864199555,-9.345794392523366,5.12299695250068,2.6439604825064134,7,2,0,0.7857142857142857,11,1.0,11,0,0.7142857142857143,10,1.0,10,0,0.35714285714285715,5,1.0,5,0,0.2857142857142857,4,1.0,4,0,0,2,11,6,1.0,adverseMeanRatioMax:FAIL
symbol-0-fold-3,INNER_CALIBRATION_ONLY_NOT_OUTER_OOF,3,0,1,False,57,0,0.0,0,0,0,,,2.139715737156699,,,,,,,,,,,,0,0,0,,0,0.0,34,34,,0,0.0,26,26,,0,0.0,21,21,,0,0.0,13,13,4,0,0,17,0.0,precision1RatioMin:INCONCLUSIVE;precision2RatioMin:INCONCLUSIVE;winnerRetention3Min:FAIL;winnerRetention5Min:FAIL;adverseMeanRatioMax:INCONCLUSIVE;adverseES95RatioMax:INCONCLUSIVE;throughputRatioMin:FAIL;absoluteStrictLabelCoverageGapMax:INCONCLUSIVE
symbol-0-fold-3,INNER_CALIBRATION_ONLY_NOT_OUTER_OOF,3,0,2,False,57,0,0.0,0,0,0,,,2.139715737156699,,,,,,,,,,,,0,0,0,,0,0.0,34,34,,0,0.0,26,26,,0,0.0,21,21,,0,0.0,13,13,4,0,0,17,0.0,precision1RatioMin:INCONCLUSIVE;precision2RatioMin:INCONCLUSIVE;winnerRetention3Min:FAIL;winnerRetention5Min:FAIL;adverseMeanRatioMax:INCONCLUSIVE;adverseES95RatioMax:INCONCLUSIVE;throughputRatioMin:FAIL;absoluteStrictLabelCoverageGapMax:INCONCLUSIVE
symbol-0-fold-3,INNER_CALIBRATION_ONLY_NOT_OUTER_OOF,3,0,5,False,57,57,4.75,45,40,17,0.7017543859649122,0.042782394582948594,2.139715737156699,2.139715737156699,0.0,1.481389165835828,4.359756097560975,8.748035552140811,10.269974750942879,-1.481389165835828,-8.748035552140813,-11.316648531011975,5.08548388617985,3.2138676581973447,14,4,1,0.85,34,1.0,34,0,0.65,26,1.0,26,0,0.525,21,1.0,21,0,0.325,13,1.0,13,0,0,4,31,17,1.0,adverseMeanRatioMax:FAIL
symbol-0-fold-3,INNER_CALIBRATION_ONLY_NOT_OUTER_OOF,3,0,10,False,57,57,4.75,45,40,17,0.7017543859649122,0.042782394582948594,2.139715737156699,2.139715737156699,0.0,1.481389165835828,4.359756097560975,8.748035552140811,10.269974750942879,-1.481389165835828,-8.748035552140813,-11.316648531011975,5.08548388617985,3.2138676581973447,14,4,1,0.85,34,1.0,34,0,0.65,26,1.0,26,0,0.525,21,1.0,21,0,0.325,13,1.0,13,0,0,4,31,17,1.0,adverseMeanRatioMax:FAIL
symbol-0-fold-4,INNER_CALIBRATION_ONLY_NOT_OUTER_OOF,4,0,1,False,51,0,0.0,0,0,0,,,1.8273559185274708,,,,,,,,,,,,0,0,0,,0,0.0,31,31,,0,0.0,29,29,,0,0.0,18,18,,0,0.0,9,9,1,0,0,15,0.0,precision1RatioMin:INCONCLUSIVE;precision2RatioMin:INCONCLUSIVE;winnerRetention3Min:FAIL;winnerRetention5Min:FAIL;adverseMeanRatioMax:INCONCLUSIVE;adverseES95RatioMax:INCONCLUSIVE;throughputRatioMin:FAIL;absoluteStrictLabelCoverageGapMax:INCONCLUSIVE
symbol-0-fold-4,INNER_CALIBRATION_ONLY_NOT_OUTER_OOF,4,0,2,False,51,0,0.0,0,0,0,,,1.8273559185274708,,,,,,,,,,,,0,0,0,,0,0.0,31,31,,0,0.0,29,29,,0,0.0,18,18,,0,0.0,9,9,1,0,0,15,0.0,precision1RatioMin:INCONCLUSIVE;precision2RatioMin:INCONCLUSIVE;winnerRetention3Min:FAIL;winnerRetention5Min:FAIL;adverseMeanRatioMax:INCONCLUSIVE;adverseES95RatioMax:INCONCLUSIVE;throughputRatioMin:FAIL;absoluteStrictLabelCoverageGapMax:INCONCLUSIVE
symbol-0-fold-4,INNER_CALIBRATION_ONLY_NOT_OUTER_OOF,4,0,5,False,51,51,3.1875,31,36,15,0.7058823529411765,0.0995770857362553,1.8273559185274708,1.8273559185274708,0.0,1.3654003052490205,3.8653727028701184,4.186061851007292,8.55623100303951,-1.3654003052490205,-4.186061851007292,-12.857142857142856,4.413026472364985,3.1016223193592873,15,1,1,0.8611111111111112,31,1.0,31,0,0.8055555555555556,29,1.0,29,0,0.5,18,1.0,18,0,0.25,9,1.0,9,0,0,1,30,15,1.0,adverseMeanRatioMax:FAIL
symbol-0-fold-4,INNER_CALIBRATION_ONLY_NOT_OUTER_OOF,4,0,10,False,51,51,3.1875,31,36,15,0.7058823529411765,0.0995770857362553,1.8273559185274708,1.8273559185274708,0.0,1.3654003052490205,3.8653727028701184,4.186061851007292,8.55623100303951,-1.3654003052490205,-4.186061851007292,-12.857142857142856,4.413026472364985,3.1016223193592873,15,1,1,0.8611111111111112,31,1.0,31,0,0.8055555555555556,29,1.0,29,0,0.5,18,1.0,18,0,0.25,9,1.0,9,0,0,1,30,15,1.0,adverseMeanRatioMax:FAIL
symbol-1-fold-1,INNER_CALIBRATION_ONLY_NOT_OUTER_OOF,1,1,1,False,8,0,0.0,0,0,0,,,1.9131881516612408,,,,,,,,,,,,0,0,0,,0,0.0,3,3,,0,0.0,2,2,,0,0.0,1,1,,0,0.0,1,1,0,0,0,4,0.0,precision1RatioMin:INCONCLUSIVE;precision2RatioMin:INCONCLUSIVE;winnerRetention3Min:FAIL;winnerRetention5Min:FAIL;adverseMeanRatioMax:INCONCLUSIVE;adverseES95RatioMax:INCONCLUSIVE;throughputRatioMin:FAIL;absoluteStrictLabelCoverageGapMax:INCONCLUSIVE
symbol-1-fold-1,INNER_CALIBRATION_ONLY_NOT_OUTER_OOF,1,1,2,False,8,8,2.0,8,4,4,0.5,0.125,1.9131881516612408,1.9131881516612408,0.0,1.8635405401364546,2.4968807840648974,2.5619255058678263,2.626970227670755,-1.8635405401364546,-2.5619255058678263,-2.626970227670755,2.360002725894228,1.7877044146746401,2,0,0,0.75,3,1.0,3,0,0.5,2,1.0,2,0,0.25,1,1.0,1,0,0.25,1,1.0,1,0,0,0,3,4,1.0,adverseMeanRatioMax:FAIL
symbol-1-fold-1,INNER_CALIBRATION_ONLY_NOT_OUTER_OOF,1,1,5,False,8,8,2.0,8,4,4,0.5,0.125,1.9131881516612408,1.9131881516612408,0.0,1.8635405401364546,2.4968807840648974,2.5619255058678263,2.626970227670755,-1.8635405401364546,-2.5619255058678263,-2.626970227670755,2.360002725894228,1.7877044146746401,2,0,0,0.75,3,1.0,3,0,0.5,2,1.0,2,0,0.25,1,1.0,1,0,0.25,1,1.0,1,0,0,0,3,4,1.0,adverseMeanRatioMax:FAIL
symbol-1-fold-1,INNER_CALIBRATION_ONLY_NOT_OUTER_OOF,1,1,10,False,8,8,2.0,8,4,4,0.5,0.125,1.9131881516612408,1.9131881516612408,0.0,1.8635405401364546,2.4968807840648974,2.5619255058678263,2.626970227670755,-1.8635405401364546,-2.5619255058678263,-2.626970227670755,2.360002725894228,1.7877044146746401,2,0,0,0.75,3,1.0,3,0,0.5,2,1.0,2,0,0.25,1,1.0,1,0,0.25,1,1.0,1,0,0,0,3,4,1.0,adverseMeanRatioMax:FAIL
symbol-1-fold-2,INNER_CALIBRATION_ONLY_NOT_OUTER_OOF,2,1,1,False,15,0,0.0,0,0,0,,,2.318812708311301,,,,,,,,,,,,0,0,0,,0,0.0,9,9,,0,0.0,8,8,,0,0.0,2,2,,0,0.0,1,1,1,0,0,4,0.0,precision1RatioMin:INCONCLUSIVE;precision2RatioMin:INCONCLUSIVE;winnerRetention3Min:FAIL;winnerRetention5Min:FAIL;adverseMeanRatioMax:INCONCLUSIVE;adverseES95RatioMax:INCONCLUSIVE;throughputRatioMin:FAIL;absoluteStrictLabelCoverageGapMax:INCONCLUSIVE
symbol-1-fold-2,INNER_CALIBRATION_ONLY_NOT_OUTER_OOF,2,1,2,False,15,0,0.0,0,0,0,,,2.318812708311301,,,,,,,,,,,,0,0,0,,0,0.0,9,9,,0,0.0,8,8,,0,0.0,2,2,,0,0.0,1,1,1,0,0,4,0.0,precision1RatioMin:INCONCLUSIVE;precision2RatioMin:INCONCLUSIVE;winnerRetention3Min:FAIL;winnerRetention5Min:FAIL;adverseMeanRatioMax:INCONCLUSIVE;adverseES95RatioMax:INCONCLUSIVE;throughputRatioMin:FAIL;absoluteStrictLabelCoverageGapMax:INCONCLUSIVE
symbol-1-fold-2,INNER_CALIBRATION_ONLY_NOT_OUTER_OOF,2,1,5,False,15,15,1.875,12,11,4,0.7333333333333333,0.09333333333333334,2.318812708311301,2.318812708311301,0.0,2.156334231805934,3.7850332273909326,4.694618189877603,5.604203152364273,-2.156334231805934,-4.694618189877603,-5.604203152364273,2.892787335839284,2.42587601078168,6,1,0,0.8181818181818182,9,1.0,9,0,0.7272727272727273,8,1.0,8,0,0.18181818181818182,2,1.0,2,0,0.09090909090909091,1,1.0,1,0,0,1,9,4,1.0,adverseMeanRatioMax:FAIL
symbol-1-fold-2,INNER_CALIBRATION_ONLY_NOT_OUTER_OOF,2,1,10,False,15,15,1.875,12,11,4,0.7333333333333333,0.09333333333333334,2.318812708311301,2.318812708311301,0.0,2.156334231805934,3.7850332273909326,4.694618189877603,5.604203152364273,-2.156334231805934,-4.694618189877603,-5.604203152364273,2.892787335839284,2.42587601078168,6,1,0,0.8181818181818182,9,1.0,9,0,0.7272727272727273,8,1.0,8,0,0.18181818181818182,2,1.0,2,0,0.09090909090909091,1,1.0,1,0,0,1,9,4,1.0,adverseMeanRatioMax:FAIL
symbol-1-fold-3,INNER_CALIBRATION_ONLY_NOT_OUTER_OOF,3,1,1,False,51,0,0.0,0,0,0,,,2.738404403700667,,,,,,,,,,,,0,0,0,,0,0.0,30,30,,0,0.0,22,22,,0,0.0,15,15,,0,0.0,8,8,7,0,0,14,0.0,precision1RatioMin:INCONCLUSIVE;precision2RatioMin:INCONCLUSIVE;winnerRetention3Min:FAIL;winnerRetention5Min:FAIL;adverseMeanRatioMax:INCONCLUSIVE;adverseES95RatioMax:INCONCLUSIVE;throughputRatioMin:FAIL;absoluteStrictLabelCoverageGapMax:INCONCLUSIVE
symbol-1-fold-3,INNER_CALIBRATION_ONLY_NOT_OUTER_OOF,3,1,2,False,51,0,0.0,0,0,0,,,2.738404403700667,,,,,,,,,,,,0,0,0,,0,0.0,30,30,,0,0.0,22,22,,0,0.0,15,15,,0,0.0,8,8,7,0,0,14,0.0,precision1RatioMin:INCONCLUSIVE;precision2RatioMin:INCONCLUSIVE;winnerRetention3Min:FAIL;winnerRetention5Min:FAIL;adverseMeanRatioMax:INCONCLUSIVE;adverseES95RatioMax:INCONCLUSIVE;throughputRatioMin:FAIL;absoluteStrictLabelCoverageGapMax:INCONCLUSIVE
symbol-1-fold-3,INNER_CALIBRATION_ONLY_NOT_OUTER_OOF,3,1,5,False,51,51,4.25,45,37,14,0.7254901960784313,0.024990388312187622,2.738404403700667,2.738404403700667,0.0,1.8604651162790753,7.147745218459379,9.429922827981073,10.786529393711113,-1.8604651162790753,-9.429922827981077,-11.316648531011975,3.5881833096660016,2.2727272727272707,16,7,2,0.8108108108108109,30,1.0,30,0,0.5945945945945946,22,1.0,22,0,0.40540540540540543,15,1.0,15,0,0.21621621621621623,8,1.0,8,0,0,7,25,14,1.0,adverseMeanRatioMax:FAIL
symbol-1-fold-3,INNER_CALIBRATION_ONLY_NOT_OUTER_OOF,3,1,10,False,51,51,4.25,45,37,14,0.7254901960784313,0.024990388312187622,2.738404403700667,2.738404403700667,0.0,1.8604651162790753,7.147745218459379,9.429922827981073,10.786529393711113,-1.8604651162790753,-9.429922827981077,-11.316648531011975,3.5881833096660016,2.2727272727272707,16,7,2,0.8108108108108109,30,1.0,30,0,0.5945945945945946,22,1.0,22,0,0.40540540540540543,15,1.0,15,0,0.21621621621621623,8,1.0,8,0,0,7,25,14,1.0,adverseMeanRatioMax:FAIL
symbol-1-fold-4,INNER_CALIBRATION_ONLY_NOT_OUTER_OOF,4,1,1,False,35,0,0.0,0,0,0,,,1.852817866381225,,,,,,,,,,,,0,0,0,,0,0.0,24,24,,0,0.0,22,22,,0,0.0,13,13,,0,0.0,3,3,1,0,0,5,0.0,precision1RatioMin:INCONCLUSIVE;precision2RatioMin:INCONCLUSIVE;winnerRetention3Min:FAIL;winnerRetention5Min:FAIL;adverseMeanRatioMax:INCONCLUSIVE;adverseES95RatioMax:INCONCLUSIVE;throughputRatioMin:FAIL;absoluteStrictLabelCoverageGapMax:INCONCLUSIVE
symbol-1-fold-4,INNER_CALIBRATION_ONLY_NOT_OUTER_OOF,4,1,2,False,35,0,0.0,0,0,0,,,1.852817866381225,,,,,,,,,,,,0,0,0,,0,0.0,24,24,,0,0.0,22,22,,0,0.0,13,13,,0,0.0,3,3,1,0,0,5,0.0,precision1RatioMin:INCONCLUSIVE;precision2RatioMin:INCONCLUSIVE;winnerRetention3Min:FAIL;winnerRetention5Min:FAIL;adverseMeanRatioMax:INCONCLUSIVE;adverseES95RatioMax:INCONCLUSIVE;throughputRatioMin:FAIL;absoluteStrictLabelCoverageGapMax:INCONCLUSIVE
symbol-1-fold-4,INNER_CALIBRATION_ONLY_NOT_OUTER_OOF,4,1,5,False,35,35,2.1875,28,30,5,0.8571428571428571,0.04163265306122449,1.852817866381225,1.852817866381225,0.0,1.6122668924770545,3.6377935312361545,4.053150360280565,4.606740567768025,-1.6122668924770545,-4.053150360280566,-5.05050505050505,2.9732035274258273,2.5341091492776857,14,1,0,0.8,24,1.0,24,0,0.7333333333333333,22,1.0,22,0,0.43333333333333335,13,1.0,13,0,0.1,3,1.0,3,0,0,1,23,5,1.0,adverseMeanRatioMax:FAIL
symbol-1-fold-4,INNER_CALIBRATION_ONLY_NOT_OUTER_OOF,4,1,10,False,35,35,2.1875,28,30,5,0.8571428571428571,0.04163265306122449,1.852817866381225,1.852817866381225,0.0,1.6122668924770545,3.6377935312361545,4.053150360280565,4.606740567768025,-1.6122668924770545,-4.053150360280566,-5.05050505050505,2.9732035274258273,2.5341091492776857,14,1,0,0.8,24,1.0,24,0,0.7333333333333333,22,1.0,22,0,0.43333333333333335,13,1.0,13,0,0.1,3,1.0,3,0,0,1,23,5,1.0,adverseMeanRatioMax:FAIL
symbol-2-fold-1,INNER_CALIBRATION_ONLY_NOT_OUTER_OOF,1,2,1,False,9,0,0.0,0,0,0,,,1.1640133492286209,,,,,,,,,,,,0,0,0,,0,0.0,2,2,,0,0.0,1,1,,0,0.0,1,1,,0,0.0,1,1,0,0,0,6,0.0,precision1RatioMin:INCONCLUSIVE;precision2RatioMin:INCONCLUSIVE;winnerRetention3Min:FAIL;winnerRetention5Min:FAIL;adverseMeanRatioMax:INCONCLUSIVE;adverseES95RatioMax:INCONCLUSIVE;throughputRatioMin:FAIL;absoluteStrictLabelCoverageGapMax:INCONCLUSIVE
symbol-2-fold-1,INNER_CALIBRATION_ONLY_NOT_OUTER_OOF,1,2,2,False,9,4,1.0,3,2,2,0.5,0.375,1.1640133492286209,1.0966693744922817,5.785498489426022,1.0966693744922817,1.9740048740861071,2.083671811535335,2.1933387489845635,-1.0966693744922817,-2.083671811535335,-2.1933387489845635,7.467796216780775,7.467796216780775,1,0,0,0.5,1,0.5,2,1,0.5,1,1.0,1,0,0.5,1,1.0,1,0,0.5,1,1.0,1,0,0,0,1,6,0.4444444444444444,precision1RatioMin:FAIL;adverseMeanRatioMax:FAIL;throughputRatioMin:FAIL;absoluteStrictLabelCoverageGapMax:FAIL
symbol-2-fold-1,INNER_CALIBRATION_ONLY_NOT_OUTER_OOF,1,2,5,False,9,9,2.25,6,3,6,0.3333333333333333,0.25925925925925924,1.1640133492286209,1.1640133492286209,0.0,1.2987012987012991,2.0144112589279106,2.103875003956237,2.1933387489845635,-1.2987012987012991,-2.103875003956237,-2.1933387489845635,5.411431244087613,1.298701298701288,1,0,0,0.6666666666666666,2,1.0,2,0,0.3333333333333333,1,1.0,1,0,0.3333333333333333,1,1.0,1,0,0.3333333333333333,1,1.0,1,0,0,0,2,6,1.0,adverseMeanRatioMax:FAIL
symbol-2-fold-1,INNER_CALIBRATION_ONLY_NOT_OUTER_OOF,1,2,10,False,9,9,2.25,6,3,6,0.3333333333333333,0.25925925925925924,1.1640133492286209,1.1640133492286209,0.0,1.2987012987012991,2.0144112589279106,2.103875003956237,2.1933387489845635,-1.2987012987012991,-2.103875003956237,-2.1933387489845635,5.411431244087613,1.298701298701288,1,0,0,0.6666666666666666,2,1.0,2,0,0.3333333333333333,1,1.0,1,0,0.3333333333333333,1,1.0,1,0,0.3333333333333333,1,1.0,1,0,0,0,2,6,1.0,adverseMeanRatioMax:FAIL
symbol-2-fold-2,INNER_CALIBRATION_ONLY_NOT_OUTER_OOF,2,2,1,False,22,0,0.0,0,0,0,,,2.3453568203789397,,,,,,,,,,,,0,0,0,,0,0.0,11,11,,0,0.0,11,11,,0,0.0,6,6,,0,0.0,4,4,2,0,0,8,0.0,precision1RatioMin:INCONCLUSIVE;precision2RatioMin:INCONCLUSIVE;winnerRetention3Min:FAIL;winnerRetention5Min:FAIL;adverseMeanRatioMax:INCONCLUSIVE;adverseES95RatioMax:INCONCLUSIVE;throughputRatioMin:FAIL;absoluteStrictLabelCoverageGapMax:INCONCLUSIVE
symbol-2-fold-2,INNER_CALIBRATION_ONLY_NOT_OUTER_OOF,2,2,2,False,22,0,0.0,0,0,0,,,2.3453568203789397,,,,,,,,,,,,0,0,0,,0,0.0,11,11,,0,0.0,11,11,,0,0.0,6,6,,0,0.0,4,4,2,0,0,8,0.0,precision1RatioMin:INCONCLUSIVE;precision2RatioMin:INCONCLUSIVE;winnerRetention3Min:FAIL;winnerRetention5Min:FAIL;adverseMeanRatioMax:INCONCLUSIVE;adverseES95RatioMax:INCONCLUSIVE;throughputRatioMin:FAIL;absoluteStrictLabelCoverageGapMax:INCONCLUSIVE
symbol-2-fold-2,INNER_CALIBRATION_ONLY_NOT_OUTER_OOF,2,2,5,False,22,22,2.75,13,14,8,0.6363636363636364,0.1446280991735537,2.3453568203789397,2.3453568203789397,0.0,1.7130757117846729,5.058452174872273,6.913760086419955,9.345794392523366,-1.7130757117846729,-6.9137600864199555,-9.345794392523366,5.315248520645173,2.6439604825064134,6,2,0,0.7857142857142857,11,1.0,11,0,0.7857142857142857,11,1.0,11,0,0.42857142857142855,6,1.0,6,0,0.2857142857142857,4,1.0,4,0,0,2,11,8,1.0,adverseMeanRatioMax:FAIL
symbol-2-fold-2,INNER_CALIBRATION_ONLY_NOT_OUTER_OOF,2,2,10,False,22,22,2.75,13,14,8,0.6363636363636364,0.1446280991735537,2.3453568203789397,2.3453568203789397,0.0,1.7130757117846729,5.058452174872273,6.913760086419955,9.345794392523366,-1.7130757117846729,-6.9137600864199555,-9.345794392523366,5.315248520645173,2.6439604825064134,6,2,0,0.7857142857142857,11,1.0,11,0,0.7857142857142857,11,1.0,11,0,0.42857142857142855,6,1.0,6,0,0.2857142857142857,4,1.0,4,0,0,2,11,8,1.0,adverseMeanRatioMax:FAIL
symbol-2-fold-3,INNER_CALIBRATION_ONLY_NOT_OUTER_OOF,3,2,1,False,51,0,0.0,0,0,0,,,2.363720446801137,,,,,,,,,,,,0,0,0,,0,0.0,28,28,,0,0.0,22,22,,0,0.0,16,16,,0,0.0,12,12,6,0,0,18,0.0,precision1RatioMin:INCONCLUSIVE;precision2RatioMin:INCONCLUSIVE;winnerRetention3Min:FAIL;winnerRetention5Min:FAIL;adverseMeanRatioMax:INCONCLUSIVE;adverseES95RatioMax:INCONCLUSIVE;throughputRatioMin:FAIL;absoluteStrictLabelCoverageGapMax:INCONCLUSIVE
symbol-2-fold-3,INNER_CALIBRATION_ONLY_NOT_OUTER_OOF,3,2,2,False,51,0,0.0,0,0,0,,,2.363720446801137,,,,,,,,,,,,0,0,0,,0,0.0,28,28,,0,0.0,22,22,,0,0.0,16,16,,0,0.0,12,12,6,0,0,18,0.0,precision1RatioMin:INCONCLUSIVE;precision2RatioMin:INCONCLUSIVE;winnerRetention3Min:FAIL;winnerRetention5Min:FAIL;adverseMeanRatioMax:INCONCLUSIVE;adverseES95RatioMax:INCONCLUSIVE;throughputRatioMin:FAIL;absoluteStrictLabelCoverageGapMax:INCONCLUSIVE
symbol-2-fold-3,INNER_CALIBRATION_ONLY_NOT_OUTER_OOF,3,2,5,False,51,51,4.25,39,33,18,0.6470588235294118,0.05036524413687044,2.363720446801137,2.363720446801137,0.0,1.2961116650049842,5.901388098261598,9.336377052204387,10.786529393711113,-1.2961116650049842,-9.33637705220439,-11.316648531011975,5.335293591430604,2.564102564102555,11,6,2,0.8484848484848485,28,1.0,28,0,0.6666666666666666,22,1.0,22,0,0.48484848484848486,16,1.0,16,0,0.36363636363636365,12,1.0,12,0,0,6,24,18,1.0,adverseMeanRatioMax:FAIL
symbol-2-fold-3,INNER_CALIBRATION_ONLY_NOT_OUTER_OOF,3,2,10,False,51,51,4.25,39,33,18,0.6470588235294118,0.05036524413687044,2.363720446801137,2.363720446801137,0.0,1.2961116650049842,5.901388098261598,9.336377052204387,10.786529393711113,-1.2961116650049842,-9.33637705220439,-11.316648531011975,5.335293591430604,2.564102564102555,11,6,2,0.8484848484848485,28,1.0,28,0,0.6666666666666666,22,1.0,22,0,0.48484848484848486,16,1.0,16,0,0.36363636363636365,12,1.0,12,0,0,6,24,18,1.0,adverseMeanRatioMax:FAIL
symbol-2-fold-4,INNER_CALIBRATION_ONLY_NOT_OUTER_OOF,4,2,1,False,57,0,0.0,0,0,0,,,1.8136326242107337,,,,,,,,,,,,0,0,0,,0,0.0,34,34,,0,0.0,31,31,,0,0.0,22,22,,0,0.0,9,9,2,0,0,17,0.0,precision1RatioMin:INCONCLUSIVE;precision2RatioMin:INCONCLUSIVE;winnerRetention3Min:FAIL;winnerRetention5Min:FAIL;adverseMeanRatioMax:INCONCLUSIVE;adverseES95RatioMax:INCONCLUSIVE;throughputRatioMin:FAIL;absoluteStrictLabelCoverageGapMax:INCONCLUSIVE
symbol-2-fold-4,INNER_CALIBRATION_ONLY_NOT_OUTER_OOF,4,2,2,False,57,0,0.0,0,0,0,,,1.8136326242107337,,,,,,,,,,,,0,0,0,,0,0.0,34,34,,0,0.0,31,31,,0,0.0,22,22,,0,0.0,9,9,2,0,0,17,0.0,precision1RatioMin:INCONCLUSIVE;precision2RatioMin:INCONCLUSIVE;winnerRetention3Min:FAIL;winnerRetention5Min:FAIL;adverseMeanRatioMax:INCONCLUSIVE;adverseES95RatioMax:INCONCLUSIVE;throughputRatioMin:FAIL;absoluteStrictLabelCoverageGapMax:INCONCLUSIVE
symbol-2-fold-4,INNER_CALIBRATION_ONLY_NOT_OUTER_OOF,4,2,5,False,57,57,3.5625,34,40,17,0.7017543859649122,0.08402585410895659,1.8136326242107337,1.8136326242107337,0.0,1.127507065254596,4.140435539537581,4.2950784440146075,8.953823953823953,-1.127507065254596,-4.295078444014609,-12.857142857142856,4.243025821198771,3.3766240884914756,16,2,1,0.85,34,1.0,34,0,0.775,31,1.0,31,0,0.55,22,1.0,22,0,0.225,9,1.0,9,0,0,2,32,17,1.0,adverseMeanRatioMax:FAIL
symbol-2-fold-4,INNER_CALIBRATION_ONLY_NOT_OUTER_OOF,4,2,10,False,57,57,3.5625,34,40,17,0.7017543859649122,0.08402585410895659,1.8136326242107337,1.8136326242107337,0.0,1.127507065254596,4.140435539537581,4.2950784440146075,8.953823953823953,-1.127507065254596,-4.295078444014609,-12.857142857142856,4.243025821198771,3.3766240884914756,16,2,1,0.85,34,1.0,34,0,0.775,31,1.0,31,0,0.55,22,1.0,22,0,0.225,9,1.0,9,0,0,2,32,17,1.0,adverseMeanRatioMax:FAIL
symbol-3-fold-1,INNER_CALIBRATION_ONLY_NOT_OUTER_OOF,1,3,1,False,11,0,0.0,0,0,0,,,1.5305505213289927,,,,,,,,,,,,0,0,0,,0,0.0,4,4,,0,0.0,3,3,,0,0.0,2,2,,0,0.0,2,2,0,0,0,6,0.0,precision1RatioMin:INCONCLUSIVE;precision2RatioMin:INCONCLUSIVE;winnerRetention3Min:FAIL;winnerRetention5Min:FAIL;adverseMeanRatioMax:INCONCLUSIVE;adverseES95RatioMax:INCONCLUSIVE;throughputRatioMin:FAIL;absoluteStrictLabelCoverageGapMax:INCONCLUSIVE
symbol-3-fold-1,INNER_CALIBRATION_ONLY_NOT_OUTER_OOF,1,3,2,False,11,4,1.0,3,3,1,0.75,0.375,1.5305505213289927,1.2423603600909698,18.829183174416507,1.5337423312883458,2.06141946544532,2.1273791072149417,2.1933387489845635,-1.5337423312883458,-2.1273791072149417,-2.1933387489845635,6.716772119980637,5.21472392638036,1,0,0,0.6666666666666666,2,0.5,4,2,0.6666666666666666,2,0.6666666666666666,3,1,0.6666666666666666,2,1.0,2,0,0.6666666666666666,2,1.0,2,0,0,0,2,6,0.36363636363636365,precision1RatioMin:FAIL;throughputRatioMin:FAIL;absoluteStrictLabelCoverageGapMax:FAIL
symbol-3-fold-1,INNER_CALIBRATION_ONLY_NOT_OUTER_OOF,1,3,5,False,11,11,2.75,8,5,6,0.45454545454545453,0.19008264462809918,1.5305505213289927,1.5305505213289927,0.0,1.5337423312883458,2.4535176361962785,2.540243931933517,2.626970227670755,-1.5337423312883458,-2.540243931933517,-2.626970227670755,4.745145037858238,2.2767075306479923,2,0,0,0.8,4,1.0,4,0,0.6,3,1.0,3,0,0.4,2,1.0,2,0,0.4,2,1.0,2,0,0,0,4,6,1.0,adverseMeanRatioMax:FAIL
symbol-3-fold-1,INNER_CALIBRATION_ONLY_NOT_OUTER_OOF,1,3,10,False,11,11,2.75,8,5,6,0.45454545454545453,0.19008264462809918,1.5305505213289927,1.5305505213289927,0.0,1.5337423312883458,2.4535176361962785,2.540243931933517,2.626970227670755,-1.5337423312883458,-2.540243931933517,-2.626970227670755,4.745145037858238,2.2767075306479923,2,0,0,0.8,4,1.0,4,0,0.6,3,1.0,3,0,0.4,2,1.0,2,0,0.4,2,1.0,2,0,0,0,4,6,1.0,adverseMeanRatioMax:FAIL
symbol-3-fold-2,INNER_CALIBRATION_ONLY_NOT_OUTER_OOF,2,3,1,False,21,2,0.25,2,0,2,0.0,0.5,2.0189725837885604,,,,,,,,,,,,0,0,0,,0,0.0,10,10,,0,0.0,9,9,,0,0.0,5,5,,0,0.0,3,3,2,0,0,9,0.09523809523809523,precision1RatioMin:INCONCLUSIVE;precision2RatioMin:INCONCLUSIVE;winnerRetention3Min:FAIL;winnerRetention5Min:FAIL;adverseMeanRatioMax:INCONCLUSIVE;adverseES95RatioMax:INCONCLUSIVE;throughputRatioMin:FAIL;absoluteStrictLabelCoverageGapMax:FAIL
symbol-3-fold-2,INNER_CALIBRATION_ONLY_NOT_OUTER_OOF,2,3,2,False,21,9,1.125,8,4,5,0.4444444444444444,0.13580246913580246,2.0189725837885604,1.0132583559913226,49.813169127340785,0.637627823093756,2.196016771488472,2.4868972746331246,2.777777777777779,-0.637627823093756,-2.486897274633125,-2.777777777777779,5.041022238177629,2.2447428890536747,1,0,0,1.0,4,0.4,10,6,0.75,3,0.3333333333333333,9,6,0.25,1,0.2,5,4,0.25,1,0.3333333333333333,3,2,2,0,4,9,0.42857142857142855,winnerRetention3Min:FAIL;winnerRetention5Min:FAIL;throughputRatioMin:FAIL;absoluteStrictLabelCoverageGapMax:FAIL
symbol-3-fold-2,INNER_CALIBRATION_ONLY_NOT_OUTER_OOF,2,3,5,False,21,21,2.625,11,12,9,0.5714285714285714,0.16099773242630383,2.0189725837885604,2.0189725837885604,0.0,0.942847421164128,5.321560614905625,7.287919210435863,9.345794392523366,-0.942847421164128,-7.287919210435865,-9.345794392523366,5.211659368430945,2.576574369027207,4,2,0,0.8333333333333334,10,1.0,10,0,0.75,9,1.0,9,0,0.4166666666666667,5,1.0,5,0,0.25,3,1.0,3,0,0,2,10,9,1.0,adverseMeanRatioMax:FAIL
symbol-3-fold-2,INNER_CALIBRATION_ONLY_NOT_OUTER_OOF,2,3,10,False,21,21,2.625,11,12,9,0.5714285714285714,0.16099773242630383,2.0189725837885604,2.0189725837885604,0.0,0.942847421164128,5.321560614905625,7.287919210435863,9.345794392523366,-0.942847421164128,-7.287919210435865,-9.345794392523366,5.211659368430945,2.576574369027207,4,2,0,0.8333333333333334,10,1.0,10,0,0.75,9,1.0,9,0,0.4166666666666667,5,1.0,5,0,0.25,3,1.0,3,0,0,2,10,9,1.0,adverseMeanRatioMax:FAIL
symbol-3-fold-3,INNER_CALIBRATION_ONLY_NOT_OUTER_OOF,3,3,1,False,48,0,0.0,0,0,0,,,2.0183336075554723,,,,,,,,,,,,0,0,0,,0,0.0,27,27,,0,0.0,23,23,,0,0.0,17,17,,0,0.0,10,10,4,0,0,17,0.0,precision1RatioMin:INCONCLUSIVE;precision2RatioMin:INCONCLUSIVE;winnerRetention3Min:FAIL;winnerRetention5Min:FAIL;adverseMeanRatioMax:INCONCLUSIVE;adverseES95RatioMax:INCONCLUSIVE;throughputRatioMin:FAIL;absoluteStrictLabelCoverageGapMax:INCONCLUSIVE
symbol-3-fold-3,INNER_CALIBRATION_ONLY_NOT_OUTER_OOF,3,3,2,False,48,12,1.0,11,8,4,0.6666666666666666,0.09722222222222221,2.0183336075554723,1.9654107215402825,2.622107951682373,1.920182396687392,4.315151515151518,4.682828282828283,5.05050505050505,-1.920182396687392,-4.682828282828283,-5.05050505050505,2.941091984715738,2.146464646464641,3,1,0,0.75,6,0.2222222222222222,27,21,0.625,5,0.21739130434782608,23,18,0.375,3,0.17647058823529413,17,14,0.125,1,0.1,10,9,3,1,5,17,0.25,precision1RatioMin:FAIL;precision2RatioMin:FAIL;winnerRetention3Min:FAIL;winnerRetention5Min:FAIL;adverseMeanRatioMax:FAIL;throughputRatioMin:FAIL
symbol-3-fold-3,INNER_CALIBRATION_ONLY_NOT_OUTER_OOF,3,3,5,False,48,48,4.0,36,31,17,0.6458333333333334,0.05642361111111111,2.0183336075554723,2.0183336075554723,0.0,1.0638297872340385,5.05050505050505,7.169998779871362,9.739855613642018,-1.0638297872340385,-7.169998779871362,-10.256410256410254,5.108680040991067,3.2362459546925626,11,4,1,0.8709677419354839,27,1.0,27,0,0.7419354838709677,23,1.0,23,0,0.5483870967741935,17,1.0,17,0,0.3225806451612903,10,1.0,10,0,0,4,24,17,1.0,adverseMeanRatioMax:FAIL
symbol-3-fold-3,INNER_CALIBRATION_ONLY_NOT_OUTER_OOF,3,3,10,False,48,48,4.0,36,31,17,0.6458333333333334,0.05642361111111111,2.0183336075554723,2.0183336075554723,0.0,1.0638297872340385,5.05050505050505,7.169998779871362,9.739855613642018,-1.0638297872340385,-7.169998779871362,-10.256410256410254,5.108680040991067,3.2362459546925626,11,4,1,0.8709677419354839,27,1.0,27,0,0.7419354838709677,23,1.0,23,0,0.5483870967741935,17,1.0,17,0,0.3225806451612903,10,1.0,10,0,0,4,24,17,1.0,adverseMeanRatioMax:FAIL
symbol-3-fold-4,INNER_CALIBRATION_ONLY_NOT_OUTER_OOF,4,3,1,False,53,0,0.0,0,0,0,,,1.9272823226044606,,,,,,,,,,,,0,0,0,,0,0.0,32,32,,0,0.0,30,30,,0,0.0,19,19,,0,0.0,9,9,2,0,0,15,0.0,precision1RatioMin:INCONCLUSIVE;precision2RatioMin:INCONCLUSIVE;winnerRetention3Min:FAIL;winnerRetention5Min:FAIL;adverseMeanRatioMax:INCONCLUSIVE;adverseES95RatioMax:INCONCLUSIVE;throughputRatioMin:FAIL;absoluteStrictLabelCoverageGapMax:INCONCLUSIVE
symbol-3-fold-4,INNER_CALIBRATION_ONLY_NOT_OUTER_OOF,4,3,2,False,53,15,0.9375,12,14,1,0.9333333333333333,0.10222222222222223,1.9272823226044606,1.7070410359906483,11.427557033584268,1.1305671426745545,3.8252104563580005,4.314974064974067,5.05050505050505,-1.1305671426745545,-4.314974064974067,-5.05050505050505,4.228537387335755,2.7954167831937715,5,1,0,0.9285714285714286,13,0.40625,32,19,0.8571428571428571,12,0.4,30,18,0.42857142857142855,6,0.3157894736842105,19,13,0.21428571428571427,3,0.3333333333333333,9,6,1,1,12,15,0.2830188679245283,winnerRetention3Min:FAIL;winnerRetention5Min:FAIL;throughputRatioMin:FAIL;absoluteStrictLabelCoverageGapMax:FAIL
symbol-3-fold-4,INNER_CALIBRATION_ONLY_NOT_OUTER_OOF,4,3,5,False,53,53,3.3125,31,38,15,0.7169811320754716,0.09505161979352082,1.9272823226044606,1.9272823226044606,0.0,1.356860458166792,4.145444549647229,4.374597034171496,8.953823953823953,-1.356860458166792,-4.374597034171497,-12.857142857142856,4.2070408676255475,2.96699438202247,16,2,1,0.8421052631578947,32,1.0,32,0,0.7894736842105263,30,1.0,30,0,0.5,19,1.0,19,0,0.23684210526315788,9,1.0,9,0,0,2,30,15,1.0,adverseMeanRatioMax:FAIL
symbol-3-fold-4,INNER_CALIBRATION_ONLY_NOT_OUTER_OOF,4,3,10,False,53,53,3.3125,31,38,15,0.7169811320754716,0.09505161979352082,1.9272823226044606,1.9272823226044606,0.0,1.356860458166792,4.145444549647229,4.374597034171496,8.953823953823953,-1.356860458166792,-4.374597034171497,-12.857142857142856,4.2070408676255475,2.96699438202247,16,2,1,0.8421052631578947,32,1.0,32,0,0.7894736842105263,30,1.0,30,0,0.5,19,1.0,19,0,0.23684210526315788,9,1.0,9,0,0,2,30,15,1.0,adverseMeanRatioMax:FAIL
symbol-4-fold-1,INNER_CALIBRATION_ONLY_NOT_OUTER_OOF,1,4,1,False,9,0,0.0,0,0,0,,,1.3869041863197002,,,,,,,,,,,,0,0,0,,0,0.0,3,3,,0,0.0,3,3,,0,0.0,2,2,,0,0.0,2,2,0,0,0,6,0.0,precision1RatioMin:INCONCLUSIVE;precision2RatioMin:INCONCLUSIVE;winnerRetention3Min:FAIL;winnerRetention5Min:FAIL;adverseMeanRatioMax:INCONCLUSIVE;adverseES95RatioMax:INCONCLUSIVE;throughputRatioMin:FAIL;absoluteStrictLabelCoverageGapMax:INCONCLUSIVE
symbol-4-fold-1,INNER_CALIBRATION_ONLY_NOT_OUTER_OOF,1,4,2,False,9,4,1.0,3,2,2,0.5,0.375,1.3869041863197002,0.7668711656441729,44.70626210458357,0.7668711656441729,1.3803680981595112,1.4570552147239284,1.5337423312883458,-0.7668711656441729,-1.4570552147239284,-1.5337423312883458,9.75021910604732,9.75021910604732,0,0,0,1.0,2,0.6666666666666666,3,1,1.0,2,0.6666666666666666,3,1,1.0,2,1.0,2,0,1.0,2,1.0,2,0,0,0,2,6,0.4444444444444444,throughputRatioMin:FAIL;absoluteStrictLabelCoverageGapMax:FAIL
symbol-4-fold-1,INNER_CALIBRATION_ONLY_NOT_OUTER_OOF,1,4,5,False,9,9,2.25,6,3,6,0.3333333333333333,0.25925925925925924,1.3869041863197002,1.3869041863197002,0.0,1.5337423312883458,2.4083246483942733,2.517647438032514,2.626970227670755,-1.5337423312883458,-2.5176474380325145,-2.626970227670755,7.259048580914211,5.21472392638036,1,0,0,1.0,3,1.0,3,0,1.0,3,1.0,3,0,0.6666666666666666,2,1.0,2,0,0.6666666666666666,2,1.0,2,0,0,0,3,6,1.0,adverseMeanRatioMax:FAIL
symbol-4-fold-1,INNER_CALIBRATION_ONLY_NOT_OUTER_OOF,1,4,10,False,9,9,2.25,6,3,6,0.3333333333333333,0.25925925925925924,1.3869041863197002,1.3869041863197002,0.0,1.5337423312883458,2.4083246483942733,2.517647438032514,2.626970227670755,-1.5337423312883458,-2.5176474380325145,-2.626970227670755,7.259048580914211,5.21472392638036,1,0,0,1.0,3,1.0,3,0,1.0,3,1.0,3,0,0.6666666666666666,2,1.0,2,0,0.6666666666666666,2,1.0,2,0,0,0,3,6,1.0,adverseMeanRatioMax:FAIL
symbol-4-fold-2,INNER_CALIBRATION_ONLY_NOT_OUTER_OOF,2,4,1,False,22,0,0.0,0,0,0,,,2.1000571380881192,,,,,,,,,,,,0,0,0,,0,0.0,11,11,,0,0.0,10,10,,0,0.0,6,6,,0,0.0,4,4,1,0,0,9,0.0,precision1RatioMin:INCONCLUSIVE;precision2RatioMin:INCONCLUSIVE;winnerRetention3Min:FAIL;winnerRetention5Min:FAIL;adverseMeanRatioMax:INCONCLUSIVE;adverseES95RatioMax:INCONCLUSIVE;throughputRatioMin:FAIL;absoluteStrictLabelCoverageGapMax:INCONCLUSIVE
symbol-4-fold-2,INNER_CALIBRATION_ONLY_NOT_OUTER_OOF,2,4,2,False,22,0,0.0,0,0,0,,,2.1000571380881192,,,,,,,,,,,,0,0,0,,0,0.0,11,11,,0,0.0,10,10,,0,0.0,6,6,,0,0.0,4,4,1,0,0,9,0.0,precision1RatioMin:INCONCLUSIVE;precision2RatioMin:INCONCLUSIVE;winnerRetention3Min:FAIL;winnerRetention5Min:FAIL;adverseMeanRatioMax:INCONCLUSIVE;adverseES95RatioMax:INCONCLUSIVE;throughputRatioMin:FAIL;absoluteStrictLabelCoverageGapMax:INCONCLUSIVE
symbol-4-fold-2,INNER_CALIBRATION_ONLY_NOT_OUTER_OOF,2,4,5,False,22,22,2.75,13,13,9,0.5909090909090909,0.1446280991735537,2.1000571380881192,2.1000571380881192,0.0,1.6920473773265665,3.7509181481778064,6.009337693443898,9.345794392523366,-1.6920473773265665,-6.009337693443905,-9.345794392523366,5.663273375486979,2.7272727272727337,5,1,0,0.8461538461538461,11,1.0,11,0,0.7692307692307693,10,1.0,10,0,0.46153846153846156,6,1.0,6,0,0.3076923076923077,4,1.0,4,0,0,1,11,9,1.0,adverseMeanRatioMax:FAIL
symbol-4-fold-2,INNER_CALIBRATION_ONLY_NOT_OUTER_OOF,2,4,10,False,22,22,2.75,13,13,9,0.5909090909090909,0.1446280991735537,2.1000571380881192,2.1000571380881192,0.0,1.6920473773265665,3.7509181481778064,6.009337693443898,9.345794392523366,-1.6920473773265665,-6.009337693443905,-9.345794392523366,5.663273375486979,2.7272727272727337,5,1,0,0.8461538461538461,11,1.0,11,0,0.7692307692307693,10,1.0,10,0,0.46153846153846156,6,1.0,6,0,0.3076923076923077,4,1.0,4,0,0,1,11,9,1.0,adverseMeanRatioMax:FAIL
symbol-4-fold-3,INNER_CALIBRATION_ONLY_NOT_OUTER_OOF,3,4,1,False,53,0,0.0,0,0,0,,,2.4761091417015124,,,,,,,,,,,,0,0,0,,0,0.0,33,33,,0,0.0,27,27,,0,0.0,19,19,,0,0.0,13,13,7,0,0,14,0.0,precision1RatioMin:INCONCLUSIVE;precision2RatioMin:INCONCLUSIVE;winnerRetention3Min:FAIL;winnerRetention5Min:FAIL;adverseMeanRatioMax:INCONCLUSIVE;adverseES95RatioMax:INCONCLUSIVE;throughputRatioMin:FAIL;absoluteStrictLabelCoverageGapMax:INCONCLUSIVE
symbol-4-fold-3,INNER_CALIBRATION_ONLY_NOT_OUTER_OOF,3,4,2,False,53,0,0.0,0,0,0,,,2.4761091417015124,,,,,,,,,,,,0,0,0,,0,0.0,33,33,,0,0.0,27,27,,0,0.0,19,19,,0,0.0,13,13,7,0,0,14,0.0,precision1RatioMin:INCONCLUSIVE;precision2RatioMin:INCONCLUSIVE;winnerRetention3Min:FAIL;winnerRetention5Min:FAIL;adverseMeanRatioMax:INCONCLUSIVE;adverseES95RatioMax:INCONCLUSIVE;throughputRatioMin:FAIL;absoluteStrictLabelCoverageGapMax:INCONCLUSIVE
symbol-4-fold-3,INNER_CALIBRATION_ONLY_NOT_OUTER_OOF,3,4,5,False,53,53,4.416666666666667,39,39,14,0.7358490566037735,0.049483802064791735,2.4761091417015124,2.4761091417015124,0.0,1.6666666666666718,6.622653097034579,9.326611899427432,10.786529393711113,-1.6666666666666718,-9.32661189942743,-11.316648531011975,5.012554910875239,2.679031427099443,16,7,2,0.8461538461538461,33,1.0,33,0,0.6923076923076923,27,1.0,27,0,0.48717948717948717,19,1.0,19,0,0.3333333333333333,13,1.0,13,0,0,7,28,14,1.0,adverseMeanRatioMax:FAIL
symbol-4-fold-3,INNER_CALIBRATION_ONLY_NOT_OUTER_OOF,3,4,10,False,53,53,4.416666666666667,39,39,14,0.7358490566037735,0.049483802064791735,2.4761091417015124,2.4761091417015124,0.0,1.6666666666666718,6.622653097034579,9.326611899427432,10.786529393711113,-1.6666666666666718,-9.32661189942743,-11.316648531011975,5.012554910875239,2.679031427099443,16,7,2,0.8461538461538461,33,1.0,33,0,0.6923076923076923,27,1.0,27,0,0.48717948717948717,19,1.0,19,0,0.3333333333333333,13,1.0,13,0,0,7,28,14,1.0,adverseMeanRatioMax:FAIL
symbol-4-fold-4,INNER_CALIBRATION_ONLY_NOT_OUTER_OOF,4,4,1,False,56,0,0.0,0,0,0,,,1.7635076650777672,,,,,,,,,,,,0,0,0,,0,0.0,35,35,,0,0.0,32,32,,0,0.0,20,20,,0,0.0,10,10,2,0,0,16,0.0,precision1RatioMin:INCONCLUSIVE;precision2RatioMin:INCONCLUSIVE;winnerRetention3Min:FAIL;winnerRetention5Min:FAIL;adverseMeanRatioMax:INCONCLUSIVE;adverseES95RatioMax:INCONCLUSIVE;throughputRatioMin:FAIL;absoluteStrictLabelCoverageGapMax:INCONCLUSIVE
symbol-4-fold-4,INNER_CALIBRATION_ONLY_NOT_OUTER_OOF,4,4,2,False,56,0,0.0,0,0,0,,,1.7635076650777672,,,,,,,,,,,,0,0,0,,0,0.0,35,35,,0,0.0,32,32,,0,0.0,20,20,,0,0.0,10,10,2,0,0,16,0.0,precision1RatioMin:INCONCLUSIVE;precision2RatioMin:INCONCLUSIVE;winnerRetention3Min:FAIL;winnerRetention5Min:FAIL;adverseMeanRatioMax:INCONCLUSIVE;adverseES95RatioMax:INCONCLUSIVE;throughputRatioMin:FAIL;absoluteStrictLabelCoverageGapMax:INCONCLUSIVE
symbol-4-fold-4,INNER_CALIBRATION_ONLY_NOT_OUTER_OOF,4,4,5,False,56,56,3.5,32,40,16,0.7142857142857143,0.08737244897959183,1.7635076650777672,1.7635076650777672,0.0,1.127507065254596,3.940820130475307,4.2950784440146075,8.953823953823953,-1.127507065254596,-4.295078444014609,-12.857142857142856,4.254759937798635,2.96699438202247,15,2,1,0.875,35,1.0,35,0,0.8,32,1.0,32,0,0.5,20,1.0,20,0,0.25,10,1.0,10,0,0,2,33,16,1.0,adverseMeanRatioMax:FAIL
symbol-4-fold-4,INNER_CALIBRATION_ONLY_NOT_OUTER_OOF,4,4,10,False,56,56,3.5,32,40,16,0.7142857142857143,0.08737244897959183,1.7635076650777672,1.7635076650777672,0.0,1.127507065254596,3.940820130475307,4.2950784440146075,8.953823953823953,-1.127507065254596,-4.295078444014609,-12.857142857142856,4.254759937798635,2.96699438202247,15,2,1,0.875,35,1.0,35,0,0.8,32,1.0,32,0,0.5,20,1.0,20,0,0.25,10,1.0,10,0,0,2,33,16,1.0,adverseMeanRatioMax:FAIL
