scope,fold,heldGroup,threshold,selectedThreshold,candidateRows,sessions,enterCount,enterRate,enterPerSession,uniqueSymbols,strict30mCount,coverageRate,baselineEnterCount,baselineMeanD30,meanD30,meanD30ImprovementPct,ES95D30,MAEMedian,MAEP05,MAEWorst,MFEMean,MFEMedian,precision1_hits,precision1_n,precision1_rate,preservation1_anchors,preservation1_hits,preservation1_unknownNumerators,preservation1_rate,precision2_hits,precision2_n,precision2_rate,preservation2_anchors,preservation2_hits,preservation2_unknownNumerators,preservation2_rate,precision3_hits,precision3_n,precision3_rate,preservation3_anchors,preservation3_hits,preservation3_unknownNumerators,preservation3_rate,precision5_hits,precision5_n,precision5_rate,preservation5_anchors,preservation5_hits,preservation5_unknownNumerators,preservation5_rate,MAE_minus2_count,MAE_minus2_rate,MAE_minus5_count,MAE_minus5_rate,MAE_minus10_count,MAE_minus10_rate,failedGates
CHRONOLOGICAL_INNER_CALIBRATION,1,,1,,200,4,1,0.005,0.25,1,1,1.0,12,1.5305505213289927,0,100.0,0,0,0,0,4.347826086956519,4.347826086956519,1,1,1.0,34,1,0,0.029411764705882353,1,1,1.0,24,1,0,0.041666666666666664,1,1,1.0,13,1,0,0.07692307692307693,0,1,0.0,4,0,0,0.0,0,0.0,0,0.0,0,0.0,throughputRatioMin:FAIL;preservation5RatioMin:FAIL;absoluteStrictLabelCoverageGapMax:FAIL
CHRONOLOGICAL_INNER_CALIBRATION,1,,2,,200,4,133,0.665,33.25,96,60,0.45112781954887216,12,1.5305505213289927,1.352772944081944,11.61527011161203,7.0727900971334,-0.6976249125688061,-3.7272610829698527,-9.972299168975074,2.039490689533018,1.0780298837852809,31,60,0.5166666666666667,34,30,0,0.8823529411764706,22,60,0.36666666666666664,24,21,0,0.875,12,60,0.2,13,11,0,0.8461538461538461,4,60,0.06666666666666667,4,3,0,0.75,14,0.23333333333333334,2,0.03333333333333333,0,0.0,adverseES95RatioMax:FAIL;precision1RatioMin:FAIL;precision2RatioMin:FAIL
CHRONOLOGICAL_INNER_CALIBRATION,1,,5,,200,4,136,0.68,34.0,97,62,0.45588235294117646,12,1.5305505213289927,1.409030214385336,7.939646895036134,6.795741646636522,-0.7706489675516237,-3.6814909754380194,-9.972299168975074,2.0936311053767542,1.1237373737373768,34,62,0.5483870967741935,34,34,0,1.0,24,62,0.3870967741935484,24,24,0,1.0,13,62,0.20967741935483872,13,13,0,1.0,4,62,0.06451612903225806,4,4,0,1.0,15,0.24193548387096775,3,0.04838709677419355,0,0.0,adverseMeanRatioMax:FAIL;adverseES95RatioMax:FAIL;precision1RatioMin:FAIL;precision2RatioMin:FAIL
CHRONOLOGICAL_INNER_CALIBRATION,1,,10,,200,4,136,0.68,34.0,97,62,0.45588235294117646,12,1.5305505213289927,1.409030214385336,7.939646895036134,6.795741646636522,-0.7706489675516237,-3.6814909754380194,-9.972299168975074,2.0936311053767542,1.1237373737373768,34,62,0.5483870967741935,34,34,0,1.0,24,62,0.3870967741935484,24,24,0,1.0,13,62,0.20967741935483872,13,13,0,1.0,4,62,0.06451612903225806,4,4,0,1.0,15,0.24193548387096775,3,0.04838709677419355,0,0.0,adverseMeanRatioMax:FAIL;adverseES95RatioMax:FAIL;precision1RatioMin:FAIL;precision2RatioMin:FAIL
CHRONOLOGICAL_INNER_CALIBRATION,2,,1,,400,8,2,0.005,0.25,2,0,0.0,25,2.2437409126747405,,,,,,,,,0,0,,83,0,0,0.0,0,0,,48,0,0,0.0,0,0,,29,0,0,0.0,0,0,,13,0,0,0.0,0,,0,,0,,adverseMeanRatioMax:INCONCLUSIVE;adverseES95RatioMax:INCONCLUSIVE;throughputRatioMin:FAIL;preservation3RatioMin:FAIL;preservation5RatioMin:FAIL;precision1RatioMin:INCONCLUSIVE;precision2RatioMin:INCONCLUSIVE;absoluteStrictLabelCoverageGapMax:FAIL
CHRONOLOGICAL_INNER_CALIBRATION,2,,2,,400,8,297,0.7425,37.125,204,129,0.43434343434343436,25,2.2437409126747405,1.4111731164406072,37.10623590856744,5.54049317095391,-1.092436974789912,-4.321957480685965,-6.756756756756754,2.2345808525555926,1.3574660633484115,81,129,0.627906976744186,83,81,0,0.9759036144578314,46,129,0.35658914728682173,48,46,0,0.9583333333333334,28,129,0.21705426356589147,29,28,0,0.9655172413793104,12,129,0.09302325581395349,13,12,0,0.9230769230769231,34,0.26356589147286824,5,0.03875968992248062,0,0.0,precision1RatioMin:FAIL;precision2RatioMin:FAIL;absoluteStrictLabelCoverageGapMax:FAIL
CHRONOLOGICAL_INNER_CALIBRATION,2,,5,,400,8,300,0.75,37.5,205,131,0.43666666666666665,25,2.2437409126747405,1.4637135426467178,34.76459183062095,6.234416606869661,-1.1296076099881147,-4.508657924179744,-9.345794392523366,2.3228695827892483,1.388888888888884,83,131,0.6335877862595419,83,83,0,1.0,48,131,0.366412213740458,48,48,0,1.0,29,131,0.22137404580152673,29,29,0,1.0,13,131,0.09923664122137404,13,13,0,1.0,35,0.26717557251908397,6,0.04580152671755725,0,0.0,precision1RatioMin:FAIL;precision2RatioMin:FAIL;absoluteStrictLabelCoverageGapMax:FAIL
CHRONOLOGICAL_INNER_CALIBRATION,2,,10,,400,8,300,0.75,37.5,205,131,0.43666666666666665,25,2.2437409126747405,1.4637135426467178,34.76459183062095,6.234416606869661,-1.1296076099881147,-4.508657924179744,-9.345794392523366,2.3228695827892483,1.388888888888884,83,131,0.6335877862595419,83,83,0,1.0,48,131,0.366412213740458,48,48,0,1.0,29,131,0.22137404580152673,29,29,0,1.0,13,131,0.09923664122137404,13,13,0,1.0,35,0.26717557251908397,6,0.04580152671755725,0,0.0,precision1RatioMin:FAIL;precision2RatioMin:FAIL;absoluteStrictLabelCoverageGapMax:FAIL
CHRONOLOGICAL_INNER_CALIBRATION,3,,1,,600,12,0,0.0,0.0,0,0,,65,2.3558275862678264,,,,,,,,,0,0,,153,0,0,0.0,0,0,,90,0,0,0.0,0,0,,62,0,0,0.0,0,0,,32,0,0,0.0,0,,0,,0,,adverseMeanRatioMax:INCONCLUSIVE;adverseES95RatioMax:INCONCLUSIVE;throughputRatioMin:FAIL;preservation3RatioMin:FAIL;preservation5RatioMin:FAIL;precision1RatioMin:INCONCLUSIVE;precision2RatioMin:INCONCLUSIVE;absoluteStrictLabelCoverageGapMax:INCONCLUSIVE
CHRONOLOGICAL_INNER_CALIBRATION,3,,2,,600,12,446,0.7433333333333333,37.166666666666664,268,215,0.4820627802690583,65,2.3558275862678264,1.9425676029898502,17.542030057160307,8.316705041956334,-1.1473962930273585,-6.378962131837308,-11.316648531011975,2.690632831857544,1.6393442622950838,146,215,0.6790697674418604,153,145,0,0.9477124183006536,86,215,0.4,90,86,0,0.9555555555555556,59,215,0.2744186046511628,62,59,0,0.9516129032258065,31,215,0.14418604651162792,32,31,0,0.96875,80,0.37209302325581395,22,0.10232558139534884,2,0.009302325581395349,precision1RatioMin:FAIL;precision2RatioMin:FAIL;absoluteStrictLabelCoverageGapMax:FAIL
CHRONOLOGICAL_INNER_CALIBRATION,3,,5,,600,12,454,0.7566666666666667,37.833333333333336,273,222,0.4889867841409692,65,2.3558275862678264,1.939255656338392,17.6826153304954,8.15263179570635,-1.1398329895399295,-6.338804826661558,-11.316648531011975,2.70064390189778,1.6565195144198297,153,222,0.6891891891891891,153,153,0,1.0,90,222,0.40540540540540543,90,90,0,1.0,62,222,0.27927927927927926,62,62,0,1.0,32,222,0.14414414414414414,32,32,0,1.0,81,0.36486486486486486,23,0.1036036036036036,2,0.009009009009009009,precision1RatioMin:FAIL;precision2RatioMin:FAIL;absoluteStrictLabelCoverageGapMax:FAIL
CHRONOLOGICAL_INNER_CALIBRATION,3,,10,,600,12,454,0.7566666666666667,37.833333333333336,273,222,0.4889867841409692,65,2.3558275862678264,1.939255656338392,17.6826153304954,8.15263179570635,-1.1398329895399295,-6.338804826661558,-11.316648531011975,2.70064390189778,1.6565195144198297,153,222,0.6891891891891891,153,153,0,1.0,90,222,0.40540540540540543,90,90,0,1.0,62,222,0.27927927927927926,62,62,0,1.0,32,222,0.14414414414414414,32,32,0,1.0,81,0.36486486486486486,23,0.1036036036036036,2,0.009009009009009009,precision1RatioMin:FAIL;precision2RatioMin:FAIL;absoluteStrictLabelCoverageGapMax:FAIL
CHRONOLOGICAL_INNER_CALIBRATION,4,,1,,800,16,0,0.0,0.0,0,0,,63,1.835280917874648,,,,,,,,,0,0,,187,0,0,0.0,0,0,,117,0,0,0.0,0,0,,80,0,0,0.0,0,0,,37,0,0,0.0,0,,0,,0,,adverseMeanRatioMax:INCONCLUSIVE;adverseES95RatioMax:INCONCLUSIVE;throughputRatioMin:FAIL;preservation3RatioMin:FAIL;preservation5RatioMin:FAIL;precision1RatioMin:INCONCLUSIVE;precision2RatioMin:INCONCLUSIVE;absoluteStrictLabelCoverageGapMax:INCONCLUSIVE
CHRONOLOGICAL_INNER_CALIBRATION,4,,2,,800,16,556,0.695,34.75,276,284,0.5107913669064749,63,1.835280917874648,1.6168490907684252,11.901819769323296,9.026423595455372,-0.992987054604022,-5.204889313584968,-29.670329670329664,2.3938875248041325,1.6949152542372836,187,284,0.6584507042253521,187,183,0,0.9786096256684492,116,284,0.4084507042253521,117,113,0,0.9658119658119658,80,284,0.28169014084507044,80,77,0,0.9625,37,284,0.13028169014084506,37,35,0,0.9459459459459459,83,0.29225352112676056,16,0.056338028169014086,3,0.01056338028169014,adverseES95RatioMax:FAIL;precision1RatioMin:FAIL;precision2RatioMin:FAIL;absoluteStrictLabelCoverageGapMax:FAIL
CHRONOLOGICAL_INNER_CALIBRATION,4,,5,,800,16,556,0.695,34.75,276,283,0.5089928057553957,63,1.835280917874648,1.6354707270453706,10.887172033623504,9.026423595455372,-1.0201603109060042,-5.215957955088392,-29.670329670329664,2.4006076253926407,1.6949152542372836,187,283,0.6607773851590106,187,187,0,1.0,117,283,0.4134275618374558,117,117,0,1.0,80,283,0.2826855123674912,80,80,0,1.0,37,283,0.13074204946996468,37,37,0,1.0,85,0.3003533568904594,16,0.05653710247349823,3,0.01060070671378092,adverseES95RatioMax:FAIL;precision1RatioMin:FAIL;precision2RatioMin:FAIL;absoluteStrictLabelCoverageGapMax:FAIL
CHRONOLOGICAL_INNER_CALIBRATION,4,,10,,800,16,556,0.695,34.75,276,283,0.5089928057553957,63,1.835280917874648,1.6354707270453706,10.887172033623504,9.026423595455372,-1.0201603109060042,-5.215957955088392,-29.670329670329664,2.4006076253926407,1.6949152542372836,187,283,0.6607773851590106,187,187,0,1.0,117,283,0.4134275618374558,117,117,0,1.0,80,283,0.2826855123674912,80,80,0,1.0,37,283,0.13074204946996468,37,37,0,1.0,85,0.3003533568904594,16,0.05653710247349823,3,0.01060070671378092,adverseES95RatioMax:FAIL;precision1RatioMin:FAIL;precision2RatioMin:FAIL;absoluteStrictLabelCoverageGapMax:FAIL
SYMBOL_DISJOINT_INNER_CALIBRATION,1,0,1,,171,4,0,0.0,0.0,0,0,,11,1.5305505213289927,,,,,,,,,0,0,,29,0,0,0.0,0,0,,20,0,0,0.0,0,0,,9,0,0,0.0,0,0,,2,0,0,0.0,0,,0,,0,,adverseMeanRatioMax:INCONCLUSIVE;adverseES95RatioMax:INCONCLUSIVE;throughputRatioMin:FAIL;preservation3RatioMin:FAIL;preservation5RatioMin:FAIL;precision1RatioMin:INCONCLUSIVE;precision2RatioMin:INCONCLUSIVE;absoluteStrictLabelCoverageGapMax:INCONCLUSIVE
SYMBOL_DISJOINT_INNER_CALIBRATION,1,0,2,,171,4,110,0.6432748538011696,27.5,79,54,0.4909090909090909,11,1.5305505213289927,1.4618047591112124,4.4915709256096665,7.0727900971334,-0.9759507829977587,-3.910200533526433,-9.972299168975074,1.797962189194196,0.965769259452609,26,54,0.48148148148148145,29,25,0,0.8620689655172413,18,54,0.3333333333333333,20,17,0,0.85,8,54,0.14814814814814814,9,7,0,0.7777777777777778,2,54,0.037037037037037035,2,1,0,0.5,14,0.25925925925925924,2,0.037037037037037035,0,0.0,adverseMeanRatioMax:FAIL;adverseES95RatioMax:FAIL;precision1RatioMin:FAIL;precision2RatioMin:FAIL
SYMBOL_DISJOINT_INNER_CALIBRATION,1,0,5,,171,4,112,0.6549707602339181,28.0,80,56,0.5,11,1.5305505213289927,1.5201956006960653,0.6765487639007306,7.8287318040007765,-1.1616937548853123,-4.416176996824772,-9.972299168975074,1.8665293817475757,1.0780298837852809,29,56,0.5178571428571429,29,29,0,1.0,20,56,0.35714285714285715,20,20,0,1.0,9,56,0.16071428571428573,9,9,0,1.0,2,56,0.03571428571428571,2,2,0,1.0,15,0.26785714285714285,3,0.05357142857142857,0,0.0,adverseMeanRatioMax:FAIL;adverseES95RatioMax:FAIL;precision1RatioMin:FAIL;precision2RatioMin:FAIL
SYMBOL_DISJOINT_INNER_CALIBRATION,1,0,10,,171,4,112,0.6549707602339181,28.0,80,56,0.5,11,1.5305505213289927,1.5201956006960653,0.6765487639007306,7.8287318040007765,-1.1616937548853123,-4.416176996824772,-9.972299168975074,1.8665293817475757,1.0780298837852809,29,56,0.5178571428571429,29,29,0,1.0,20,56,0.35714285714285715,20,20,0,1.0,9,56,0.16071428571428573,9,9,0,1.0,2,56,0.03571428571428571,2,2,0,1.0,15,0.26785714285714285,3,0.05357142857142857,0,0.0,adverseMeanRatioMax:FAIL;adverseES95RatioMax:FAIL;precision1RatioMin:FAIL;precision2RatioMin:FAIL
SYMBOL_DISJOINT_INNER_CALIBRATION,2,0,1,,293,8,0,0.0,0.0,0,0,,20,2.4092192381318314,,,,,,,,,0,0,,58,0,0,0.0,0,0,,34,0,0,0.0,0,0,,21,0,0,0.0,0,0,,9,0,0,0.0,0,,0,,0,,adverseMeanRatioMax:INCONCLUSIVE;adverseES95RatioMax:INCONCLUSIVE;throughputRatioMin:FAIL;preservation3RatioMin:FAIL;preservation5RatioMin:FAIL;precision1RatioMin:INCONCLUSIVE;precision2RatioMin:INCONCLUSIVE;absoluteStrictLabelCoverageGapMax:INCONCLUSIVE
SYMBOL_DISJOINT_INNER_CALIBRATION,2,0,2,,293,8,213,0.726962457337884,26.625,155,89,0.41784037558685444,20,2.4092192381318314,1.428855704505886,40.692167740871255,5.71867349391987,-1.1296076099881147,-4.231404595304198,-6.756756756756754,2.0978211498398185,1.2658227848101333,53,89,0.5955056179775281,58,53,0,0.9137931034482759,29,89,0.3258426966292135,34,29,0,0.8529411764705882,17,89,0.19101123595505617,21,17,0,0.8095238095238095,7,89,0.07865168539325842,9,7,0,0.7777777777777778,24,0.2696629213483146,4,0.0449438202247191,0,0.0,precision1RatioMin:FAIL;precision2RatioMin:FAIL;absoluteStrictLabelCoverageGapMax:FAIL
SYMBOL_DISJOINT_INNER_CALIBRATION,2,0,5,,293,8,219,0.7474402730375427,27.375,157,94,0.4292237442922374,20,2.4092192381318314,1.487168635288456,38.27175992328355,6.682035270975269,-1.1416101195052875,-4.905311683037639,-9.345794392523366,2.3756862945501505,1.321670507717021,58,94,0.6170212765957447,58,58,0,1.0,34,94,0.3617021276595745,34,34,0,1.0,21,94,0.22340425531914893,21,21,0,1.0,9,94,0.09574468085106383,9,9,0,1.0,26,0.2765957446808511,5,0.05319148936170213,0,0.0,precision1RatioMin:FAIL;precision2RatioMin:FAIL;absoluteStrictLabelCoverageGapMax:FAIL
SYMBOL_DISJOINT_INNER_CALIBRATION,2,0,10,,293,8,219,0.7474402730375427,27.375,157,94,0.4292237442922374,20,2.4092192381318314,1.487168635288456,38.27175992328355,6.682035270975269,-1.1416101195052875,-4.905311683037639,-9.345794392523366,2.3756862945501505,1.321670507717021,58,94,0.6170212765957447,58,58,0,1.0,34,94,0.3617021276595745,34,34,0,1.0,21,94,0.22340425531914893,21,21,0,1.0,9,94,0.09574468085106383,9,9,0,1.0,26,0.2765957446808511,5,0.05319148936170213,0,0.0,precision1RatioMin:FAIL;precision2RatioMin:FAIL;absoluteStrictLabelCoverageGapMax:FAIL
SYMBOL_DISJOINT_INNER_CALIBRATION,3,0,1,,459,12,1,0.002178649237472767,0.08333333333333333,1,1,1.0,57,2.139715737156699,1.3996889580093264,34.58528468509263,1.3996889580093264,-1.3996889580093264,-1.3996889580093264,-1.3996889580093264,0.4665629860031162,0.4665629860031162,0,1,0.0,117,0,0,0.0,0,1,0.0,71,0,0,0.0,0,1,0.0,50,0,0,0.0,0,1,0.0,26,0,0,0.0,0,0.0,0,0.0,0,0.0,throughputRatioMin:FAIL;preservation3RatioMin:FAIL;preservation5RatioMin:FAIL;precision1RatioMin:FAIL;precision2RatioMin:FAIL;absoluteStrictLabelCoverageGapMax:FAIL
SYMBOL_DISJOINT_INNER_CALIBRATION,3,0,2,,459,12,349,0.7603485838779956,29.083333333333332,209,169,0.48424068767908307,57,2.139715737156699,2.055034734511107,3.957581896281137,8.284519837604751,-1.3333333333333308,-6.410098176718095,-11.316648531011975,2.7899011039827473,1.5310233682514163,109,169,0.6449704142011834,117,108,0,0.9230769230769231,66,169,0.3905325443786982,71,66,0,0.9295774647887324,47,169,0.2781065088757396,50,47,0,0.94,25,169,0.14792899408284024,26,25,0,0.9615384615384616,67,0.39644970414201186,19,0.11242603550295859,1,0.005917159763313609,adverseMeanRatioMax:FAIL;precision1RatioMin:FAIL;precision2RatioMin:FAIL;absoluteStrictLabelCoverageGapMax:FAIL
SYMBOL_DISJOINT_INNER_CALIBRATION,3,0,5,,459,12,356,0.775599128540305,29.666666666666668,214,177,0.49719101123595505,57,2.139715737156699,2.03962400877753,4.677804936471275,8.284519837604751,-1.2961116650049842,-6.368583450210378,-11.316648531011975,2.797173723253339,1.6279069767441756,117,177,0.6610169491525424,117,117,0,1.0,71,177,0.4011299435028249,71,71,0,1.0,50,177,0.2824858757062147,50,50,0,1.0,26,177,0.14689265536723164,26,26,0,1.0,68,0.384180790960452,20,0.11299435028248588,1,0.005649717514124294,adverseMeanRatioMax:FAIL;precision1RatioMin:FAIL;precision2RatioMin:FAIL;absoluteStrictLabelCoverageGapMax:FAIL
SYMBOL_DISJOINT_INNER_CALIBRATION,3,0,10,,459,12,356,0.775599128540305,29.666666666666668,214,177,0.49719101123595505,57,2.139715737156699,2.03962400877753,4.677804936471275,8.284519837604751,-1.2961116650049842,-6.368583450210378,-11.316648531011975,2.797173723253339,1.6279069767441756,117,177,0.6610169491525424,117,117,0,1.0,71,177,0.4011299435028249,71,71,0,1.0,50,177,0.2824858757062147,50,50,0,1.0,26,177,0.14689265536723164,26,26,0,1.0,68,0.384180790960452,20,0.11299435028248588,1,0.005649717514124294,adverseMeanRatioMax:FAIL;precision1RatioMin:FAIL;precision2RatioMin:FAIL;absoluteStrictLabelCoverageGapMax:FAIL
SYMBOL_DISJOINT_INNER_CALIBRATION,4,0,1,,641,16,0,0.0,0.0,0,0,,51,1.8273559185274708,,,,,,,,,0,0,,156,0,0,0.0,0,0,,95,0,0,0.0,0,0,,63,0,0,0.0,0,0,,31,0,0,0.0,0,,0,,0,,adverseMeanRatioMax:INCONCLUSIVE;adverseES95RatioMax:INCONCLUSIVE;throughputRatioMin:FAIL;preservation3RatioMin:FAIL;preservation5RatioMin:FAIL;precision1RatioMin:INCONCLUSIVE;precision2RatioMin:INCONCLUSIVE;absoluteStrictLabelCoverageGapMax:INCONCLUSIVE
SYMBOL_DISJOINT_INNER_CALIBRATION,4,0,2,,641,16,446,0.6957878315132605,27.875,225,237,0.531390134529148,51,1.8273559185274708,1.6168256706135966,11.52103133162612,9.44989555434616,-0.9975062344139696,-4.944231181112745,-29.670329670329664,2.428879885242609,1.6393442622950838,156,237,0.6582278481012658,156,152,0,0.9743589743589743,94,237,0.39662447257383965,95,91,0,0.9578947368421052,63,237,0.26582278481012656,63,60,0,0.9523809523809523,31,237,0.1308016877637131,31,29,0,0.9354838709677419,67,0.28270042194092826,12,0.05063291139240506,3,0.012658227848101266,adverseES95RatioMax:FAIL;precision1RatioMin:FAIL;precision2RatioMin:FAIL;absoluteStrictLabelCoverageGapMax:FAIL
SYMBOL_DISJOINT_INNER_CALIBRATION,4,0,5,,641,16,446,0.6957878315132605,27.875,225,237,0.531390134529148,51,1.8273559185274708,1.635370771893919,10.506171495493788,9.44989555434616,-1.0273972602739767,-4.944231181112745,-29.670329670329664,2.429934804945449,1.6393442622950838,156,237,0.6582278481012658,156,156,0,1.0,95,237,0.4008438818565401,95,95,0,1.0,63,237,0.26582278481012656,63,63,0,1.0,31,237,0.1308016877637131,31,31,0,1.0,69,0.2911392405063291,12,0.05063291139240506,3,0.012658227848101266,adverseES95RatioMax:FAIL;precision1RatioMin:FAIL;precision2RatioMin:FAIL;absoluteStrictLabelCoverageGapMax:FAIL
SYMBOL_DISJOINT_INNER_CALIBRATION,4,0,10,,641,16,446,0.6957878315132605,27.875,225,237,0.531390134529148,51,1.8273559185274708,1.635370771893919,10.506171495493788,9.44989555434616,-1.0273972602739767,-4.944231181112745,-29.670329670329664,2.429934804945449,1.6393442622950838,156,237,0.6582278481012658,156,156,0,1.0,95,237,0.4008438818565401,95,95,0,1.0,63,237,0.26582278481012656,63,63,0,1.0,31,237,0.1308016877637131,31,31,0,1.0,69,0.2911392405063291,12,0.05063291139240506,3,0.012658227848101266,adverseES95RatioMax:FAIL;precision1RatioMin:FAIL;precision2RatioMin:FAIL;absoluteStrictLabelCoverageGapMax:FAIL
SYMBOL_DISJOINT_INNER_CALIBRATION,1,1,1,,145,4,0,0.0,0.0,0,0,,8,1.9131881516612408,,,,,,,,,0,0,,26,0,0,0.0,0,0,,18,0,0,0.0,0,0,,9,0,0,0.0,0,0,,3,0,0,0.0,0,,0,,0,,adverseMeanRatioMax:INCONCLUSIVE;adverseES95RatioMax:INCONCLUSIVE;throughputRatioMin:FAIL;preservation3RatioMin:INCONCLUSIVE;preservation5RatioMin:INCONCLUSIVE;precision1RatioMin:INCONCLUSIVE;precision2RatioMin:INCONCLUSIVE;absoluteStrictLabelCoverageGapMax:INCONCLUSIVE
SYMBOL_DISJOINT_INNER_CALIBRATION,1,1,2,,145,4,101,0.696551724137931,25.25,76,47,0.46534653465346537,8,1.9131881516612408,1.3043098622399514,31.825321983757537,6.869524040959422,-0.6614785992217875,-3.4367964259542134,-9.972299168975074,1.8928782366040695,1.1111111111111072,25,47,0.5319148936170213,26,25,0,0.9615384615384616,17,47,0.3617021276595745,18,17,0,0.9444444444444444,9,47,0.19148936170212766,9,9,0,1.0,3,47,0.06382978723404255,3,3,0,1.0,11,0.23404255319148937,2,0.0425531914893617,0,0.0,adverseES95RatioMax:FAIL;preservation3RatioMin:INCONCLUSIVE;preservation5RatioMin:INCONCLUSIVE;precision1RatioMin:FAIL;precision2RatioMin:FAIL
SYMBOL_DISJOINT_INNER_CALIBRATION,1,1,5,,145,4,103,0.7103448275862069,25.75,77,48,0.46601941747572817,8,1.9131881516612408,1.33186528651976,30.38503372690826,6.869524040959422,-0.6657476748202718,-3.39346730118929,-9.972299168975074,1.9008746802299845,1.1237373737373768,26,48,0.5416666666666666,26,26,0,1.0,18,48,0.375,18,18,0,1.0,9,48,0.1875,9,9,0,1.0,3,48,0.0625,3,3,0,1.0,12,0.25,2,0.041666666666666664,0,0.0,adverseES95RatioMax:FAIL;preservation3RatioMin:INCONCLUSIVE;preservation5RatioMin:INCONCLUSIVE;precision1RatioMin:FAIL;precision2RatioMin:FAIL
SYMBOL_DISJOINT_INNER_CALIBRATION,1,1,10,,145,4,103,0.7103448275862069,25.75,77,48,0.46601941747572817,8,1.9131881516612408,1.33186528651976,30.38503372690826,6.869524040959422,-0.6657476748202718,-3.39346730118929,-9.972299168975074,1.9008746802299845,1.1237373737373768,26,48,0.5416666666666666,26,26,0,1.0,18,48,0.375,18,18,0,1.0,9,48,0.1875,9,9,0,1.0,3,48,0.0625,3,3,0,1.0,12,0.25,2,0.041666666666666664,0,0.0,adverseES95RatioMax:FAIL;preservation3RatioMin:INCONCLUSIVE;preservation5RatioMin:INCONCLUSIVE;precision1RatioMin:FAIL;precision2RatioMin:FAIL
SYMBOL_DISJOINT_INNER_CALIBRATION,2,1,1,,322,8,0,0.0,0.0,0,0,,15,2.318812708311301,,,,,,,,,0,0,,70,0,0,0.0,0,0,,40,0,0,0.0,0,0,,21,0,0,0.0,0,0,,8,0,0,0.0,0,,0,,0,,adverseMeanRatioMax:INCONCLUSIVE;adverseES95RatioMax:INCONCLUSIVE;throughputRatioMin:FAIL;preservation3RatioMin:FAIL;preservation5RatioMin:FAIL;precision1RatioMin:INCONCLUSIVE;precision2RatioMin:INCONCLUSIVE;absoluteStrictLabelCoverageGapMax:INCONCLUSIVE
SYMBOL_DISJOINT_INNER_CALIBRATION,2,1,2,,322,8,242,0.7515527950310559,30.25,170,111,0.45867768595041325,15,2.318812708311301,1.530692299620494,33.988101146157845,5.715853642594043,-1.2372013651877123,-4.508657924179744,-6.756756756756754,1.9953339702522894,1.388888888888884,69,111,0.6216216216216216,70,69,0,0.9857142857142858,39,111,0.35135135135135137,40,39,0,0.975,21,111,0.1891891891891892,21,21,0,1.0,8,111,0.07207207207207207,8,8,0,1.0,32,0.2882882882882883,5,0.04504504504504504,0,0.0,adverseES95RatioMax:FAIL;precision1RatioMin:FAIL;precision2RatioMin:FAIL;absoluteStrictLabelCoverageGapMax:FAIL
SYMBOL_DISJOINT_INNER_CALIBRATION,2,1,5,,322,8,244,0.7577639751552795,30.5,171,112,0.45901639344262296,15,2.318812708311301,1.5291091849689413,34.05637378611183,5.715853642594043,-1.2555433577530917,-4.50662516587308,-6.756756756756754,2.0003434078164974,1.4019916142557598,70,112,0.625,70,70,0,1.0,40,112,0.35714285714285715,40,40,0,1.0,21,112,0.1875,21,21,0,1.0,8,112,0.07142857142857142,8,8,0,1.0,32,0.2857142857142857,5,0.044642857142857144,0,0.0,adverseES95RatioMax:FAIL;precision1RatioMin:FAIL;precision2RatioMin:FAIL;absoluteStrictLabelCoverageGapMax:FAIL
SYMBOL_DISJOINT_INNER_CALIBRATION,2,1,10,,322,8,244,0.7577639751552795,30.5,171,112,0.45901639344262296,15,2.318812708311301,1.5291091849689413,34.05637378611183,5.715853642594043,-1.2555433577530917,-4.50662516587308,-6.756756756756754,2.0003434078164974,1.4019916142557598,70,112,0.625,70,70,0,1.0,40,112,0.35714285714285715,40,40,0,1.0,21,112,0.1875,21,21,0,1.0,8,112,0.07142857142857142,8,8,0,1.0,32,0.2857142857142857,5,0.044642857142857144,0,0.0,adverseES95RatioMax:FAIL;precision1RatioMin:FAIL;precision2RatioMin:FAIL;absoluteStrictLabelCoverageGapMax:FAIL
SYMBOL_DISJOINT_INNER_CALIBRATION,3,1,1,,500,12,0,0.0,0.0,0,0,,51,2.738404403700667,,,,,,,,,0,0,,131,0,0,0.0,0,0,,75,0,0,0.0,0,0,,49,0,0,0.0,0,0,,23,0,0,0.0,0,,0,,0,,adverseMeanRatioMax:INCONCLUSIVE;adverseES95RatioMax:INCONCLUSIVE;throughputRatioMin:FAIL;preservation3RatioMin:FAIL;preservation5RatioMin:FAIL;precision1RatioMin:INCONCLUSIVE;precision2RatioMin:INCONCLUSIVE;absoluteStrictLabelCoverageGapMax:INCONCLUSIVE
SYMBOL_DISJOINT_INNER_CALIBRATION,3,1,2,,500,12,371,0.742,30.916666666666668,225,188,0.5067385444743935,51,2.738404403700667,2.0666648426570844,24.530327227629233,8.503214255829386,-1.298920377867746,-6.591397849462366,-11.316648531011975,2.3745972537089504,1.5467616841257081,126,188,0.6702127659574468,131,125,0,0.9541984732824428,73,188,0.3882978723404255,75,73,0,0.9733333333333334,47,188,0.25,49,47,0,0.9591836734693877,22,188,0.11702127659574468,23,22,0,0.9565217391304348,74,0.39361702127659576,21,0.11170212765957446,2,0.010638297872340425,precision1RatioMin:FAIL;precision2RatioMin:FAIL;absoluteStrictLabelCoverageGapMax:FAIL
SYMBOL_DISJOINT_INNER_CALIBRATION,3,1,5,,500,12,377,0.754,31.416666666666668,228,193,0.5119363395225465,51,2.738404403700667,2.0747884612554333,24.233672044509802,8.503214255829386,-1.3157894736842146,-6.537634408602153,-11.316648531011975,2.389988606766051,1.6064257028112428,131,193,0.6787564766839378,131,131,0,1.0,75,193,0.38860103626943004,75,75,0,1.0,49,193,0.2538860103626943,49,49,0,1.0,23,193,0.11917098445595854,23,23,0,1.0,75,0.38860103626943004,22,0.11398963730569948,2,0.010362694300518135,precision1RatioMin:FAIL;precision2RatioMin:FAIL;absoluteStrictLabelCoverageGapMax:FAIL
SYMBOL_DISJOINT_INNER_CALIBRATION,3,1,10,,500,12,377,0.754,31.416666666666668,228,193,0.5119363395225465,51,2.738404403700667,2.0747884612554333,24.233672044509802,8.503214255829386,-1.3157894736842146,-6.537634408602153,-11.316648531011975,2.389988606766051,1.6064257028112428,131,193,0.6787564766839378,131,131,0,1.0,75,193,0.38860103626943004,75,75,0,1.0,49,193,0.2538860103626943,49,49,0,1.0,23,193,0.11917098445595854,23,23,0,1.0,75,0.38860103626943004,22,0.11398963730569948,2,0.010362694300518135,precision1RatioMin:FAIL;precision2RatioMin:FAIL;absoluteStrictLabelCoverageGapMax:FAIL
SYMBOL_DISJOINT_INNER_CALIBRATION,4,1,1,,560,16,0,0.0,0.0,0,0,,35,1.852817866381225,,,,,,,,,0,0,,139,0,0,0.0,0,0,,86,0,0,0.0,0,0,,58,0,0,0.0,0,0,,24,0,0,0.0,0,,0,,0,,adverseMeanRatioMax:INCONCLUSIVE;adverseES95RatioMax:INCONCLUSIVE;throughputRatioMin:FAIL;preservation3RatioMin:FAIL;preservation5RatioMin:FAIL;precision1RatioMin:INCONCLUSIVE;precision2RatioMin:INCONCLUSIVE;absoluteStrictLabelCoverageGapMax:INCONCLUSIVE
SYMBOL_DISJOINT_INNER_CALIBRATION,4,1,2,,560,16,412,0.7357142857142858,25.75,215,211,0.5121359223300971,35,1.852817866381225,1.391042802699407,24.922852486505853,6.198213030264867,-0.9541984732824416,-4.612681495211618,-8.046817849305043,2.1647489976829273,1.6666666666666607,137,211,0.6492890995260664,139,137,0,0.9856115107913669,84,211,0.3981042654028436,86,84,0,0.9767441860465116,56,211,0.26540284360189575,58,56,0,0.9655172413793104,24,211,0.11374407582938388,24,24,0,1.0,56,0.26540284360189575,9,0.04265402843601896,0,0.0,adverseES95RatioMax:FAIL;precision1RatioMin:FAIL;precision2RatioMin:FAIL;absoluteStrictLabelCoverageGapMax:FAIL
SYMBOL_DISJOINT_INNER_CALIBRATION,4,1,5,,560,16,412,0.7357142857142858,25.75,215,212,0.5145631067961165,35,1.852817866381225,1.4046124385691803,24.19047419309721,6.198213030264867,-0.9824604947464177,-4.593180413963548,-8.046817849305043,2.193387255124731,1.6915489875953038,139,212,0.6556603773584906,139,139,0,1.0,86,212,0.4056603773584906,86,86,0,1.0,58,212,0.27358490566037735,58,58,0,1.0,24,212,0.11320754716981132,24,24,0,1.0,58,0.27358490566037735,9,0.04245283018867924,0,0.0,adverseES95RatioMax:FAIL;precision1RatioMin:FAIL;precision2RatioMin:FAIL;absoluteStrictLabelCoverageGapMax:FAIL
SYMBOL_DISJOINT_INNER_CALIBRATION,4,1,10,,560,16,412,0.7357142857142858,25.75,215,212,0.5145631067961165,35,1.852817866381225,1.4046124385691803,24.19047419309721,6.198213030264867,-0.9824604947464177,-4.593180413963548,-8.046817849305043,2.193387255124731,1.6915489875953038,139,212,0.6556603773584906,139,139,0,1.0,86,212,0.4056603773584906,86,86,0,1.0,58,212,0.27358490566037735,58,58,0,1.0,24,212,0.11320754716981132,24,24,0,1.0,58,0.27358490566037735,9,0.04245283018867924,0,0.0,adverseES95RatioMax:FAIL;precision1RatioMin:FAIL;precision2RatioMin:FAIL;absoluteStrictLabelCoverageGapMax:FAIL
SYMBOL_DISJOINT_INNER_CALIBRATION,1,2,1,,159,4,0,0.0,0.0,0,0,,9,1.1640133492286209,,,,,,,,,0,0,,30,0,0,0.0,0,0,,20,0,0,0.0,0,0,,12,0,0,0.0,0,0,,4,0,0,0.0,0,,0,,0,,adverseMeanRatioMax:INCONCLUSIVE;adverseES95RatioMax:INCONCLUSIVE;throughputRatioMin:FAIL;preservation3RatioMin:FAIL;preservation5RatioMin:FAIL;precision1RatioMin:INCONCLUSIVE;precision2RatioMin:INCONCLUSIVE;absoluteStrictLabelCoverageGapMax:INCONCLUSIVE
SYMBOL_DISJOINT_INNER_CALIBRATION,1,2,2,,159,4,112,0.7044025157232704,28.0,80,52,0.4642857142857143,9,1.1640133492286209,1.2793958383015085,-9.91247129161794,4.980947432322961,-0.9132664172160521,-3.528688984380653,-6.939501779359436,2.110214434837454,1.1237373737373768,29,52,0.5576923076923077,30,28,0,0.9333333333333333,19,52,0.36538461538461536,20,18,0,0.9,11,52,0.21153846153846154,12,10,0,0.8333333333333334,4,52,0.07692307692307693,4,3,0,0.75,12,0.23076923076923078,1,0.019230769230769232,0,0.0,adverseMeanRatioMax:FAIL;adverseES95RatioMax:FAIL;precision1RatioMin:FAIL;absoluteStrictLabelCoverageGapMax:FAIL
SYMBOL_DISJOINT_INNER_CALIBRATION,1,2,5,,159,4,113,0.710691823899371,28.25,80,52,0.46017699115044247,9,1.1640133492286209,1.3230078598515496,-13.659165569560926,5.736889139190337,-0.9132664172160521,-3.528688984380653,-6.939501779359436,2.1844505566072305,1.2175324675324672,30,52,0.5769230769230769,30,30,0,1.0,20,52,0.38461538461538464,20,20,0,1.0,12,52,0.23076923076923078,12,12,0,1.0,4,52,0.07692307692307693,4,4,0,1.0,12,0.23076923076923078,2,0.038461538461538464,0,0.0,adverseMeanRatioMax:FAIL;adverseES95RatioMax:FAIL;precision1RatioMin:FAIL;absoluteStrictLabelCoverageGapMax:FAIL
SYMBOL_DISJOINT_INNER_CALIBRATION,1,2,10,,159,4,113,0.710691823899371,28.25,80,52,0.46017699115044247,9,1.1640133492286209,1.3230078598515496,-13.659165569560926,5.736889139190337,-0.9132664172160521,-3.528688984380653,-6.939501779359436,2.1844505566072305,1.2175324675324672,30,52,0.5769230769230769,30,30,0,1.0,20,52,0.38461538461538464,20,20,0,1.0,12,52,0.23076923076923078,12,12,0,1.0,4,52,0.07692307692307693,4,4,0,1.0,12,0.23076923076923078,2,0.038461538461538464,0,0.0,adverseMeanRatioMax:FAIL;adverseES95RatioMax:FAIL;precision1RatioMin:FAIL;absoluteStrictLabelCoverageGapMax:FAIL
SYMBOL_DISJOINT_INNER_CALIBRATION,2,2,1,,323,8,1,0.0030959752321981426,0.125,1,0,0.0,22,2.3453568203789397,,,,,,,,,0,0,,68,0,0,0.0,0,0,,38,0,0,0.0,0,0,,23,0,0,0.0,0,0,,12,0,0,0.0,0,,0,,0,,adverseMeanRatioMax:INCONCLUSIVE;adverseES95RatioMax:INCONCLUSIVE;throughputRatioMin:FAIL;preservation3RatioMin:FAIL;preservation5RatioMin:FAIL;precision1RatioMin:INCONCLUSIVE;precision2RatioMin:INCONCLUSIVE;absoluteStrictLabelCoverageGapMax:FAIL
SYMBOL_DISJOINT_INNER_CALIBRATION,2,2,2,,323,8,235,0.7275541795665634,29.375,160,104,0.4425531914893617,22,2.3453568203789397,1.4407015613399072,38.57218019784585,6.147359915221812,-1.072534276868642,-4.522887232326386,-9.345794392523366,2.2964149304176154,1.3366277685163075,66,104,0.6346153846153846,68,66,0,0.9705882352941176,36,104,0.34615384615384615,38,36,0,0.9473684210526315,22,104,0.21153846153846154,23,22,0,0.9565217391304348,11,104,0.10576923076923077,12,11,0,0.9166666666666666,25,0.2403846153846154,5,0.04807692307692308,0,0.0,precision1RatioMin:FAIL;precision2RatioMin:FAIL;absoluteStrictLabelCoverageGapMax:FAIL
SYMBOL_DISJOINT_INNER_CALIBRATION,2,2,5,,323,8,237,0.7337461300309598,29.625,161,106,0.4472573839662447,22,2.3453568203789397,1.4262862814905373,39.186810761695014,6.147359915221812,-1.072534276868642,-4.5188217157130595,-9.345794392523366,2.4119741323263195,1.3862802014855236,68,106,0.6415094339622641,68,68,0,1.0,38,106,0.3584905660377358,38,38,0,1.0,23,106,0.2169811320754717,23,23,0,1.0,12,106,0.11320754716981132,12,12,0,1.0,25,0.2358490566037736,5,0.04716981132075472,0,0.0,precision1RatioMin:FAIL;precision2RatioMin:FAIL;absoluteStrictLabelCoverageGapMax:FAIL
SYMBOL_DISJOINT_INNER_CALIBRATION,2,2,10,,323,8,237,0.7337461300309598,29.625,161,106,0.4472573839662447,22,2.3453568203789397,1.4262862814905373,39.186810761695014,6.147359915221812,-1.072534276868642,-4.5188217157130595,-9.345794392523366,2.4119741323263195,1.3862802014855236,68,106,0.6415094339622641,68,68,0,1.0,38,106,0.3584905660377358,38,38,0,1.0,23,106,0.2169811320754717,23,23,0,1.0,12,106,0.11320754716981132,12,12,0,1.0,25,0.2358490566037736,5,0.04716981132075472,0,0.0,precision1RatioMin:FAIL;precision2RatioMin:FAIL;absoluteStrictLabelCoverageGapMax:FAIL
SYMBOL_DISJOINT_INNER_CALIBRATION,3,2,1,,490,12,0,0.0,0.0,0,0,,51,2.363720446801137,,,,,,,,,0,0,,120,0,0,0.0,0,0,,69,0,0,0.0,0,0,,45,0,0,0.0,0,0,,23,0,0,0.0,0,,0,,0,,adverseMeanRatioMax:INCONCLUSIVE;adverseES95RatioMax:INCONCLUSIVE;throughputRatioMin:FAIL;preservation3RatioMin:FAIL;preservation5RatioMin:FAIL;precision1RatioMin:INCONCLUSIVE;precision2RatioMin:INCONCLUSIVE;absoluteStrictLabelCoverageGapMax:INCONCLUSIVE
SYMBOL_DISJOINT_INNER_CALIBRATION,3,2,2,,490,12,364,0.7428571428571429,30.333333333333332,219,171,0.4697802197802198,51,2.363720446801137,1.8811300103603756,20.416561404029775,8.009952810616403,-1.098901098901095,-5.994659344638226,-11.316648531011975,2.545486864265976,1.4705882352941124,115,171,0.672514619883041,120,115,0,0.9583333333333334,66,171,0.38596491228070173,69,66,0,0.9565217391304348,43,171,0.25146198830409355,45,43,0,0.9555555555555556,23,171,0.13450292397660818,23,23,0,1.0,62,0.36257309941520466,16,0.0935672514619883,2,0.011695906432748537,precision1RatioMin:FAIL;precision2RatioMin:FAIL;absoluteStrictLabelCoverageGapMax:FAIL
SYMBOL_DISJOINT_INNER_CALIBRATION,3,2,5,,490,12,369,0.753061224489796,30.75,223,176,0.47696476964769646,51,2.363720446801137,1.8941509892206212,19.865693433248076,8.009952810616403,-1.1102533829806527,-6.11502095197164,-11.316648531011975,2.5503007489409484,1.509006107917532,120,176,0.6818181818181818,120,120,0,1.0,69,176,0.39204545454545453,69,69,0,1.0,45,176,0.2556818181818182,45,45,0,1.0,23,176,0.13068181818181818,23,23,0,1.0,64,0.36363636363636365,17,0.09659090909090909,2,0.011363636363636364,precision1RatioMin:FAIL;precision2RatioMin:FAIL;absoluteStrictLabelCoverageGapMax:FAIL
SYMBOL_DISJOINT_INNER_CALIBRATION,3,2,10,,490,12,369,0.753061224489796,30.75,223,176,0.47696476964769646,51,2.363720446801137,1.8941509892206212,19.865693433248076,8.009952810616403,-1.1102533829806527,-6.11502095197164,-11.316648531011975,2.5503007489409484,1.509006107917532,120,176,0.6818181818181818,120,120,0,1.0,69,176,0.39204545454545453,69,69,0,1.0,45,176,0.2556818181818182,45,45,0,1.0,23,176,0.13068181818181818,23,23,0,1.0,64,0.36363636363636365,17,0.09659090909090909,2,0.011363636363636364,precision1RatioMin:FAIL;precision2RatioMin:FAIL;absoluteStrictLabelCoverageGapMax:FAIL
SYMBOL_DISJOINT_INNER_CALIBRATION,4,2,1,,667,16,0,0.0,0.0,0,0,,57,1.8136326242107337,,,,,,,,,0,0,,148,0,0,0.0,0,0,,92,0,0,0.0,0,0,,62,0,0,0.0,0,0,,25,0,0,0.0,0,,0,,0,,adverseMeanRatioMax:INCONCLUSIVE;adverseES95RatioMax:INCONCLUSIVE;throughputRatioMin:FAIL;preservation3RatioMin:FAIL;preservation5RatioMin:FAIL;precision1RatioMin:INCONCLUSIVE;precision2RatioMin:INCONCLUSIVE;absoluteStrictLabelCoverageGapMax:INCONCLUSIVE
SYMBOL_DISJOINT_INNER_CALIBRATION,4,2,2,,667,16,464,0.6956521739130435,29.0,234,232,0.5,57,1.8136326242107337,1.790557350054234,1.272323504135342,9.861125955179277,-1.1011746873815842,-5.41886802088786,-29.670329670329664,2.314001006616828,1.6072203508916916,148,232,0.6379310344827587,148,144,0,0.972972972972973,91,232,0.3922413793103448,92,88,0,0.9565217391304348,62,232,0.2672413793103448,62,59,0,0.9516129032258065,25,232,0.10775862068965517,25,23,0,0.92,74,0.31896551724137934,15,0.06465517241379311,3,0.01293103448275862,adverseMeanRatioMax:FAIL;adverseES95RatioMax:FAIL;precision1RatioMin:FAIL;precision2RatioMin:FAIL;absoluteStrictLabelCoverageGapMax:FAIL
SYMBOL_DISJOINT_INNER_CALIBRATION,4,2,5,,667,16,464,0.6956521739130435,29.0,234,231,0.4978448275862069,57,1.8136326242107337,1.8141228536285257,-0.027030249194237577,9.861125955179277,-1.1282051282051286,-5.4239495422800434,-29.670329670329664,2.3218880280383027,1.6129032258064502,148,231,0.6406926406926406,148,148,0,1.0,92,231,0.39826839826839827,92,92,0,1.0,62,231,0.2683982683982684,62,62,0,1.0,25,231,0.10822510822510822,25,25,0,1.0,76,0.329004329004329,15,0.06493506493506493,3,0.012987012987012988,adverseMeanRatioMax:FAIL;adverseES95RatioMax:FAIL;precision1RatioMin:FAIL;precision2RatioMin:FAIL;absoluteStrictLabelCoverageGapMax:FAIL
SYMBOL_DISJOINT_INNER_CALIBRATION,4,2,10,,667,16,464,0.6956521739130435,29.0,234,231,0.4978448275862069,57,1.8136326242107337,1.8141228536285257,-0.027030249194237577,9.861125955179277,-1.1282051282051286,-5.4239495422800434,-29.670329670329664,2.3218880280383027,1.6129032258064502,148,231,0.6406926406926406,148,148,0,1.0,92,231,0.39826839826839827,92,92,0,1.0,62,231,0.2683982683982684,62,62,0,1.0,25,231,0.10822510822510822,25,25,0,1.0,76,0.329004329004329,15,0.06493506493506493,3,0.012987012987012988,adverseMeanRatioMax:FAIL;adverseES95RatioMax:FAIL;precision1RatioMin:FAIL;precision2RatioMin:FAIL;absoluteStrictLabelCoverageGapMax:FAIL
SYMBOL_DISJOINT_INNER_CALIBRATION,1,3,1,,170,4,10,0.058823529411764705,2.5,10,7,0.7,11,1.5305505213289927,1.6984557580698183,-10.970251187463687,4.836193447737913,-1.275318829707428,-4.103898287668035,-4.836193447737913,1.0417093170250333,0.8333333333333304,1,7,0.14285714285714285,25,1,0,0.04,1,7,0.14285714285714285,19,1,0,0.05263157894736842,1,7,0.14285714285714285,12,1,0,0.08333333333333333,0,7,0.0,4,0,0,0.0,2,0.2857142857142857,0,0.0,0,0.0,adverseMeanRatioMax:FAIL;adverseES95RatioMax:FAIL;preservation5RatioMin:FAIL;precision1RatioMin:FAIL;precision2RatioMin:FAIL;absoluteStrictLabelCoverageGapMax:FAIL
SYMBOL_DISJOINT_INNER_CALIBRATION,1,3,2,,170,4,107,0.6294117647058823,26.75,75,43,0.40186915887850466,11,1.5305505213289927,1.4182145047167136,7.3395823951460715,7.0727900971334,-0.707964601769917,-4.2150291280020244,-9.972299168975074,2.3641573743922817,1.0769230769230864,22,43,0.5116279069767442,25,21,0,0.84,17,43,0.3953488372093023,19,16,0,0.8421052631578947,11,43,0.2558139534883721,12,10,0,0.8333333333333334,4,43,0.09302325581395349,4,3,0,0.75,10,0.23255813953488372,2,0.046511627906976744,0,0.0,adverseMeanRatioMax:FAIL;adverseES95RatioMax:FAIL;precision1RatioMin:FAIL;precision2RatioMin:FAIL;absoluteStrictLabelCoverageGapMax:FAIL
SYMBOL_DISJOINT_INNER_CALIBRATION,1,3,5,,170,4,109,0.6411764705882353,27.25,76,45,0.41284403669724773,11,1.5305505213289927,1.492816007773175,2.465420973039989,7.8287318040007765,-0.8333333333333304,-5.9377490094200605,-9.972299168975074,2.4243212057832397,1.298701298701288,25,45,0.5555555555555556,25,25,0,1.0,19,45,0.4222222222222222,19,19,0,1.0,12,45,0.26666666666666666,12,12,0,1.0,4,45,0.08888888888888889,4,4,0,1.0,11,0.24444444444444444,3,0.06666666666666667,0,0.0,adverseMeanRatioMax:FAIL;adverseES95RatioMax:FAIL;precision1RatioMin:FAIL;precision2RatioMin:FAIL
SYMBOL_DISJOINT_INNER_CALIBRATION,1,3,10,,170,4,109,0.6411764705882353,27.25,76,45,0.41284403669724773,11,1.5305505213289927,1.492816007773175,2.465420973039989,7.8287318040007765,-0.8333333333333304,-5.9377490094200605,-9.972299168975074,2.4243212057832397,1.298701298701288,25,45,0.5555555555555556,25,25,0,1.0,19,45,0.4222222222222222,19,19,0,1.0,12,45,0.26666666666666666,12,12,0,1.0,4,45,0.08888888888888889,4,4,0,1.0,11,0.24444444444444444,3,0.06666666666666667,0,0.0,adverseMeanRatioMax:FAIL;adverseES95RatioMax:FAIL;precision1RatioMin:FAIL;precision2RatioMin:FAIL
SYMBOL_DISJOINT_INNER_CALIBRATION,2,3,1,,328,8,3,0.009146341463414634,0.375,3,2,0.6666666666666666,21,2.0189725837885604,0.8120904936227746,59.77704203893133,1.4423076923076872,-0.8120904936227746,-1.379285972439196,-1.4423076923076872,0.664755636906289,0.664755636906289,0,2,0.0,67,0,0,0.0,0,2,0.0,41,0,0,0.0,0,2,0.0,25,0,0,0.0,0,2,0.0,12,0,0,0.0,0,0.0,0,0.0,0,0.0,throughputRatioMin:FAIL;preservation3RatioMin:FAIL;preservation5RatioMin:FAIL;precision1RatioMin:FAIL;precision2RatioMin:FAIL;absoluteStrictLabelCoverageGapMax:FAIL
SYMBOL_DISJOINT_INNER_CALIBRATION,2,3,2,,328,8,244,0.7439024390243902,30.5,160,101,0.4139344262295082,21,2.0189725837885604,1.3491601647425546,33.17590463705636,5.387810813246039,-0.994035785288272,-4.072398190045245,-6.756756756756754,2.18201585270186,1.3513513513513598,62,101,0.6138613861386139,67,62,0,0.9253731343283582,36,101,0.3564356435643564,41,36,0,0.8780487804878049,21,101,0.2079207920792079,25,21,0,0.84,10,101,0.09900990099009901,12,10,0,0.8333333333333334,25,0.24752475247524752,4,0.039603960396039604,0,0.0,precision1RatioMin:FAIL;precision2RatioMin:FAIL;absoluteStrictLabelCoverageGapMax:FAIL
SYMBOL_DISJOINT_INNER_CALIBRATION,2,3,5,,328,8,250,0.7621951219512195,31.25,162,106,0.424,21,2.0189725837885604,1.4046308552366888,30.428433426226718,6.266710180325726,-0.9934850214541602,-4.384347303346145,-9.345794392523366,2.424453117687341,1.4019916142557598,67,106,0.6320754716981132,67,67,0,1.0,41,106,0.3867924528301887,41,41,0,1.0,25,106,0.2358490566037736,25,25,0,1.0,12,106,0.11320754716981132,12,12,0,1.0,27,0.25471698113207547,5,0.04716981132075472,0,0.0,precision1RatioMin:FAIL;precision2RatioMin:FAIL;absoluteStrictLabelCoverageGapMax:FAIL
SYMBOL_DISJOINT_INNER_CALIBRATION,2,3,10,,328,8,250,0.7621951219512195,31.25,162,106,0.424,21,2.0189725837885604,1.4046308552366888,30.428433426226718,6.266710180325726,-0.9934850214541602,-4.384347303346145,-9.345794392523366,2.424453117687341,1.4019916142557598,67,106,0.6320754716981132,67,67,0,1.0,41,106,0.3867924528301887,41,41,0,1.0,25,106,0.2358490566037736,25,25,0,1.0,12,106,0.11320754716981132,12,12,0,1.0,27,0.25471698113207547,5,0.04716981132075472,0,0.0,precision1RatioMin:FAIL;precision2RatioMin:FAIL;absoluteStrictLabelCoverageGapMax:FAIL
SYMBOL_DISJOINT_INNER_CALIBRATION,3,3,1,,470,12,0,0.0,0.0,0,0,,48,2.0183336075554723,,,,,,,,,0,0,,119,0,0,0.0,0,0,,70,0,0,0.0,0,0,,50,0,0,0.0,0,0,,27,0,0,0.0,0,,0,,0,,adverseMeanRatioMax:INCONCLUSIVE;adverseES95RatioMax:INCONCLUSIVE;throughputRatioMin:FAIL;preservation3RatioMin:FAIL;preservation5RatioMin:FAIL;precision1RatioMin:INCONCLUSIVE;precision2RatioMin:INCONCLUSIVE;absoluteStrictLabelCoverageGapMax:INCONCLUSIVE
SYMBOL_DISJOINT_INNER_CALIBRATION,3,3,2,,470,12,346,0.7361702127659574,28.833333333333332,205,158,0.45664739884393063,48,2.0183336075554723,1.7413868058665367,13.721557261505591,7.7675021379657805,-1.068395580312298,-5.90080405002978,-10.256410256410254,2.9521386187183136,1.7398789339044485,115,158,0.7278481012658228,119,115,0,0.9663865546218487,67,158,0.4240506329113924,70,67,0,0.9571428571428572,48,158,0.3037974683544304,50,48,0,0.96,27,158,0.17088607594936708,27,27,0,1.0,50,0.31645569620253167,15,0.0949367088607595,1,0.006329113924050633,precision1RatioMin:FAIL;precision2RatioMin:FAIL;absoluteStrictLabelCoverageGapMax:FAIL
SYMBOL_DISJOINT_INNER_CALIBRATION,3,3,5,,470,12,351,0.7468085106382979,29.25,208,162,0.46153846153846156,48,2.0183336075554723,1.7261719313952222,14.47539074147931,7.551326101327269,-1.0466207759699586,-5.8160568171370794,-10.256410256410254,2.952514151786715,1.764562430323302,119,162,0.7345679012345679,119,119,0,1.0,70,162,0.43209876543209874,70,70,0,1.0,50,162,0.30864197530864196,50,50,0,1.0,27,162,0.16666666666666666,27,27,0,1.0,51,0.3148148148148148,15,0.09259259259259259,1,0.006172839506172839,precision1RatioMin:FAIL;precision2RatioMin:FAIL;absoluteStrictLabelCoverageGapMax:FAIL
SYMBOL_DISJOINT_INNER_CALIBRATION,3,3,10,,470,12,351,0.7468085106382979,29.25,208,162,0.46153846153846156,48,2.0183336075554723,1.7261719313952222,14.47539074147931,7.551326101327269,-1.0466207759699586,-5.8160568171370794,-10.256410256410254,2.952514151786715,1.764562430323302,119,162,0.7345679012345679,119,119,0,1.0,70,162,0.43209876543209874,70,70,0,1.0,50,162,0.30864197530864196,50,50,0,1.0,27,162,0.16666666666666666,27,27,0,1.0,51,0.3148148148148148,15,0.09259259259259259,1,0.006172839506172839,precision1RatioMin:FAIL;precision2RatioMin:FAIL;absoluteStrictLabelCoverageGapMax:FAIL
SYMBOL_DISJOINT_INNER_CALIBRATION,4,3,1,,686,16,0,0.0,0.0,0,0,,53,1.9272823226044606,,,,,,,,,0,0,,156,0,0,0.0,0,0,,100,0,0,0.0,0,0,,69,0,0,0.0,0,0,,34,0,0,0.0,0,,0,,0,,adverseMeanRatioMax:INCONCLUSIVE;adverseES95RatioMax:INCONCLUSIVE;throughputRatioMin:FAIL;preservation3RatioMin:FAIL;preservation5RatioMin:FAIL;precision1RatioMin:INCONCLUSIVE;precision2RatioMin:INCONCLUSIVE;absoluteStrictLabelCoverageGapMax:INCONCLUSIVE
SYMBOL_DISJOINT_INNER_CALIBRATION,4,3,2,,686,16,464,0.6763848396501457,29.0,220,230,0.4956896551724138,53,1.9272823226044606,1.6681209153057361,13.446987203644511,9.804935509259824,-0.992987054604022,-5.312366737739874,-29.670329670329664,2.5496423985706893,1.814934719246175,155,230,0.6739130434782609,156,154,0,0.9871794871794872,99,230,0.43043478260869567,100,98,0,0.98,69,230,0.3,69,68,0,0.9855072463768116,34,230,0.14782608695652175,34,34,0,1.0,68,0.2956521739130435,14,0.06086956521739131,3,0.013043478260869565,adverseES95RatioMax:FAIL;precision1RatioMin:FAIL;precision2RatioMin:FAIL;absoluteStrictLabelCoverageGapMax:FAIL
SYMBOL_DISJOINT_INNER_CALIBRATION,4,3,5,,686,16,464,0.6763848396501457,29.0,220,230,0.4956896551724138,53,1.9272823226044606,1.6840038456344628,12.62287699714072,9.804935509259824,-1.00945593572766,-5.312366737739874,-29.670329670329664,2.5556747446595445,1.8176812174609425,156,230,0.6782608695652174,156,156,0,1.0,100,230,0.43478260869565216,100,100,0,1.0,69,230,0.3,69,69,0,1.0,34,230,0.14782608695652175,34,34,0,1.0,70,0.30434782608695654,14,0.06086956521739131,3,0.013043478260869565,adverseES95RatioMax:FAIL;precision1RatioMin:FAIL;precision2RatioMin:FAIL;absoluteStrictLabelCoverageGapMax:FAIL
SYMBOL_DISJOINT_INNER_CALIBRATION,4,3,10,,686,16,464,0.6763848396501457,29.0,220,230,0.4956896551724138,53,1.9272823226044606,1.6840038456344628,12.62287699714072,9.804935509259824,-1.00945593572766,-5.312366737739874,-29.670329670329664,2.5556747446595445,1.8176812174609425,156,230,0.6782608695652174,156,156,0,1.0,100,230,0.43478260869565216,100,100,0,1.0,69,230,0.3,69,69,0,1.0,34,230,0.14782608695652175,34,34,0,1.0,70,0.30434782608695654,14,0.06086956521739131,3,0.013043478260869565,adverseES95RatioMax:FAIL;precision1RatioMin:FAIL;precision2RatioMin:FAIL;absoluteStrictLabelCoverageGapMax:FAIL
SYMBOL_DISJOINT_INNER_CALIBRATION,1,4,1,,155,4,5,0.03225806451612903,1.25,5,4,0.8,9,1.3869041863197002,1.0851362902411261,21.758380936129974,2.39520958083832,-0.972667790063092,-2.227225968168686,-2.39520958083832,1.3957648796074917,0.617616715736724,1,4,0.25,26,1,0,0.038461538461538464,1,4,0.25,19,1,0,0.05263157894736842,1,4,0.25,10,1,0,0.1,0,4,0.0,3,0,0,0.0,1,0.25,0,0.0,0,0.0,throughputRatioMin:FAIL;preservation5RatioMin:FAIL;precision1RatioMin:FAIL;precision2RatioMin:FAIL;absoluteStrictLabelCoverageGapMax:FAIL
SYMBOL_DISJOINT_INNER_CALIBRATION,1,4,2,,155,4,104,0.6709677419354839,26.0,74,46,0.4423076923076923,9,1.3869041863197002,1.2937191601149753,6.7189231328229955,5.991879895528173,-0.6976249125688061,-3.620370179015073,-9.972299168975074,2.0571742399572472,1.0780298837852809,24,46,0.5217391304347826,26,23,0,0.8846153846153846,17,46,0.3695652173913043,19,16,0,0.8421052631578947,9,46,0.1956521739130435,10,8,0,0.8,3,46,0.06521739130434782,3,2,0,0.6666666666666666,9,0.1956521739130435,1,0.021739130434782608,0,0.0,adverseMeanRatioMax:FAIL;adverseES95RatioMax:FAIL;precision1RatioMin:FAIL;precision2RatioMin:FAIL;absoluteStrictLabelCoverageGapMax:FAIL
SYMBOL_DISJOINT_INNER_CALIBRATION,1,4,5,,155,4,107,0.6903225806451613,26.75,75,47,0.4392523364485981,9,1.3869041863197002,1.3703378024162074,1.1944865454226905,6.74782160239555,-0.707964601769917,-3.605089979909336,-9.972299168975074,2.1439787425682924,1.1111111111111072,26,47,0.5531914893617021,26,26,0,1.0,19,47,0.40425531914893614,19,19,0,1.0,10,47,0.2127659574468085,10,10,0,1.0,3,47,0.06382978723404255,3,3,0,1.0,10,0.2127659574468085,2,0.0425531914893617,0,0.0,adverseMeanRatioMax:FAIL;adverseES95RatioMax:FAIL;precision1RatioMin:FAIL;precision2RatioMin:FAIL;absoluteStrictLabelCoverageGapMax:FAIL
SYMBOL_DISJOINT_INNER_CALIBRATION,1,4,10,,155,4,107,0.6903225806451613,26.75,75,47,0.4392523364485981,9,1.3869041863197002,1.3703378024162074,1.1944865454226905,6.74782160239555,-0.707964601769917,-3.605089979909336,-9.972299168975074,2.1439787425682924,1.1111111111111072,26,47,0.5531914893617021,26,26,0,1.0,19,47,0.40425531914893614,19,19,0,1.0,10,47,0.2127659574468085,10,10,0,1.0,3,47,0.06382978723404255,3,3,0,1.0,10,0.2127659574468085,2,0.0425531914893617,0,0.0,adverseMeanRatioMax:FAIL;adverseES95RatioMax:FAIL;precision1RatioMin:FAIL;precision2RatioMin:FAIL;absoluteStrictLabelCoverageGapMax:FAIL
SYMBOL_DISJOINT_INNER_CALIBRATION,2,4,1,,334,8,6,0.017964071856287425,0.75,5,3,0.5,22,2.1000571380881192,0.9425972732476806,55.1156368009198,1.4423076923076872,-1.2036108324974926,-1.4184380063266677,-1.4423076923076872,0.576904961548356,0.48076923076922906,0,3,0.0,69,0,0,0.0,0,3,0.0,39,0,0,0.0,0,3,0.0,26,0,0,0.0,0,3,0.0,11,0,0,0.0,0,0.0,0,0.0,0,0.0,throughputRatioMin:FAIL;preservation3RatioMin:FAIL;preservation5RatioMin:FAIL;precision1RatioMin:FAIL;precision2RatioMin:FAIL;absoluteStrictLabelCoverageGapMax:FAIL
SYMBOL_DISJOINT_INNER_CALIBRATION,2,4,2,,334,8,248,0.7425149700598802,31.0,169,105,0.42338709677419356,22,2.1000571380881192,1.404788960123074,33.10710767603273,5.258037530187734,-1.0526315789473717,-4.070101293152947,-6.756756756756754,2.3208648107493306,1.388888888888884,68,105,0.6476190476190476,69,68,0,0.9855072463768116,38,105,0.3619047619047619,39,38,0,0.9743589743589743,25,105,0.23809523809523808,26,25,0,0.9615384615384616,10,105,0.09523809523809523,11,10,0,0.9090909090909091,29,0.2761904761904762,3,0.02857142857142857,0,0.0,precision1RatioMin:FAIL;precision2RatioMin:FAIL;absoluteStrictLabelCoverageGapMax:FAIL
SYMBOL_DISJOINT_INNER_CALIBRATION,2,4,5,,334,8,250,0.7485029940119761,31.25,169,106,0.424,22,2.1000571380881192,1.4703264096241309,29.98636165858286,6.13693689726742,-1.0911195944677432,-4.384347303346145,-9.345794392523366,2.4261264105373224,1.4019916142557598,69,106,0.6509433962264151,69,69,0,1.0,39,106,0.36792452830188677,39,39,0,1.0,26,106,0.24528301886792453,26,26,0,1.0,11,106,0.10377358490566038,11,11,0,1.0,30,0.2830188679245283,4,0.03773584905660377,0,0.0,precision1RatioMin:FAIL;precision2RatioMin:FAIL;absoluteStrictLabelCoverageGapMax:FAIL
SYMBOL_DISJOINT_INNER_CALIBRATION,2,4,10,,334,8,250,0.7485029940119761,31.25,169,106,0.424,22,2.1000571380881192,1.4703264096241309,29.98636165858286,6.13693689726742,-1.0911195944677432,-4.384347303346145,-9.345794392523366,2.4261264105373224,1.4019916142557598,69,106,0.6509433962264151,69,69,0,1.0,39,106,0.36792452830188677,39,39,0,1.0,26,106,0.24528301886792453,26,26,0,1.0,11,106,0.10377358490566038,11,11,0,1.0,30,0.2830188679245283,4,0.03773584905660377,0,0.0,precision1RatioMin:FAIL;precision2RatioMin:FAIL;absoluteStrictLabelCoverageGapMax:FAIL
SYMBOL_DISJOINT_INNER_CALIBRATION,3,4,1,,481,12,5,0.010395010395010396,0.4166666666666667,5,4,0.8,53,2.4761091417015124,1.7914386634145962,27.65106217476464,2.7027027027026973,-1.5986145830727827,-2.5669283285177285,-2.7027027027026973,0.2221259785682883,0.21097046413501852,0,4,0.0,125,0,0,0.0,0,4,0.0,75,0,0,0.0,0,4,0.0,54,0,0,0.0,0,4,0.0,29,0,0,0.0,1,0.25,0,0.0,0,0.0,throughputRatioMin:FAIL;preservation3RatioMin:FAIL;preservation5RatioMin:FAIL;precision1RatioMin:FAIL;precision2RatioMin:FAIL;absoluteStrictLabelCoverageGapMax:FAIL
SYMBOL_DISJOINT_INNER_CALIBRATION,3,4,2,,481,12,357,0.7422037422037422,29.75,216,175,0.49019607843137253,53,2.4761091417015124,1.9309713565170918,22.0159029343035,8.674715066509657,-1.1473962930273585,-6.516129032258068,-11.316648531011975,2.8825205099745905,1.6883116883116944,120,175,0.6857142857142857,125,120,0,0.96,73,175,0.41714285714285715,75,73,0,0.9733333333333334,53,175,0.3028571428571429,54,53,0,0.9814814814814815,29,175,0.1657142857142857,29,29,0,1.0,65,0.37142857142857144,17,0.09714285714285714,2,0.011428571428571429,precision1RatioMin:FAIL;precision2RatioMin:FAIL;absoluteStrictLabelCoverageGapMax:FAIL
SYMBOL_DISJOINT_INNER_CALIBRATION,3,4,5,,481,12,363,0.7546777546777547,30.25,219,180,0.49586776859504134,53,2.4761091417015124,1.9311165181317518,22.010040445763913,8.674715066509657,-1.1398329895399295,-6.4623655913978535,-11.316648531011975,2.8591333908915826,1.6875293381317547,125,180,0.6944444444444444,125,125,0,1.0,75,180,0.4166666666666667,75,75,0,1.0,54,180,0.3,54,54,0,1.0,29,180,0.16111111111111112,29,29,0,1.0,66,0.36666666666666664,18,0.1,2,0.011111111111111112,precision1RatioMin:FAIL;precision2RatioMin:FAIL;absoluteStrictLabelCoverageGapMax:FAIL
SYMBOL_DISJOINT_INNER_CALIBRATION,3,4,10,,481,12,363,0.7546777546777547,30.25,219,180,0.49586776859504134,53,2.4761091417015124,1.9311165181317518,22.010040445763913,8.674715066509657,-1.1398329895399295,-6.4623655913978535,-11.316648531011975,2.8591333908915826,1.6875293381317547,125,180,0.6944444444444444,125,125,0,1.0,75,180,0.4166666666666667,75,75,0,1.0,54,180,0.3,54,54,0,1.0,29,180,0.16111111111111112,29,29,0,1.0,66,0.36666666666666664,18,0.1,2,0.011111111111111112,precision1RatioMin:FAIL;precision2RatioMin:FAIL;absoluteStrictLabelCoverageGapMax:FAIL
SYMBOL_DISJOINT_INNER_CALIBRATION,4,4,1,,646,16,1,0.0015479876160990713,0.0625,1,1,1.0,56,1.7635076650777672,12.857142857142856,-629.0664572515981,12.857142857142856,-12.857142857142856,-12.857142857142856,-12.857142857142856,5.714285714285716,5.714285714285716,1,1,1.0,149,1,0,0.006711409395973154,1,1,1.0,95,1,0,0.010526315789473684,1,1,1.0,68,1,0,0.014705882352941176,1,1,1.0,34,1,0,0.029411764705882353,1,1.0,1,1.0,1,1.0,adverseMeanRatioMax:FAIL;adverseES95RatioMax:FAIL;throughputRatioMin:FAIL;preservation3RatioMin:FAIL;preservation5RatioMin:FAIL;absoluteStrictLabelCoverageGapMax:FAIL
SYMBOL_DISJOINT_INNER_CALIBRATION,4,4,2,,646,16,438,0.6780185758513931,27.375,210,224,0.5114155251141552,56,1.7635076650777672,1.6014892554370062,9.187281283158832,9.806390934703753,-0.839122000062581,-5.3528784648187635,-29.670329670329664,2.4885707468060585,1.7308515190415097,150,224,0.6696428571428571,149,146,0,0.9798657718120806,95,224,0.42410714285714285,95,92,0,0.968421052631579,69,224,0.3080357142857143,68,66,0,0.9705882352941176,34,224,0.15178571428571427,34,32,0,0.9411764705882353,66,0.29464285714285715,14,0.0625,3,0.013392857142857142,adverseMeanRatioMax:FAIL;adverseES95RatioMax:FAIL;precision1RatioMin:FAIL;precision2RatioMin:FAIL;absoluteStrictLabelCoverageGapMax:FAIL
SYMBOL_DISJOINT_INNER_CALIBRATION,4,4,5,,646,16,438,0.6780185758513931,27.375,210,222,0.5068493150684932,56,1.7635076650777672,1.6198598622329672,8.145572922047117,9.806390934703753,-0.8659469185784974,-5.36638237384506,-29.670329670329664,2.4884408078261804,1.7308515190415097,149,222,0.6711711711711712,149,149,0,1.0,95,222,0.42792792792792794,95,95,0,1.0,68,222,0.3063063063063063,68,68,0,1.0,34,222,0.15315315315315314,34,34,0,1.0,67,0.30180180180180183,14,0.06306306306306306,3,0.013513513513513514,adverseMeanRatioMax:FAIL;adverseES95RatioMax:FAIL;precision1RatioMin:FAIL;precision2RatioMin:FAIL;absoluteStrictLabelCoverageGapMax:FAIL
SYMBOL_DISJOINT_INNER_CALIBRATION,4,4,10,,646,16,438,0.6780185758513931,27.375,210,222,0.5068493150684932,56,1.7635076650777672,1.6198598622329672,8.145572922047117,9.806390934703753,-0.8659469185784974,-5.36638237384506,-29.670329670329664,2.4884408078261804,1.7308515190415097,149,222,0.6711711711711712,149,149,0,1.0,95,222,0.42792792792792794,95,95,0,1.0,68,222,0.3063063063063063,68,68,0,1.0,34,222,0.15315315315315314,34,34,0,1.0,67,0.30180180180180183,14,0.06306306306306306,3,0.013513513513513514,adverseMeanRatioMax:FAIL;adverseES95RatioMax:FAIL;precision1RatioMin:FAIL;precision2RatioMin:FAIL;absoluteStrictLabelCoverageGapMax:FAIL
