lane,trait,tier,status,pairedSymbols,raw,incremental,CI_low,CI_high,q,calibration,tailRaw,tailIncremental,failedGates,diagnosticCategories
daily,body_s,daily,WATCH,3764,0.16211450874571054,0.1291953062940241,0.033365666626124134,0.13361976099051423,0.004856952761144378,0.12143730219873684,0.16030949462878627,0.14406009636059677,raw|incremental|calibration|timeRandom|tail,RELIABLE_PARTIAL_GATE_FAILURE:NOT_ESTABLISHED|PEER_ADJUSTMENT_LOSS:NOT_ESTABLISHED|STRATUM_LOCAL_SIGNAL:NOT_ESTABLISHED|RECENT_ONLY_RELIABILITY:UNKNOWN|PEER_CLUSTER_RELIABILITY:UNKNOWN|SAMPLE_INSUFFICIENT:NOT_ESTABLISHED|TAIL_SESSION_SENSITIVITY:INDICATION|DEFINITION_INSTABILITY:NOT_ESTABLISHED|NO_RELIABILITY_DEMONSTRATED:CONFIRMED|REDUNDANT_RELIABLE_TRAIT:NOT_ESTABLISHED
daily,body_range,daily,WATCH,3764,0.3394044928886219,0.226102821226518,0.10493653137709472,0.20702741307683306,0.004856952761144378,0.21742849915436321,0.3404855736072289,0.22749317636360353,calibration,RELIABLE_PARTIAL_GATE_FAILURE:CONFIRMED|PEER_ADJUSTMENT_LOSS:NOT_ESTABLISHED|STRATUM_LOCAL_SIGNAL:NOT_ESTABLISHED|RECENT_ONLY_RELIABILITY:UNKNOWN|PEER_CLUSTER_RELIABILITY:UNKNOWN|SAMPLE_INSUFFICIENT:NOT_ESTABLISHED|TAIL_SESSION_SENSITIVITY:NOT_ESTABLISHED|DEFINITION_INSTABILITY:NOT_ESTABLISHED|NO_RELIABILITY_DEMONSTRATED:NOT_ESTABLISHED|REDUNDANT_RELIABLE_TRAIT:NOT_ESTABLISHED
daily,upper_wick,daily,WATCH,3764,0.5135343880360067,0.32480374929268885,0.21754115625396042,0.2796043624562069,0.004856952761144378,0.4042509189855682,0.5116482610970549,0.29565403987640304,calibration|timeRandom,RELIABLE_PARTIAL_GATE_FAILURE:CONFIRMED|PEER_ADJUSTMENT_LOSS:NOT_ESTABLISHED|STRATUM_LOCAL_SIGNAL:NOT_ESTABLISHED|RECENT_ONLY_RELIABILITY:UNKNOWN|PEER_CLUSTER_RELIABILITY:UNKNOWN|SAMPLE_INSUFFICIENT:NOT_ESTABLISHED|TAIL_SESSION_SENSITIVITY:NOT_ESTABLISHED|DEFINITION_INSTABILITY:NOT_ESTABLISHED|NO_RELIABILITY_DEMONSTRATED:NOT_ESTABLISHED|REDUNDANT_RELIABLE_TRAIT:NOT_ESTABLISHED
daily,lower_wick,daily,WATCH,3764,0.4882293038206791,0.35911108182574547,0.24115025001166393,0.31304887990491637,0.004856952761144378,0.39004939221838264,0.4873044842102304,0.34420475806089695,calibration|timeRandom,RELIABLE_PARTIAL_GATE_FAILURE:CONFIRMED|PEER_ADJUSTMENT_LOSS:NOT_ESTABLISHED|STRATUM_LOCAL_SIGNAL:NOT_ESTABLISHED|RECENT_ONLY_RELIABILITY:UNKNOWN|PEER_CLUSTER_RELIABILITY:UNKNOWN|SAMPLE_INSUFFICIENT:NOT_ESTABLISHED|TAIL_SESSION_SENSITIVITY:NOT_ESTABLISHED|DEFINITION_INSTABILITY:NOT_ESTABLISHED|NO_RELIABILITY_DEMONSTRATED:NOT_ESTABLISHED|REDUNDANT_RELIABLE_TRAIT:NOT_ESTABLISHED
daily,clv,daily,WATCH,3764,0.33815539211024653,0.2739500939422776,0.16408748882618615,0.2554611072260458,0.004856952761144378,0.3202929490775283,0.338036696369094,0.24763536068669018,calibration|timeRandom,RELIABLE_PARTIAL_GATE_FAILURE:CONFIRMED|PEER_ADJUSTMENT_LOSS:NOT_ESTABLISHED|STRATUM_LOCAL_SIGNAL:NOT_ESTABLISHED|RECENT_ONLY_RELIABILITY:UNKNOWN|PEER_CLUSTER_RELIABILITY:UNKNOWN|SAMPLE_INSUFFICIENT:NOT_ESTABLISHED|TAIL_SESSION_SENSITIVITY:NOT_ESTABLISHED|DEFINITION_INSTABILITY:NOT_ESTABLISHED|NO_RELIABILITY_DEMONSTRATED:NOT_ESTABLISHED|REDUNDANT_RELIABLE_TRAIT:NOT_ESTABLISHED
daily,large_up,daily,WATCH,3764,0.41306729085977784,0.18941206540264593,0.07580361643967068,0.14442822247887896,0.004856952761144378,0.17153672108191353,0.41238721761342423,0.1941380722657569,calibration,RELIABLE_PARTIAL_GATE_FAILURE:CONFIRMED|PEER_ADJUSTMENT_LOSS:NOT_ESTABLISHED|STRATUM_LOCAL_SIGNAL:NOT_ESTABLISHED|RECENT_ONLY_RELIABILITY:UNKNOWN|PEER_CLUSTER_RELIABILITY:UNKNOWN|SAMPLE_INSUFFICIENT:NOT_ESTABLISHED|TAIL_SESSION_SENSITIVITY:NOT_ESTABLISHED|DEFINITION_INSTABILITY:NOT_ESTABLISHED|NO_RELIABILITY_DEMONSTRATED:NOT_ESTABLISHED|REDUNDANT_RELIABLE_TRAIT:NOT_ESTABLISHED
daily,large_dn,daily,WATCH,3764,0.46329754512093535,0.12599602766572798,0.03812933403676268,0.11960145062156322,0.004856952761144378,0.13421717948566422,0.45860931051821396,0.12601879330707785,incremental|calibration|tail,RELIABLE_PARTIAL_GATE_FAILURE:NOT_ESTABLISHED|PEER_ADJUSTMENT_LOSS:CONFIRMED|STRATUM_LOCAL_SIGNAL:NOT_ESTABLISHED|RECENT_ONLY_RELIABILITY:UNKNOWN|PEER_CLUSTER_RELIABILITY:UNKNOWN|SAMPLE_INSUFFICIENT:NOT_ESTABLISHED|TAIL_SESSION_SENSITIVITY:INDICATION|DEFINITION_INSTABILITY:NOT_ESTABLISHED|NO_RELIABILITY_DEMONSTRATED:NOT_ESTABLISHED|REDUNDANT_RELIABLE_TRAIT:NOT_ESTABLISHED
daily,doji,daily,WATCH,3764,0.31579325418146437,0.37778315937125945,0.24305463678652817,0.29839934895832876,0.004856952761144378,0.4744744245425449,0.3148566888868162,0.3686334370609918,calibration,RELIABLE_PARTIAL_GATE_FAILURE:CONFIRMED|PEER_ADJUSTMENT_LOSS:NOT_ESTABLISHED|STRATUM_LOCAL_SIGNAL:NOT_ESTABLISHED|RECENT_ONLY_RELIABILITY:UNKNOWN|PEER_CLUSTER_RELIABILITY:UNKNOWN|SAMPLE_INSUFFICIENT:NOT_ESTABLISHED|TAIL_SESSION_SENSITIVITY:NOT_ESTABLISHED|DEFINITION_INSTABILITY:NOT_ESTABLISHED|NO_RELIABILITY_DEMONSTRATED:NOT_ESTABLISHED|REDUNDANT_RELIABLE_TRAIT:NOT_ESTABLISHED
daily,long_lower,daily,WATCH,3764,0.4611870907073105,0.3491514345095428,0.22230687740250055,0.2939764644247902,0.004856952761144378,0.35557027233993593,0.4620150693231511,0.34360428060079967,calibration,RELIABLE_PARTIAL_GATE_FAILURE:CONFIRMED|PEER_ADJUSTMENT_LOSS:NOT_ESTABLISHED|STRATUM_LOCAL_SIGNAL:NOT_ESTABLISHED|RECENT_ONLY_RELIABILITY:UNKNOWN|PEER_CLUSTER_RELIABILITY:UNKNOWN|SAMPLE_INSUFFICIENT:NOT_ESTABLISHED|TAIL_SESSION_SENSITIVITY:NOT_ESTABLISHED|DEFINITION_INSTABILITY:NOT_ESTABLISHED|NO_RELIABILITY_DEMONSTRATED:NOT_ESTABLISHED|REDUNDANT_RELIABLE_TRAIT:NOT_ESTABLISHED
daily,long_upper,daily,WATCH,3764,0.4245437425947536,0.34288839052686443,0.21780399183793847,0.28324339937013887,0.004856952761144378,0.3816213426569945,0.4236968066842054,0.32738390549310775,calibration|timeRandom,RELIABLE_PARTIAL_GATE_FAILURE:CONFIRMED|PEER_ADJUSTMENT_LOSS:NOT_ESTABLISHED|STRATUM_LOCAL_SIGNAL:NOT_ESTABLISHED|RECENT_ONLY_RELIABILITY:UNKNOWN|PEER_CLUSTER_RELIABILITY:UNKNOWN|SAMPLE_INSUFFICIENT:NOT_ESTABLISHED|TAIL_SESSION_SENSITIVITY:NOT_ESTABLISHED|DEFINITION_INSTABILITY:NOT_ESTABLISHED|NO_RELIABILITY_DEMONSTRATED:NOT_ESTABLISHED|REDUNDANT_RELIABLE_TRAIT:NOT_ESTABLISHED
daily,inside,daily,USABLE,3764,0.7670857901043505,0.528090388810968,0.36807873212819436,0.4291868825521724,0.004856952761144378,0.6799090122279242,0.7664425161126814,0.5254159397989123,,RELIABLE_PARTIAL_GATE_FAILURE:NOT_ESTABLISHED|PEER_ADJUSTMENT_LOSS:NOT_ESTABLISHED|STRATUM_LOCAL_SIGNAL:NOT_ESTABLISHED|RECENT_ONLY_RELIABILITY:UNKNOWN|PEER_CLUSTER_RELIABILITY:UNKNOWN|SAMPLE_INSUFFICIENT:NOT_ESTABLISHED|TAIL_SESSION_SENSITIVITY:NOT_ESTABLISHED|DEFINITION_INSTABILITY:NOT_ESTABLISHED|NO_RELIABILITY_DEMONSTRATED:NOT_ESTABLISHED|REDUNDANT_RELIABLE_TRAIT:NOT_ESTABLISHED
daily,outside,daily,WATCH,3764,0.4536858501829246,0.3252143760341211,0.19188573798727035,0.2613879540717672,0.004856952761144378,0.4622309894966749,0.4524160386173096,0.3264653557784373,calibration,RELIABLE_PARTIAL_GATE_FAILURE:CONFIRMED|PEER_ADJUSTMENT_LOSS:NOT_ESTABLISHED|STRATUM_LOCAL_SIGNAL:NOT_ESTABLISHED|RECENT_ONLY_RELIABILITY:UNKNOWN|PEER_CLUSTER_RELIABILITY:UNKNOWN|SAMPLE_INSUFFICIENT:NOT_ESTABLISHED|TAIL_SESSION_SENSITIVITY:NOT_ESTABLISHED|DEFINITION_INSTABILITY:NOT_ESTABLISHED|NO_RELIABILITY_DEMONSTRATED:NOT_ESTABLISHED|REDUNDANT_RELIABLE_TRAIT:NOT_ESTABLISHED
daily,trend_day,daily,WATCH,3764,0.7081384888562638,0.37375389873196946,0.25135307511391486,0.3115310296547822,0.004856952761144378,0.41186138631033653,0.707293180334948,0.3750258191579014,calibration,RELIABLE_PARTIAL_GATE_FAILURE:CONFIRMED|PEER_ADJUSTMENT_LOSS:NOT_ESTABLISHED|STRATUM_LOCAL_SIGNAL:NOT_ESTABLISHED|RECENT_ONLY_RELIABILITY:UNKNOWN|PEER_CLUSTER_RELIABILITY:UNKNOWN|SAMPLE_INSUFFICIENT:NOT_ESTABLISHED|TAIL_SESSION_SENSITIVITY:NOT_ESTABLISHED|DEFINITION_INSTABILITY:NOT_ESTABLISHED|NO_RELIABILITY_DEMONSTRATED:NOT_ESTABLISHED|REDUNDANT_RELIABLE_TRAIT:NOT_ESTABLISHED
daily,range_s,daily,WATCH,3764,0.616989789382916,0.42616160765757066,0.15195145412909758,0.25824478485436614,0.004856952761144378,0.33937966863115376,0.6107529465114102,0.4184262781969316,calibration,RELIABLE_PARTIAL_GATE_FAILURE:CONFIRMED|PEER_ADJUSTMENT_LOSS:NOT_ESTABLISHED|STRATUM_LOCAL_SIGNAL:NOT_ESTABLISHED|RECENT_ONLY_RELIABILITY:UNKNOWN|PEER_CLUSTER_RELIABILITY:UNKNOWN|SAMPLE_INSUFFICIENT:NOT_ESTABLISHED|TAIL_SESSION_SENSITIVITY:NOT_ESTABLISHED|DEFINITION_INSTABILITY:NOT_ESTABLISHED|NO_RELIABILITY_DEMONSTRATED:NOT_ESTABLISHED|REDUNDANT_RELIABLE_TRAIT:NOT_ESTABLISHED
daily,true_range_s,daily,WATCH,3764,0.19450803345868575,0.13235125124218072,-0.03565176470742841,0.09748725099387819,0.29141716566866266,0.12717999766996124,0.19642147741194962,0.14344330857602935,raw|incremental|CI|calibration|timeRandom|tail|FDR,RELIABLE_PARTIAL_GATE_FAILURE:NOT_ESTABLISHED|PEER_ADJUSTMENT_LOSS:NOT_ESTABLISHED|STRATUM_LOCAL_SIGNAL:NOT_ESTABLISHED|RECENT_ONLY_RELIABILITY:UNKNOWN|PEER_CLUSTER_RELIABILITY:UNKNOWN|SAMPLE_INSUFFICIENT:NOT_ESTABLISHED|TAIL_SESSION_SENSITIVITY:INDICATION|DEFINITION_INSTABILITY:NOT_ESTABLISHED|NO_RELIABILITY_DEMONSTRATED:CONFIRMED|REDUNDANT_RELIABLE_TRAIT:NOT_ESTABLISHED
daily,range_exp,daily,WATCH,3764,0.7711792986501436,0.33376427390934066,0.13234564297889898,0.24969962609129082,0.004856952761144378,0.31881425031189925,0.7693685366485312,0.3377773536140306,calibration,RELIABLE_PARTIAL_GATE_FAILURE:CONFIRMED|PEER_ADJUSTMENT_LOSS:NOT_ESTABLISHED|STRATUM_LOCAL_SIGNAL:NOT_ESTABLISHED|RECENT_ONLY_RELIABILITY:UNKNOWN|PEER_CLUSTER_RELIABILITY:UNKNOWN|SAMPLE_INSUFFICIENT:NOT_ESTABLISHED|TAIL_SESSION_SENSITIVITY:NOT_ESTABLISHED|DEFINITION_INSTABILITY:NOT_ESTABLISHED|NO_RELIABILITY_DEMONSTRATED:NOT_ESTABLISHED|REDUNDANT_RELIABLE_TRAIT:NOT_ESTABLISHED
daily,range_con,daily,WATCH,3764,0.7328421203371974,0.4476822677775052,0.2788270097974111,0.36496983237484937,0.004856952761144378,0.48021096821464143,0.7328212608747297,0.4458585969914562,calibration,RELIABLE_PARTIAL_GATE_FAILURE:CONFIRMED|PEER_ADJUSTMENT_LOSS:NOT_ESTABLISHED|STRATUM_LOCAL_SIGNAL:NOT_ESTABLISHED|RECENT_ONLY_RELIABILITY:UNKNOWN|PEER_CLUSTER_RELIABILITY:UNKNOWN|SAMPLE_INSUFFICIENT:NOT_ESTABLISHED|TAIL_SESSION_SENSITIVITY:NOT_ESTABLISHED|DEFINITION_INSTABILITY:NOT_ESTABLISHED|NO_RELIABILITY_DEMONSTRATED:NOT_ESTABLISHED|REDUNDANT_RELIABLE_TRAIT:NOT_ESTABLISHED
daily,gap_s,daily,WATCH,3764,0.22237261140575554,0.16370776250099583,0.07248950358150767,0.15465889242183364,0.004856952761144378,0.16038117491580323,0.23412652335349385,0.1783733898287161,raw|calibration|timeRandom|tail,RELIABLE_PARTIAL_GATE_FAILURE:NOT_ESTABLISHED|PEER_ADJUSTMENT_LOSS:NOT_ESTABLISHED|STRATUM_LOCAL_SIGNAL:NOT_ESTABLISHED|RECENT_ONLY_RELIABILITY:UNKNOWN|PEER_CLUSTER_RELIABILITY:UNKNOWN|SAMPLE_INSUFFICIENT:NOT_ESTABLISHED|TAIL_SESSION_SENSITIVITY:INDICATION|DEFINITION_INSTABILITY:NOT_ESTABLISHED|NO_RELIABILITY_DEMONSTRATED:NOT_ESTABLISHED|REDUNDANT_RELIABLE_TRAIT:NOT_ESTABLISHED
daily,gap_up,daily,WATCH,3764,0.594496422754549,0.4403638905352562,0.2928841967255153,0.3817641624945362,0.004856952761144378,0.4536507754291901,0.5942570756017617,0.4358970567577093,calibration,RELIABLE_PARTIAL_GATE_FAILURE:CONFIRMED|PEER_ADJUSTMENT_LOSS:NOT_ESTABLISHED|STRATUM_LOCAL_SIGNAL:NOT_ESTABLISHED|RECENT_ONLY_RELIABILITY:UNKNOWN|PEER_CLUSTER_RELIABILITY:UNKNOWN|SAMPLE_INSUFFICIENT:NOT_ESTABLISHED|TAIL_SESSION_SENSITIVITY:NOT_ESTABLISHED|DEFINITION_INSTABILITY:NOT_ESTABLISHED|NO_RELIABILITY_DEMONSTRATED:NOT_ESTABLISHED|REDUNDANT_RELIABLE_TRAIT:NOT_ESTABLISHED
daily,gap_dn,daily,WATCH,3764,0.5453672746006214,0.45318098982019794,0.29493641033568396,0.40030464209798233,0.004856952761144378,0.4757874741578508,0.5455581758079902,0.4598086319544556,calibration,RELIABLE_PARTIAL_GATE_FAILURE:CONFIRMED|PEER_ADJUSTMENT_LOSS:NOT_ESTABLISHED|STRATUM_LOCAL_SIGNAL:NOT_ESTABLISHED|RECENT_ONLY_RELIABILITY:UNKNOWN|PEER_CLUSTER_RELIABILITY:UNKNOWN|SAMPLE_INSUFFICIENT:NOT_ESTABLISHED|TAIL_SESSION_SENSITIVITY:NOT_ESTABLISHED|DEFINITION_INSTABILITY:NOT_ESTABLISHED|NO_RELIABILITY_DEMONSTRATED:NOT_ESTABLISHED|REDUNDANT_RELIABLE_TRAIT:NOT_ESTABLISHED
daily,gap_fill,daily,USABLE,3738,0.633003155410335,0.40676858371407093,0.25492819257757243,0.32174966105393865,0.004856952761144378,0.6360373048374222,0.6345535622698236,0.40283518351271125,,RELIABLE_PARTIAL_GATE_FAILURE:NOT_ESTABLISHED|PEER_ADJUSTMENT_LOSS:NOT_ESTABLISHED|STRATUM_LOCAL_SIGNAL:NOT_ESTABLISHED|RECENT_ONLY_RELIABILITY:UNKNOWN|PEER_CLUSTER_RELIABILITY:UNKNOWN|SAMPLE_INSUFFICIENT:NOT_ESTABLISHED|TAIL_SESSION_SENSITIVITY:NOT_ESTABLISHED|DEFINITION_INSTABILITY:NOT_ESTABLISHED|NO_RELIABILITY_DEMONSTRATED:NOT_ESTABLISHED|REDUNDANT_RELIABLE_TRAIT:NOT_ESTABLISHED
daily,gap_cont,daily,USABLE,3738,0.5452100984250261,0.3382819862331194,0.1859150974796435,0.2683353319936929,0.004856952761144378,0.5521849761994702,0.54213814238465,0.33062008610552074,,RELIABLE_PARTIAL_GATE_FAILURE:NOT_ESTABLISHED|PEER_ADJUSTMENT_LOSS:NOT_ESTABLISHED|STRATUM_LOCAL_SIGNAL:NOT_ESTABLISHED|RECENT_ONLY_RELIABILITY:UNKNOWN|PEER_CLUSTER_RELIABILITY:UNKNOWN|SAMPLE_INSUFFICIENT:NOT_ESTABLISHED|TAIL_SESSION_SENSITIVITY:NOT_ESTABLISHED|DEFINITION_INSTABILITY:NOT_ESTABLISHED|NO_RELIABILITY_DEMONSTRATED:NOT_ESTABLISHED|REDUNDANT_RELIABLE_TRAIT:NOT_ESTABLISHED
daily,gap_rev,daily,WATCH,3738,0.31496349293195613,0.14390788146870104,0.056311896376304835,0.11428854669501441,0.004856952761144378,0.23402750055894317,0.3079998174963453,0.14375605739163785,incremental|calibration|tail,RELIABLE_PARTIAL_GATE_FAILURE:NOT_ESTABLISHED|PEER_ADJUSTMENT_LOSS:CONFIRMED|STRATUM_LOCAL_SIGNAL:NOT_ESTABLISHED|RECENT_ONLY_RELIABILITY:UNKNOWN|PEER_CLUSTER_RELIABILITY:UNKNOWN|SAMPLE_INSUFFICIENT:NOT_ESTABLISHED|TAIL_SESSION_SENSITIVITY:INDICATION|DEFINITION_INSTABILITY:NOT_ESTABLISHED|NO_RELIABILITY_DEMONSTRATED:NOT_ESTABLISHED|REDUNDANT_RELIABLE_TRAIT:NOT_ESTABLISHED
daily,overnight_s,daily,WATCH,3764,0.22822762724564657,0.16551076308651425,0.07343173862384825,0.15694557042291044,0.004856952761144378,0.1649418240301931,0.2396867868188577,0.17962190981534373,raw|calibration|timeRandom|tail,RELIABLE_PARTIAL_GATE_FAILURE:NOT_ESTABLISHED|PEER_ADJUSTMENT_LOSS:NOT_ESTABLISHED|STRATUM_LOCAL_SIGNAL:NOT_ESTABLISHED|RECENT_ONLY_RELIABILITY:UNKNOWN|PEER_CLUSTER_RELIABILITY:UNKNOWN|SAMPLE_INSUFFICIENT:NOT_ESTABLISHED|TAIL_SESSION_SENSITIVITY:INDICATION|DEFINITION_INSTABILITY:NOT_ESTABLISHED|NO_RELIABILITY_DEMONSTRATED:NOT_ESTABLISHED|REDUNDANT_RELIABLE_TRAIT:NOT_ESTABLISHED
daily,intraday_s,daily,WATCH,3764,0.1674424082565598,0.13011265324546648,0.03447059732382392,0.13530775007079227,0.004856952761144378,0.12468587407589776,0.16618122133918037,0.1459872205360653,raw|incremental|calibration|timeRandom|tail,RELIABLE_PARTIAL_GATE_FAILURE:NOT_ESTABLISHED|PEER_ADJUSTMENT_LOSS:NOT_ESTABLISHED|STRATUM_LOCAL_SIGNAL:NOT_ESTABLISHED|RECENT_ONLY_RELIABILITY:UNKNOWN|PEER_CLUSTER_RELIABILITY:UNKNOWN|SAMPLE_INSUFFICIENT:NOT_ESTABLISHED|TAIL_SESSION_SENSITIVITY:INDICATION|DEFINITION_INSTABILITY:NOT_ESTABLISHED|NO_RELIABILITY_DEMONSTRATED:CONFIRMED|REDUNDANT_RELIABLE_TRAIT:NOT_ESTABLISHED
daily,overnight_var_share,daily,WATCH,3757,0.6698959923318262,0.44078098081024125,0.29813943373671925,0.36322486751485156,0.004856952761144378,0.3951757638003565,0.6679364528475754,0.4405553777382542,calibration,RELIABLE_PARTIAL_GATE_FAILURE:CONFIRMED|PEER_ADJUSTMENT_LOSS:NOT_ESTABLISHED|STRATUM_LOCAL_SIGNAL:NOT_ESTABLISHED|RECENT_ONLY_RELIABILITY:UNKNOWN|PEER_CLUSTER_RELIABILITY:UNKNOWN|SAMPLE_INSUFFICIENT:NOT_ESTABLISHED|TAIL_SESSION_SENSITIVITY:NOT_ESTABLISHED|DEFINITION_INSTABILITY:NOT_ESTABLISHED|NO_RELIABILITY_DEMONSTRATED:NOT_ESTABLISHED|REDUNDANT_RELIABLE_TRAIT:NOT_ESTABLISHED
daily,trading_value,daily,WATCH,3764,0.9357939023151463,0.5421943140098604,-0.03984241319115189,0.14588296379306998,0.31790963527490473,0.24963240512420662,0.9359146930470664,0.5415817785389918,CI|calibration|FDR,RELIABLE_PARTIAL_GATE_FAILURE:CONFIRMED|PEER_ADJUSTMENT_LOSS:NOT_ESTABLISHED|STRATUM_LOCAL_SIGNAL:NOT_ESTABLISHED|RECENT_ONLY_RELIABILITY:UNKNOWN|PEER_CLUSTER_RELIABILITY:UNKNOWN|SAMPLE_INSUFFICIENT:NOT_ESTABLISHED|TAIL_SESSION_SENSITIVITY:NOT_ESTABLISHED|DEFINITION_INSTABILITY:NOT_ESTABLISHED|NO_RELIABILITY_DEMONSTRATED:NOT_ESTABLISHED|REDUNDANT_RELIABLE_TRAIT:NOT_ESTABLISHED
daily,amihud,daily,USABLE,3764,0.9160693223353954,0.6254848189773777,0.5184244877392876,0.5734417079839557,0.004856952761144378,0.7758900382572904,0.9163648735517298,0.6224098657872293,,RELIABLE_PARTIAL_GATE_FAILURE:NOT_ESTABLISHED|PEER_ADJUSTMENT_LOSS:NOT_ESTABLISHED|STRATUM_LOCAL_SIGNAL:NOT_ESTABLISHED|RECENT_ONLY_RELIABILITY:UNKNOWN|PEER_CLUSTER_RELIABILITY:UNKNOWN|SAMPLE_INSUFFICIENT:NOT_ESTABLISHED|TAIL_SESSION_SENSITIVITY:NOT_ESTABLISHED|DEFINITION_INSTABILITY:NOT_ESTABLISHED|NO_RELIABILITY_DEMONSTRATED:NOT_ESTABLISHED|REDUNDANT_RELIABLE_TRAIT:NOT_ESTABLISHED
daily,value_rvol,daily,WATCH,3764,0.16525363008540767,0.08876761080095916,-0.04388035469246816,0.11472728781720007,0.4842667605964542,0.0579972607606843,0.16111523347862575,0.0912939207880818,raw|incremental|CI|calibration|tail|FDR,RELIABLE_PARTIAL_GATE_FAILURE:NOT_ESTABLISHED|PEER_ADJUSTMENT_LOSS:NOT_ESTABLISHED|STRATUM_LOCAL_SIGNAL:NOT_ESTABLISHED|RECENT_ONLY_RELIABILITY:UNKNOWN|PEER_CLUSTER_RELIABILITY:UNKNOWN|SAMPLE_INSUFFICIENT:NOT_ESTABLISHED|TAIL_SESSION_SENSITIVITY:INDICATION|DEFINITION_INSTABILITY:NOT_ESTABLISHED|NO_RELIABILITY_DEMONSTRATED:CONFIRMED|REDUNDANT_RELIABLE_TRAIT:NOT_ESTABLISHED
daily,value_shock,daily,WATCH,3764,0.8616361046218218,0.4134367633500668,0.18795478428906748,0.31597871350089113,0.004856952761144378,0.47168024692668303,0.8588461474588647,0.4058252080142155,calibration,RELIABLE_PARTIAL_GATE_FAILURE:CONFIRMED|PEER_ADJUSTMENT_LOSS:NOT_ESTABLISHED|STRATUM_LOCAL_SIGNAL:NOT_ESTABLISHED|RECENT_ONLY_RELIABILITY:UNKNOWN|PEER_CLUSTER_RELIABILITY:UNKNOWN|SAMPLE_INSUFFICIENT:NOT_ESTABLISHED|TAIL_SESSION_SENSITIVITY:NOT_ESTABLISHED|DEFINITION_INSTABILITY:NOT_ESTABLISHED|NO_RELIABILITY_DEMONSTRATED:NOT_ESTABLISHED|REDUNDANT_RELIABLE_TRAIT:NOT_ESTABLISHED
daily,jump,daily,WATCH,3764,0.37498417855727334,0.19601667591498578,0.075275936319585,0.1611844356029558,0.004856952761144378,0.24407614556750884,0.3752676536266103,0.1971032825936658,calibration,RELIABLE_PARTIAL_GATE_FAILURE:CONFIRMED|PEER_ADJUSTMENT_LOSS:NOT_ESTABLISHED|STRATUM_LOCAL_SIGNAL:NOT_ESTABLISHED|RECENT_ONLY_RELIABILITY:UNKNOWN|PEER_CLUSTER_RELIABILITY:UNKNOWN|SAMPLE_INSUFFICIENT:NOT_ESTABLISHED|TAIL_SESSION_SENSITIVITY:NOT_ESTABLISHED|DEFINITION_INSTABILITY:NOT_ESTABLISHED|NO_RELIABILITY_DEMONSTRATED:NOT_ESTABLISHED|REDUNDANT_RELIABLE_TRAIT:NOT_ESTABLISHED
daily,continuation_1,daily,WATCH,3761,0.14654959656432012,0.13323530784525384,0.0401256829887051,0.11630953939524405,0.004856952761144378,0.13639190696439477,0.1597363464492302,0.13175558781913776,raw|incremental|calibration|tail,RELIABLE_PARTIAL_GATE_FAILURE:NOT_ESTABLISHED|PEER_ADJUSTMENT_LOSS:NOT_ESTABLISHED|STRATUM_LOCAL_SIGNAL:NOT_ESTABLISHED|RECENT_ONLY_RELIABILITY:UNKNOWN|PEER_CLUSTER_RELIABILITY:UNKNOWN|SAMPLE_INSUFFICIENT:NOT_ESTABLISHED|TAIL_SESSION_SENSITIVITY:INDICATION|DEFINITION_INSTABILITY:NOT_ESTABLISHED|NO_RELIABILITY_DEMONSTRATED:CONFIRMED|REDUNDANT_RELIABLE_TRAIT:NOT_ESTABLISHED
daily,continuation_3,daily,WATCH,3755,0.09489492236487704,0.08518635606436038,0.014059501643344798,0.08456990649743654,0.004856952761144378,0.07819973485684543,0.08907096106231861,0.09354867517340273,raw|incremental|calibration|tail,RELIABLE_PARTIAL_GATE_FAILURE:NOT_ESTABLISHED|PEER_ADJUSTMENT_LOSS:NOT_ESTABLISHED|STRATUM_LOCAL_SIGNAL:NOT_ESTABLISHED|RECENT_ONLY_RELIABILITY:UNKNOWN|PEER_CLUSTER_RELIABILITY:UNKNOWN|SAMPLE_INSUFFICIENT:NOT_ESTABLISHED|TAIL_SESSION_SENSITIVITY:INDICATION|DEFINITION_INSTABILITY:NOT_ESTABLISHED|NO_RELIABILITY_DEMONSTRATED:CONFIRMED|REDUNDANT_RELIABLE_TRAIT:NOT_ESTABLISHED
daily,vol_clustering,daily,WATCH,3759,0.3178140770327812,0.12949614594082937,0.03197241793565654,0.22748833667812288,0.02350138432811796,0.07761056418690498,0.33428263804566766,0.18644771260828435,incremental|calibration|timeRandom,RELIABLE_PARTIAL_GATE_FAILURE:NOT_ESTABLISHED|PEER_ADJUSTMENT_LOSS:CONFIRMED|STRATUM_LOCAL_SIGNAL:NOT_ESTABLISHED|RECENT_ONLY_RELIABILITY:UNKNOWN|PEER_CLUSTER_RELIABILITY:UNKNOWN|SAMPLE_INSUFFICIENT:NOT_ESTABLISHED|TAIL_SESSION_SENSITIVITY:NOT_ESTABLISHED|DEFINITION_INSTABILITY:NOT_ESTABLISHED|NO_RELIABILITY_DEMONSTRATED:NOT_ESTABLISHED|REDUNDANT_RELIABLE_TRAIT:NOT_ESTABLISHED
daily,value_O30,intraday,INSUFFICIENT,0,,,,,1.0,,,,PAIRED_SAMPLE_BELOW100,RELIABLE_PARTIAL_GATE_FAILURE:NOT_ESTABLISHED|PEER_ADJUSTMENT_LOSS:NOT_ESTABLISHED|STRATUM_LOCAL_SIGNAL:NOT_ESTABLISHED|RECENT_ONLY_RELIABILITY:UNKNOWN|PEER_CLUSTER_RELIABILITY:UNKNOWN|SAMPLE_INSUFFICIENT:CONFIRMED|TAIL_SESSION_SENSITIVITY:NOT_ESTABLISHED|DEFINITION_INSTABILITY:NOT_ESTABLISHED|NO_RELIABILITY_DEMONSTRATED:NOT_ESTABLISHED|REDUNDANT_RELIABLE_TRAIT:NOT_ESTABLISHED
daily,value_AM,intraday,INSUFFICIENT,0,,,,,1.0,,,,PAIRED_SAMPLE_BELOW100,RELIABLE_PARTIAL_GATE_FAILURE:NOT_ESTABLISHED|PEER_ADJUSTMENT_LOSS:NOT_ESTABLISHED|STRATUM_LOCAL_SIGNAL:NOT_ESTABLISHED|RECENT_ONLY_RELIABILITY:UNKNOWN|PEER_CLUSTER_RELIABILITY:UNKNOWN|SAMPLE_INSUFFICIENT:CONFIRMED|TAIL_SESSION_SENSITIVITY:NOT_ESTABLISHED|DEFINITION_INSTABILITY:NOT_ESTABLISHED|NO_RELIABILITY_DEMONSTRATED:NOT_ESTABLISHED|REDUNDANT_RELIABLE_TRAIT:NOT_ESTABLISHED
daily,value_PM1,intraday,INSUFFICIENT,0,,,,,1.0,,,,PAIRED_SAMPLE_BELOW100,RELIABLE_PARTIAL_GATE_FAILURE:NOT_ESTABLISHED|PEER_ADJUSTMENT_LOSS:NOT_ESTABLISHED|STRATUM_LOCAL_SIGNAL:NOT_ESTABLISHED|RECENT_ONLY_RELIABILITY:UNKNOWN|PEER_CLUSTER_RELIABILITY:UNKNOWN|SAMPLE_INSUFFICIENT:CONFIRMED|TAIL_SESSION_SENSITIVITY:NOT_ESTABLISHED|DEFINITION_INSTABILITY:NOT_ESTABLISHED|NO_RELIABILITY_DEMONSTRATED:NOT_ESTABLISHED|REDUNDANT_RELIABLE_TRAIT:NOT_ESTABLISHED
daily,value_PM2,intraday,INSUFFICIENT,0,,,,,1.0,,,,PAIRED_SAMPLE_BELOW100,RELIABLE_PARTIAL_GATE_FAILURE:NOT_ESTABLISHED|PEER_ADJUSTMENT_LOSS:NOT_ESTABLISHED|STRATUM_LOCAL_SIGNAL:NOT_ESTABLISHED|RECENT_ONLY_RELIABILITY:UNKNOWN|PEER_CLUSTER_RELIABILITY:UNKNOWN|SAMPLE_INSUFFICIENT:CONFIRMED|TAIL_SESSION_SENSITIVITY:NOT_ESTABLISHED|DEFINITION_INSTABILITY:NOT_ESTABLISHED|NO_RELIABILITY_DEMONSTRATED:NOT_ESTABLISHED|REDUNDANT_RELIABLE_TRAIT:NOT_ESTABLISHED
daily,value_CL,intraday,INSUFFICIENT,0,,,,,1.0,,,,PAIRED_SAMPLE_BELOW100,RELIABLE_PARTIAL_GATE_FAILURE:NOT_ESTABLISHED|PEER_ADJUSTMENT_LOSS:NOT_ESTABLISHED|STRATUM_LOCAL_SIGNAL:NOT_ESTABLISHED|RECENT_ONLY_RELIABILITY:UNKNOWN|PEER_CLUSTER_RELIABILITY:UNKNOWN|SAMPLE_INSUFFICIENT:CONFIRMED|TAIL_SESSION_SENSITIVITY:NOT_ESTABLISHED|DEFINITION_INSTABILITY:INDICATION|NO_RELIABILITY_DEMONSTRATED:NOT_ESTABLISHED|REDUNDANT_RELIABLE_TRAIT:NOT_ESTABLISHED
daily,hod_o30,intraday,INSUFFICIENT,0,,,,,1.0,,,,PAIRED_SAMPLE_BELOW100,RELIABLE_PARTIAL_GATE_FAILURE:NOT_ESTABLISHED|PEER_ADJUSTMENT_LOSS:NOT_ESTABLISHED|STRATUM_LOCAL_SIGNAL:NOT_ESTABLISHED|RECENT_ONLY_RELIABILITY:UNKNOWN|PEER_CLUSTER_RELIABILITY:UNKNOWN|SAMPLE_INSUFFICIENT:CONFIRMED|TAIL_SESSION_SENSITIVITY:NOT_ESTABLISHED|DEFINITION_INSTABILITY:NOT_ESTABLISHED|NO_RELIABILITY_DEMONSTRATED:NOT_ESTABLISHED|REDUNDANT_RELIABLE_TRAIT:NOT_ESTABLISHED
daily,lod_o30,intraday,INSUFFICIENT,0,,,,,1.0,,,,PAIRED_SAMPLE_BELOW100,RELIABLE_PARTIAL_GATE_FAILURE:NOT_ESTABLISHED|PEER_ADJUSTMENT_LOSS:NOT_ESTABLISHED|STRATUM_LOCAL_SIGNAL:NOT_ESTABLISHED|RECENT_ONLY_RELIABILITY:UNKNOWN|PEER_CLUSTER_RELIABILITY:UNKNOWN|SAMPLE_INSUFFICIENT:CONFIRMED|TAIL_SESSION_SENSITIVITY:NOT_ESTABLISHED|DEFINITION_INSTABILITY:NOT_ESTABLISHED|NO_RELIABILITY_DEMONSTRATED:NOT_ESTABLISHED|REDUNDANT_RELIABLE_TRAIT:NOT_ESTABLISHED
daily,lod_before_hod,intraday,INSUFFICIENT,0,,,,,1.0,,,,PAIRED_SAMPLE_BELOW100,RELIABLE_PARTIAL_GATE_FAILURE:NOT_ESTABLISHED|PEER_ADJUSTMENT_LOSS:NOT_ESTABLISHED|STRATUM_LOCAL_SIGNAL:NOT_ESTABLISHED|RECENT_ONLY_RELIABILITY:UNKNOWN|PEER_CLUSTER_RELIABILITY:UNKNOWN|SAMPLE_INSUFFICIENT:CONFIRMED|TAIL_SESSION_SENSITIVITY:NOT_ESTABLISHED|DEFINITION_INSTABILITY:NOT_ESTABLISHED|NO_RELIABILITY_DEMONSTRATED:NOT_ESTABLISHED|REDUNDANT_RELIABLE_TRAIT:NOT_ESTABLISHED
daily,lag15,intraday,INSUFFICIENT,0,,,,,1.0,,,,PAIRED_SAMPLE_BELOW100,RELIABLE_PARTIAL_GATE_FAILURE:NOT_ESTABLISHED|PEER_ADJUSTMENT_LOSS:NOT_ESTABLISHED|STRATUM_LOCAL_SIGNAL:NOT_ESTABLISHED|RECENT_ONLY_RELIABILITY:UNKNOWN|PEER_CLUSTER_RELIABILITY:UNKNOWN|SAMPLE_INSUFFICIENT:CONFIRMED|TAIL_SESSION_SENSITIVITY:NOT_ESTABLISHED|DEFINITION_INSTABILITY:NOT_ESTABLISHED|NO_RELIABILITY_DEMONSTRATED:NOT_ESTABLISHED|REDUNDANT_RELIABLE_TRAIT:NOT_ESTABLISHED
daily,variance_ratio,intraday,INSUFFICIENT,0,,,,,1.0,,,,PAIRED_SAMPLE_BELOW100,RELIABLE_PARTIAL_GATE_FAILURE:NOT_ESTABLISHED|PEER_ADJUSTMENT_LOSS:NOT_ESTABLISHED|STRATUM_LOCAL_SIGNAL:NOT_ESTABLISHED|RECENT_ONLY_RELIABILITY:UNKNOWN|PEER_CLUSTER_RELIABILITY:UNKNOWN|SAMPLE_INSUFFICIENT:CONFIRMED|TAIL_SESSION_SENSITIVITY:NOT_ESTABLISHED|DEFINITION_INSTABILITY:NOT_ESTABLISHED|NO_RELIABILITY_DEMONSTRATED:NOT_ESTABLISHED|REDUNDANT_RELIABLE_TRAIT:NOT_ESTABLISHED
daily,or_break,intraday,INSUFFICIENT,0,,,,,1.0,,,,PAIRED_SAMPLE_BELOW100,RELIABLE_PARTIAL_GATE_FAILURE:NOT_ESTABLISHED|PEER_ADJUSTMENT_LOSS:NOT_ESTABLISHED|STRATUM_LOCAL_SIGNAL:NOT_ESTABLISHED|RECENT_ONLY_RELIABILITY:UNKNOWN|PEER_CLUSTER_RELIABILITY:UNKNOWN|SAMPLE_INSUFFICIENT:CONFIRMED|TAIL_SESSION_SENSITIVITY:NOT_ESTABLISHED|DEFINITION_INSTABILITY:NOT_ESTABLISHED|NO_RELIABILITY_DEMONSTRATED:NOT_ESTABLISHED|REDUNDANT_RELIABLE_TRAIT:NOT_ESTABLISHED
daily,or_follow,intraday,INSUFFICIENT,0,,,,,1.0,,,,PAIRED_SAMPLE_BELOW100,RELIABLE_PARTIAL_GATE_FAILURE:NOT_ESTABLISHED|PEER_ADJUSTMENT_LOSS:NOT_ESTABLISHED|STRATUM_LOCAL_SIGNAL:NOT_ESTABLISHED|RECENT_ONLY_RELIABILITY:UNKNOWN|PEER_CLUSTER_RELIABILITY:UNKNOWN|SAMPLE_INSUFFICIENT:CONFIRMED|TAIL_SESSION_SENSITIVITY:NOT_ESTABLISHED|DEFINITION_INSTABILITY:NOT_ESTABLISHED|NO_RELIABILITY_DEMONSTRATED:NOT_ESTABLISHED|REDUNDANT_RELIABLE_TRAIT:NOT_ESTABLISHED
daily,or_fail,intraday,INSUFFICIENT,0,,,,,1.0,,,,PAIRED_SAMPLE_BELOW100,RELIABLE_PARTIAL_GATE_FAILURE:NOT_ESTABLISHED|PEER_ADJUSTMENT_LOSS:NOT_ESTABLISHED|STRATUM_LOCAL_SIGNAL:NOT_ESTABLISHED|RECENT_ONLY_RELIABILITY:UNKNOWN|PEER_CLUSTER_RELIABILITY:UNKNOWN|SAMPLE_INSUFFICIENT:CONFIRMED|TAIL_SESSION_SENSITIVITY:NOT_ESTABLISHED|DEFINITION_INSTABILITY:NOT_ESTABLISHED|NO_RELIABILITY_DEMONSTRATED:NOT_ESTABLISHED|REDUNDANT_RELIABLE_TRAIT:NOT_ESTABLISHED
daily,pdh_break,intraday,INSUFFICIENT,0,,,,,1.0,,,,PAIRED_SAMPLE_BELOW100,RELIABLE_PARTIAL_GATE_FAILURE:NOT_ESTABLISHED|PEER_ADJUSTMENT_LOSS:NOT_ESTABLISHED|STRATUM_LOCAL_SIGNAL:NOT_ESTABLISHED|RECENT_ONLY_RELIABILITY:UNKNOWN|PEER_CLUSTER_RELIABILITY:UNKNOWN|SAMPLE_INSUFFICIENT:CONFIRMED|TAIL_SESSION_SENSITIVITY:NOT_ESTABLISHED|DEFINITION_INSTABILITY:NOT_ESTABLISHED|NO_RELIABILITY_DEMONSTRATED:NOT_ESTABLISHED|REDUNDANT_RELIABLE_TRAIT:NOT_ESTABLISHED
daily,pdl_reclaim,intraday,INSUFFICIENT,0,,,,,1.0,,,,PAIRED_SAMPLE_BELOW100,RELIABLE_PARTIAL_GATE_FAILURE:NOT_ESTABLISHED|PEER_ADJUSTMENT_LOSS:NOT_ESTABLISHED|STRATUM_LOCAL_SIGNAL:NOT_ESTABLISHED|RECENT_ONLY_RELIABILITY:UNKNOWN|PEER_CLUSTER_RELIABILITY:UNKNOWN|SAMPLE_INSUFFICIENT:CONFIRMED|TAIL_SESSION_SENSITIVITY:NOT_ESTABLISHED|DEFINITION_INSTABILITY:NOT_ESTABLISHED|NO_RELIABILITY_DEMONSTRATED:NOT_ESTABLISHED|REDUNDANT_RELIABLE_TRAIT:NOT_ESTABLISHED
daily,vwap_reclaim,intraday,INSUFFICIENT,0,,,,,1.0,,,,PAIRED_SAMPLE_BELOW100,RELIABLE_PARTIAL_GATE_FAILURE:NOT_ESTABLISHED|PEER_ADJUSTMENT_LOSS:NOT_ESTABLISHED|STRATUM_LOCAL_SIGNAL:NOT_ESTABLISHED|RECENT_ONLY_RELIABILITY:UNKNOWN|PEER_CLUSTER_RELIABILITY:UNKNOWN|SAMPLE_INSUFFICIENT:CONFIRMED|TAIL_SESSION_SENSITIVITY:NOT_ESTABLISHED|DEFINITION_INSTABILITY:NOT_ESTABLISHED|NO_RELIABILITY_DEMONSTRATED:NOT_ESTABLISHED|REDUNDANT_RELIABLE_TRAIT:NOT_ESTABLISHED
daily,swing_amplitude,intraday,INSUFFICIENT,0,,,,,1.0,,,,PAIRED_SAMPLE_BELOW100,RELIABLE_PARTIAL_GATE_FAILURE:NOT_ESTABLISHED|PEER_ADJUSTMENT_LOSS:NOT_ESTABLISHED|STRATUM_LOCAL_SIGNAL:NOT_ESTABLISHED|RECENT_ONLY_RELIABILITY:UNKNOWN|PEER_CLUSTER_RELIABILITY:UNKNOWN|SAMPLE_INSUFFICIENT:CONFIRMED|TAIL_SESSION_SENSITIVITY:NOT_ESTABLISHED|DEFINITION_INSTABILITY:NOT_ESTABLISHED|NO_RELIABILITY_DEMONSTRATED:NOT_ESTABLISHED|REDUNDANT_RELIABLE_TRAIT:NOT_ESTABLISHED
daily,swing_duration,intraday,INSUFFICIENT,0,,,,,1.0,,,,PAIRED_SAMPLE_BELOW100,RELIABLE_PARTIAL_GATE_FAILURE:NOT_ESTABLISHED|PEER_ADJUSTMENT_LOSS:NOT_ESTABLISHED|STRATUM_LOCAL_SIGNAL:NOT_ESTABLISHED|RECENT_ONLY_RELIABILITY:UNKNOWN|PEER_CLUSTER_RELIABILITY:UNKNOWN|SAMPLE_INSUFFICIENT:CONFIRMED|TAIL_SESSION_SENSITIVITY:NOT_ESTABLISHED|DEFINITION_INSTABILITY:NOT_ESTABLISHED|NO_RELIABILITY_DEMONSTRATED:NOT_ESTABLISHED|REDUNDANT_RELIABLE_TRAIT:NOT_ESTABLISHED
daily,pullback_depth,intraday,INSUFFICIENT,0,,,,,1.0,,,,PAIRED_SAMPLE_BELOW100,RELIABLE_PARTIAL_GATE_FAILURE:NOT_ESTABLISHED|PEER_ADJUSTMENT_LOSS:NOT_ESTABLISHED|STRATUM_LOCAL_SIGNAL:NOT_ESTABLISHED|RECENT_ONLY_RELIABILITY:UNKNOWN|PEER_CLUSTER_RELIABILITY:UNKNOWN|SAMPLE_INSUFFICIENT:CONFIRMED|TAIL_SESSION_SENSITIVITY:NOT_ESTABLISHED|DEFINITION_INSTABILITY:CONFIRMED|NO_RELIABILITY_DEMONSTRATED:NOT_ESTABLISHED|REDUNDANT_RELIABLE_TRAIT:NOT_ESTABLISHED
daily,selloff_rebound,intraday,INSUFFICIENT,0,,,,,1.0,,,,PAIRED_SAMPLE_BELOW100,RELIABLE_PARTIAL_GATE_FAILURE:NOT_ESTABLISHED|PEER_ADJUSTMENT_LOSS:NOT_ESTABLISHED|STRATUM_LOCAL_SIGNAL:NOT_ESTABLISHED|RECENT_ONLY_RELIABILITY:UNKNOWN|PEER_CLUSTER_RELIABILITY:UNKNOWN|SAMPLE_INSUFFICIENT:CONFIRMED|TAIL_SESSION_SENSITIVITY:NOT_ESTABLISHED|DEFINITION_INSTABILITY:NOT_ESTABLISHED|NO_RELIABILITY_DEMONSTRATED:NOT_ESTABLISHED|REDUNDANT_RELIABLE_TRAIT:NOT_ESTABLISHED
daily,rally_giveback,intraday,INSUFFICIENT,0,,,,,1.0,,,,PAIRED_SAMPLE_BELOW100,RELIABLE_PARTIAL_GATE_FAILURE:NOT_ESTABLISHED|PEER_ADJUSTMENT_LOSS:NOT_ESTABLISHED|STRATUM_LOCAL_SIGNAL:NOT_ESTABLISHED|RECENT_ONLY_RELIABILITY:UNKNOWN|PEER_CLUSTER_RELIABILITY:UNKNOWN|SAMPLE_INSUFFICIENT:CONFIRMED|TAIL_SESSION_SENSITIVITY:NOT_ESTABLISHED|DEFINITION_INSTABILITY:NOT_ESTABLISHED|NO_RELIABILITY_DEMONSTRATED:NOT_ESTABLISHED|REDUNDANT_RELIABLE_TRAIT:NOT_ESTABLISHED
daily,volume_O30,intraday,INSUFFICIENT,0,,,,,1.0,,,,PAIRED_SAMPLE_BELOW100,RELIABLE_PARTIAL_GATE_FAILURE:NOT_ESTABLISHED|PEER_ADJUSTMENT_LOSS:NOT_ESTABLISHED|STRATUM_LOCAL_SIGNAL:NOT_ESTABLISHED|RECENT_ONLY_RELIABILITY:UNKNOWN|PEER_CLUSTER_RELIABILITY:UNKNOWN|SAMPLE_INSUFFICIENT:CONFIRMED|TAIL_SESSION_SENSITIVITY:NOT_ESTABLISHED|DEFINITION_INSTABILITY:NOT_ESTABLISHED|NO_RELIABILITY_DEMONSTRATED:NOT_ESTABLISHED|REDUNDANT_RELIABLE_TRAIT:NOT_ESTABLISHED
daily,range_O30,intraday,INSUFFICIENT,0,,,,,1.0,,,,PAIRED_SAMPLE_BELOW100,RELIABLE_PARTIAL_GATE_FAILURE:NOT_ESTABLISHED|PEER_ADJUSTMENT_LOSS:NOT_ESTABLISHED|STRATUM_LOCAL_SIGNAL:NOT_ESTABLISHED|RECENT_ONLY_RELIABILITY:UNKNOWN|PEER_CLUSTER_RELIABILITY:UNKNOWN|SAMPLE_INSUFFICIENT:CONFIRMED|TAIL_SESSION_SENSITIVITY:NOT_ESTABLISHED|DEFINITION_INSTABILITY:NOT_ESTABLISHED|NO_RELIABILITY_DEMONSTRATED:NOT_ESTABLISHED|REDUNDANT_RELIABLE_TRAIT:NOT_ESTABLISHED
daily,volume_AM,intraday,INSUFFICIENT,0,,,,,1.0,,,,PAIRED_SAMPLE_BELOW100,RELIABLE_PARTIAL_GATE_FAILURE:NOT_ESTABLISHED|PEER_ADJUSTMENT_LOSS:NOT_ESTABLISHED|STRATUM_LOCAL_SIGNAL:NOT_ESTABLISHED|RECENT_ONLY_RELIABILITY:UNKNOWN|PEER_CLUSTER_RELIABILITY:UNKNOWN|SAMPLE_INSUFFICIENT:CONFIRMED|TAIL_SESSION_SENSITIVITY:NOT_ESTABLISHED|DEFINITION_INSTABILITY:NOT_ESTABLISHED|NO_RELIABILITY_DEMONSTRATED:NOT_ESTABLISHED|REDUNDANT_RELIABLE_TRAIT:NOT_ESTABLISHED
daily,range_AM,intraday,INSUFFICIENT,0,,,,,1.0,,,,PAIRED_SAMPLE_BELOW100,RELIABLE_PARTIAL_GATE_FAILURE:NOT_ESTABLISHED|PEER_ADJUSTMENT_LOSS:NOT_ESTABLISHED|STRATUM_LOCAL_SIGNAL:NOT_ESTABLISHED|RECENT_ONLY_RELIABILITY:UNKNOWN|PEER_CLUSTER_RELIABILITY:UNKNOWN|SAMPLE_INSUFFICIENT:CONFIRMED|TAIL_SESSION_SENSITIVITY:NOT_ESTABLISHED|DEFINITION_INSTABILITY:NOT_ESTABLISHED|NO_RELIABILITY_DEMONSTRATED:NOT_ESTABLISHED|REDUNDANT_RELIABLE_TRAIT:NOT_ESTABLISHED
daily,volume_PM1,intraday,INSUFFICIENT,0,,,,,1.0,,,,PAIRED_SAMPLE_BELOW100,RELIABLE_PARTIAL_GATE_FAILURE:NOT_ESTABLISHED|PEER_ADJUSTMENT_LOSS:NOT_ESTABLISHED|STRATUM_LOCAL_SIGNAL:NOT_ESTABLISHED|RECENT_ONLY_RELIABILITY:UNKNOWN|PEER_CLUSTER_RELIABILITY:UNKNOWN|SAMPLE_INSUFFICIENT:CONFIRMED|TAIL_SESSION_SENSITIVITY:NOT_ESTABLISHED|DEFINITION_INSTABILITY:NOT_ESTABLISHED|NO_RELIABILITY_DEMONSTRATED:NOT_ESTABLISHED|REDUNDANT_RELIABLE_TRAIT:NOT_ESTABLISHED
daily,range_PM1,intraday,INSUFFICIENT,0,,,,,1.0,,,,PAIRED_SAMPLE_BELOW100,RELIABLE_PARTIAL_GATE_FAILURE:NOT_ESTABLISHED|PEER_ADJUSTMENT_LOSS:NOT_ESTABLISHED|STRATUM_LOCAL_SIGNAL:NOT_ESTABLISHED|RECENT_ONLY_RELIABILITY:UNKNOWN|PEER_CLUSTER_RELIABILITY:UNKNOWN|SAMPLE_INSUFFICIENT:CONFIRMED|TAIL_SESSION_SENSITIVITY:NOT_ESTABLISHED|DEFINITION_INSTABILITY:NOT_ESTABLISHED|NO_RELIABILITY_DEMONSTRATED:NOT_ESTABLISHED|REDUNDANT_RELIABLE_TRAIT:NOT_ESTABLISHED
daily,volume_PM2,intraday,INSUFFICIENT,0,,,,,1.0,,,,PAIRED_SAMPLE_BELOW100,RELIABLE_PARTIAL_GATE_FAILURE:NOT_ESTABLISHED|PEER_ADJUSTMENT_LOSS:NOT_ESTABLISHED|STRATUM_LOCAL_SIGNAL:NOT_ESTABLISHED|RECENT_ONLY_RELIABILITY:UNKNOWN|PEER_CLUSTER_RELIABILITY:UNKNOWN|SAMPLE_INSUFFICIENT:CONFIRMED|TAIL_SESSION_SENSITIVITY:NOT_ESTABLISHED|DEFINITION_INSTABILITY:NOT_ESTABLISHED|NO_RELIABILITY_DEMONSTRATED:NOT_ESTABLISHED|REDUNDANT_RELIABLE_TRAIT:NOT_ESTABLISHED
daily,range_PM2,intraday,INSUFFICIENT,0,,,,,1.0,,,,PAIRED_SAMPLE_BELOW100,RELIABLE_PARTIAL_GATE_FAILURE:NOT_ESTABLISHED|PEER_ADJUSTMENT_LOSS:NOT_ESTABLISHED|STRATUM_LOCAL_SIGNAL:NOT_ESTABLISHED|RECENT_ONLY_RELIABILITY:UNKNOWN|PEER_CLUSTER_RELIABILITY:UNKNOWN|SAMPLE_INSUFFICIENT:CONFIRMED|TAIL_SESSION_SENSITIVITY:NOT_ESTABLISHED|DEFINITION_INSTABILITY:NOT_ESTABLISHED|NO_RELIABILITY_DEMONSTRATED:NOT_ESTABLISHED|REDUNDANT_RELIABLE_TRAIT:NOT_ESTABLISHED
daily,volume_CL,intraday,INSUFFICIENT,0,,,,,1.0,,,,PAIRED_SAMPLE_BELOW100,RELIABLE_PARTIAL_GATE_FAILURE:NOT_ESTABLISHED|PEER_ADJUSTMENT_LOSS:NOT_ESTABLISHED|STRATUM_LOCAL_SIGNAL:NOT_ESTABLISHED|RECENT_ONLY_RELIABILITY:UNKNOWN|PEER_CLUSTER_RELIABILITY:UNKNOWN|SAMPLE_INSUFFICIENT:CONFIRMED|TAIL_SESSION_SENSITIVITY:NOT_ESTABLISHED|DEFINITION_INSTABILITY:INDICATION|NO_RELIABILITY_DEMONSTRATED:NOT_ESTABLISHED|REDUNDANT_RELIABLE_TRAIT:NOT_ESTABLISHED
daily,range_CL,intraday,INSUFFICIENT,0,,,,,1.0,,,,PAIRED_SAMPLE_BELOW100,RELIABLE_PARTIAL_GATE_FAILURE:NOT_ESTABLISHED|PEER_ADJUSTMENT_LOSS:NOT_ESTABLISHED|STRATUM_LOCAL_SIGNAL:NOT_ESTABLISHED|RECENT_ONLY_RELIABILITY:UNKNOWN|PEER_CLUSTER_RELIABILITY:UNKNOWN|SAMPLE_INSUFFICIENT:CONFIRMED|TAIL_SESSION_SENSITIVITY:NOT_ESTABLISHED|DEFINITION_INSTABILITY:INDICATION|NO_RELIABILITY_DEMONSTRATED:NOT_ESTABLISHED|REDUNDANT_RELIABLE_TRAIT:NOT_ESTABLISHED
daily,hod_AM,intraday,INSUFFICIENT,0,,,,,1.0,,,,PAIRED_SAMPLE_BELOW100,RELIABLE_PARTIAL_GATE_FAILURE:NOT_ESTABLISHED|PEER_ADJUSTMENT_LOSS:NOT_ESTABLISHED|STRATUM_LOCAL_SIGNAL:NOT_ESTABLISHED|RECENT_ONLY_RELIABILITY:UNKNOWN|PEER_CLUSTER_RELIABILITY:UNKNOWN|SAMPLE_INSUFFICIENT:CONFIRMED|TAIL_SESSION_SENSITIVITY:NOT_ESTABLISHED|DEFINITION_INSTABILITY:NOT_ESTABLISHED|NO_RELIABILITY_DEMONSTRATED:NOT_ESTABLISHED|REDUNDANT_RELIABLE_TRAIT:NOT_ESTABLISHED
daily,hod_PM1,intraday,INSUFFICIENT,0,,,,,1.0,,,,PAIRED_SAMPLE_BELOW100,RELIABLE_PARTIAL_GATE_FAILURE:NOT_ESTABLISHED|PEER_ADJUSTMENT_LOSS:NOT_ESTABLISHED|STRATUM_LOCAL_SIGNAL:NOT_ESTABLISHED|RECENT_ONLY_RELIABILITY:UNKNOWN|PEER_CLUSTER_RELIABILITY:UNKNOWN|SAMPLE_INSUFFICIENT:CONFIRMED|TAIL_SESSION_SENSITIVITY:NOT_ESTABLISHED|DEFINITION_INSTABILITY:NOT_ESTABLISHED|NO_RELIABILITY_DEMONSTRATED:NOT_ESTABLISHED|REDUNDANT_RELIABLE_TRAIT:NOT_ESTABLISHED
daily,hod_PM2,intraday,INSUFFICIENT,0,,,,,1.0,,,,PAIRED_SAMPLE_BELOW100,RELIABLE_PARTIAL_GATE_FAILURE:NOT_ESTABLISHED|PEER_ADJUSTMENT_LOSS:NOT_ESTABLISHED|STRATUM_LOCAL_SIGNAL:NOT_ESTABLISHED|RECENT_ONLY_RELIABILITY:UNKNOWN|PEER_CLUSTER_RELIABILITY:UNKNOWN|SAMPLE_INSUFFICIENT:CONFIRMED|TAIL_SESSION_SENSITIVITY:NOT_ESTABLISHED|DEFINITION_INSTABILITY:NOT_ESTABLISHED|NO_RELIABILITY_DEMONSTRATED:NOT_ESTABLISHED|REDUNDANT_RELIABLE_TRAIT:NOT_ESTABLISHED
daily,hod_CL,intraday,INSUFFICIENT,0,,,,,1.0,,,,PAIRED_SAMPLE_BELOW100,RELIABLE_PARTIAL_GATE_FAILURE:NOT_ESTABLISHED|PEER_ADJUSTMENT_LOSS:NOT_ESTABLISHED|STRATUM_LOCAL_SIGNAL:NOT_ESTABLISHED|RECENT_ONLY_RELIABILITY:UNKNOWN|PEER_CLUSTER_RELIABILITY:UNKNOWN|SAMPLE_INSUFFICIENT:CONFIRMED|TAIL_SESSION_SENSITIVITY:NOT_ESTABLISHED|DEFINITION_INSTABILITY:INDICATION|NO_RELIABILITY_DEMONSTRATED:NOT_ESTABLISHED|REDUNDANT_RELIABLE_TRAIT:NOT_ESTABLISHED
daily,lod_AM,intraday,INSUFFICIENT,0,,,,,1.0,,,,PAIRED_SAMPLE_BELOW100,RELIABLE_PARTIAL_GATE_FAILURE:NOT_ESTABLISHED|PEER_ADJUSTMENT_LOSS:NOT_ESTABLISHED|STRATUM_LOCAL_SIGNAL:NOT_ESTABLISHED|RECENT_ONLY_RELIABILITY:UNKNOWN|PEER_CLUSTER_RELIABILITY:UNKNOWN|SAMPLE_INSUFFICIENT:CONFIRMED|TAIL_SESSION_SENSITIVITY:NOT_ESTABLISHED|DEFINITION_INSTABILITY:NOT_ESTABLISHED|NO_RELIABILITY_DEMONSTRATED:NOT_ESTABLISHED|REDUNDANT_RELIABLE_TRAIT:NOT_ESTABLISHED
daily,lod_PM1,intraday,INSUFFICIENT,0,,,,,1.0,,,,PAIRED_SAMPLE_BELOW100,RELIABLE_PARTIAL_GATE_FAILURE:NOT_ESTABLISHED|PEER_ADJUSTMENT_LOSS:NOT_ESTABLISHED|STRATUM_LOCAL_SIGNAL:NOT_ESTABLISHED|RECENT_ONLY_RELIABILITY:UNKNOWN|PEER_CLUSTER_RELIABILITY:UNKNOWN|SAMPLE_INSUFFICIENT:CONFIRMED|TAIL_SESSION_SENSITIVITY:NOT_ESTABLISHED|DEFINITION_INSTABILITY:NOT_ESTABLISHED|NO_RELIABILITY_DEMONSTRATED:NOT_ESTABLISHED|REDUNDANT_RELIABLE_TRAIT:NOT_ESTABLISHED
daily,lod_PM2,intraday,INSUFFICIENT,0,,,,,1.0,,,,PAIRED_SAMPLE_BELOW100,RELIABLE_PARTIAL_GATE_FAILURE:NOT_ESTABLISHED|PEER_ADJUSTMENT_LOSS:NOT_ESTABLISHED|STRATUM_LOCAL_SIGNAL:NOT_ESTABLISHED|RECENT_ONLY_RELIABILITY:UNKNOWN|PEER_CLUSTER_RELIABILITY:UNKNOWN|SAMPLE_INSUFFICIENT:CONFIRMED|TAIL_SESSION_SENSITIVITY:NOT_ESTABLISHED|DEFINITION_INSTABILITY:NOT_ESTABLISHED|NO_RELIABILITY_DEMONSTRATED:NOT_ESTABLISHED|REDUNDANT_RELIABLE_TRAIT:NOT_ESTABLISHED
daily,lod_CL,intraday,INSUFFICIENT,0,,,,,1.0,,,,PAIRED_SAMPLE_BELOW100,RELIABLE_PARTIAL_GATE_FAILURE:NOT_ESTABLISHED|PEER_ADJUSTMENT_LOSS:NOT_ESTABLISHED|STRATUM_LOCAL_SIGNAL:NOT_ESTABLISHED|RECENT_ONLY_RELIABILITY:UNKNOWN|PEER_CLUSTER_RELIABILITY:UNKNOWN|SAMPLE_INSUFFICIENT:CONFIRMED|TAIL_SESSION_SENSITIVITY:NOT_ESTABLISHED|DEFINITION_INSTABILITY:INDICATION|NO_RELIABILITY_DEMONSTRATED:NOT_ESTABLISHED|REDUNDANT_RELIABLE_TRAIT:NOT_ESTABLISHED
intraday,body_s,daily,WATCH,3694,0.09984364539050171,0.10047065313233434,0.0075233355484811085,0.09943475287676001,0.02132320724404849,0.15413651196843714,0.09444412599397031,0.09604776628317456,raw|incremental|calibration|timeRandom|tail,RELIABLE_PARTIAL_GATE_FAILURE:NOT_ESTABLISHED|PEER_ADJUSTMENT_LOSS:NOT_ESTABLISHED|STRATUM_LOCAL_SIGNAL:NOT_ESTABLISHED|RECENT_ONLY_RELIABILITY:UNKNOWN|PEER_CLUSTER_RELIABILITY:UNKNOWN|SAMPLE_INSUFFICIENT:NOT_ESTABLISHED|TAIL_SESSION_SENSITIVITY:INDICATION|DEFINITION_INSTABILITY:NOT_ESTABLISHED|NO_RELIABILITY_DEMONSTRATED:CONFIRMED|REDUNDANT_RELIABLE_TRAIT:NOT_ESTABLISHED
intraday,body_range,daily,WATCH,3694,0.16247312528436716,0.13672253777699314,0.027069273691234227,0.12350783278464128,0.009400553731247183,0.23911528364570978,0.15766426747317924,0.14174706052949307,raw|incremental|calibration|timeRandom|tail,RELIABLE_PARTIAL_GATE_FAILURE:NOT_ESTABLISHED|PEER_ADJUSTMENT_LOSS:NOT_ESTABLISHED|STRATUM_LOCAL_SIGNAL:NOT_ESTABLISHED|RECENT_ONLY_RELIABILITY:UNKNOWN|PEER_CLUSTER_RELIABILITY:UNKNOWN|SAMPLE_INSUFFICIENT:NOT_ESTABLISHED|TAIL_SESSION_SENSITIVITY:INDICATION|DEFINITION_INSTABILITY:NOT_ESTABLISHED|NO_RELIABILITY_DEMONSTRATED:CONFIRMED|REDUNDANT_RELIABLE_TRAIT:NOT_ESTABLISHED
intraday,upper_wick,daily,WATCH,3694,0.3376562331902916,0.22118762558912805,0.11225165777248795,0.18663574600382854,0.005024433890839011,0.37675907627940625,0.33421208567371924,0.19312741749714993,calibration|timeRandom,RELIABLE_PARTIAL_GATE_FAILURE:CONFIRMED|PEER_ADJUSTMENT_LOSS:NOT_ESTABLISHED|STRATUM_LOCAL_SIGNAL:NOT_ESTABLISHED|RECENT_ONLY_RELIABILITY:UNKNOWN|PEER_CLUSTER_RELIABILITY:UNKNOWN|SAMPLE_INSUFFICIENT:NOT_ESTABLISHED|TAIL_SESSION_SENSITIVITY:NOT_ESTABLISHED|DEFINITION_INSTABILITY:NOT_ESTABLISHED|NO_RELIABILITY_DEMONSTRATED:NOT_ESTABLISHED|REDUNDANT_RELIABLE_TRAIT:NOT_ESTABLISHED
intraday,lower_wick,daily,WATCH,3694,0.226553998378129,0.22428959577995267,0.12292498725189835,0.18388896305752558,0.005024433890839011,0.37571309539464864,0.2228958655311161,0.20250863543065142,raw|calibration|timeRandom|tail,RELIABLE_PARTIAL_GATE_FAILURE:NOT_ESTABLISHED|PEER_ADJUSTMENT_LOSS:NOT_ESTABLISHED|STRATUM_LOCAL_SIGNAL:NOT_ESTABLISHED|RECENT_ONLY_RELIABILITY:UNKNOWN|PEER_CLUSTER_RELIABILITY:UNKNOWN|SAMPLE_INSUFFICIENT:NOT_ESTABLISHED|TAIL_SESSION_SENSITIVITY:INDICATION|DEFINITION_INSTABILITY:NOT_ESTABLISHED|NO_RELIABILITY_DEMONSTRATED:NOT_ESTABLISHED|REDUNDANT_RELIABLE_TRAIT:NOT_ESTABLISHED
intraday,clv,daily,WATCH,3694,0.152656738578834,0.16459631153086543,0.06037205834397481,0.14686097715774304,0.005024433890839011,0.2795444621318758,0.1453459771857247,0.139894101381857,raw|calibration|timeRandom|tail,RELIABLE_PARTIAL_GATE_FAILURE:NOT_ESTABLISHED|PEER_ADJUSTMENT_LOSS:NOT_ESTABLISHED|STRATUM_LOCAL_SIGNAL:NOT_ESTABLISHED|RECENT_ONLY_RELIABILITY:UNKNOWN|PEER_CLUSTER_RELIABILITY:UNKNOWN|SAMPLE_INSUFFICIENT:NOT_ESTABLISHED|TAIL_SESSION_SENSITIVITY:INDICATION|DEFINITION_INSTABILITY:NOT_ESTABLISHED|NO_RELIABILITY_DEMONSTRATED:NOT_ESTABLISHED|REDUNDANT_RELIABLE_TRAIT:NOT_ESTABLISHED
intraday,large_up,daily,WATCH,3694,0.14081737924934853,0.06350112448097162,0.0013515737785775505,0.06997157679110108,0.04209359059658461,0.07416086671500083,0.1405947796196469,0.051002864174570665,raw|incremental|calibration|tail,RELIABLE_PARTIAL_GATE_FAILURE:NOT_ESTABLISHED|PEER_ADJUSTMENT_LOSS:NOT_ESTABLISHED|STRATUM_LOCAL_SIGNAL:NOT_ESTABLISHED|RECENT_ONLY_RELIABILITY:UNKNOWN|PEER_CLUSTER_RELIABILITY:UNKNOWN|SAMPLE_INSUFFICIENT:NOT_ESTABLISHED|TAIL_SESSION_SENSITIVITY:INDICATION|DEFINITION_INSTABILITY:NOT_ESTABLISHED|NO_RELIABILITY_DEMONSTRATED:CONFIRMED|REDUNDANT_RELIABLE_TRAIT:NOT_ESTABLISHED
intraday,large_dn,daily,WATCH,3694,0.2053623766350629,0.08496138638306788,0.009838144973224043,0.0748060076504066,0.019172181951885702,0.10990656339482906,0.20035151342237562,0.08640109672141606,raw|incremental|calibration|tail,RELIABLE_PARTIAL_GATE_FAILURE:NOT_ESTABLISHED|PEER_ADJUSTMENT_LOSS:NOT_ESTABLISHED|STRATUM_LOCAL_SIGNAL:NOT_ESTABLISHED|RECENT_ONLY_RELIABILITY:UNKNOWN|PEER_CLUSTER_RELIABILITY:UNKNOWN|SAMPLE_INSUFFICIENT:NOT_ESTABLISHED|TAIL_SESSION_SENSITIVITY:INDICATION|DEFINITION_INSTABILITY:NOT_ESTABLISHED|NO_RELIABILITY_DEMONSTRATED:CONFIRMED|REDUNDANT_RELIABLE_TRAIT:NOT_ESTABLISHED
intraday,doji,daily,WATCH,3694,0.16176385214899136,0.15232098218348794,0.06631049531232053,0.12351605117097236,0.005024433890839011,0.21944902861299365,0.1658621355107084,0.14382057772492435,raw|calibration|tail,RELIABLE_PARTIAL_GATE_FAILURE:NOT_ESTABLISHED|PEER_ADJUSTMENT_LOSS:NOT_ESTABLISHED|STRATUM_LOCAL_SIGNAL:NOT_ESTABLISHED|RECENT_ONLY_RELIABILITY:UNKNOWN|PEER_CLUSTER_RELIABILITY:UNKNOWN|SAMPLE_INSUFFICIENT:NOT_ESTABLISHED|TAIL_SESSION_SENSITIVITY:INDICATION|DEFINITION_INSTABILITY:NOT_ESTABLISHED|NO_RELIABILITY_DEMONSTRATED:NOT_ESTABLISHED|REDUNDANT_RELIABLE_TRAIT:NOT_ESTABLISHED
intraday,long_lower,daily,WATCH,3694,0.2964546261337868,0.19078425670968874,0.09172074526020825,0.15018952694680102,0.005024433890839011,0.2966632698394196,0.2924457598450893,0.18109516559585037,raw|calibration|tail,RELIABLE_PARTIAL_GATE_FAILURE:NOT_ESTABLISHED|PEER_ADJUSTMENT_LOSS:NOT_ESTABLISHED|STRATUM_LOCAL_SIGNAL:NOT_ESTABLISHED|RECENT_ONLY_RELIABILITY:UNKNOWN|PEER_CLUSTER_RELIABILITY:UNKNOWN|SAMPLE_INSUFFICIENT:NOT_ESTABLISHED|TAIL_SESSION_SENSITIVITY:INDICATION|DEFINITION_INSTABILITY:NOT_ESTABLISHED|NO_RELIABILITY_DEMONSTRATED:NOT_ESTABLISHED|REDUNDANT_RELIABLE_TRAIT:NOT_ESTABLISHED
intraday,long_upper,daily,WATCH,3694,0.2285701973652991,0.14143262253708916,0.050628742852872395,0.12224063899993917,0.005024433890839011,0.22490590334241523,0.22285346041041842,0.11533081607741703,raw|incremental|calibration|timeRandom|tail,RELIABLE_PARTIAL_GATE_FAILURE:NOT_ESTABLISHED|PEER_ADJUSTMENT_LOSS:NOT_ESTABLISHED|STRATUM_LOCAL_SIGNAL:NOT_ESTABLISHED|RECENT_ONLY_RELIABILITY:UNKNOWN|PEER_CLUSTER_RELIABILITY:UNKNOWN|SAMPLE_INSUFFICIENT:NOT_ESTABLISHED|TAIL_SESSION_SENSITIVITY:INDICATION|DEFINITION_INSTABILITY:NOT_ESTABLISHED|NO_RELIABILITY_DEMONSTRATED:CONFIRMED|REDUNDANT_RELIABLE_TRAIT:NOT_ESTABLISHED
intraday,inside,daily,WATCH,3694,0.594943978930467,0.29533846905545225,0.14435375550696922,0.22061669419310484,0.005024433890839011,0.44771765882796377,0.5907794619533775,0.2780558541747907,calibration,RELIABLE_PARTIAL_GATE_FAILURE:CONFIRMED|PEER_ADJUSTMENT_LOSS:NOT_ESTABLISHED|STRATUM_LOCAL_SIGNAL:NOT_ESTABLISHED|RECENT_ONLY_RELIABILITY:UNKNOWN|PEER_CLUSTER_RELIABILITY:UNKNOWN|SAMPLE_INSUFFICIENT:NOT_ESTABLISHED|TAIL_SESSION_SENSITIVITY:NOT_ESTABLISHED|DEFINITION_INSTABILITY:NOT_ESTABLISHED|NO_RELIABILITY_DEMONSTRATED:NOT_ESTABLISHED|REDUNDANT_RELIABLE_TRAIT:NOT_ESTABLISHED
intraday,outside,daily,WATCH,3694,0.2600149462923753,0.1153007517400614,0.03421268477612965,0.0956464320325503,0.005024433890839011,0.17911478636544814,0.2668817415458765,0.11940969901201476,raw|incremental|calibration|tail,RELIABLE_PARTIAL_GATE_FAILURE:NOT_ESTABLISHED|PEER_ADJUSTMENT_LOSS:NOT_ESTABLISHED|STRATUM_LOCAL_SIGNAL:NOT_ESTABLISHED|RECENT_ONLY_RELIABILITY:UNKNOWN|PEER_CLUSTER_RELIABILITY:UNKNOWN|SAMPLE_INSUFFICIENT:NOT_ESTABLISHED|TAIL_SESSION_SENSITIVITY:INDICATION|DEFINITION_INSTABILITY:NOT_ESTABLISHED|NO_RELIABILITY_DEMONSTRATED:CONFIRMED|REDUNDANT_RELIABLE_TRAIT:NOT_ESTABLISHED
intraday,trend_day,daily,WATCH,3694,0.5170164966595447,0.31126372132483715,0.1659064525023481,0.24709186352893842,0.005024433890839011,0.47606296854460944,0.5149369405486246,0.3049253601417198,calibration,RELIABLE_PARTIAL_GATE_FAILURE:CONFIRMED|PEER_ADJUSTMENT_LOSS:NOT_ESTABLISHED|STRATUM_LOCAL_SIGNAL:NOT_ESTABLISHED|RECENT_ONLY_RELIABILITY:UNKNOWN|PEER_CLUSTER_RELIABILITY:UNKNOWN|SAMPLE_INSUFFICIENT:NOT_ESTABLISHED|TAIL_SESSION_SENSITIVITY:NOT_ESTABLISHED|DEFINITION_INSTABILITY:NOT_ESTABLISHED|NO_RELIABILITY_DEMONSTRATED:NOT_ESTABLISHED|REDUNDANT_RELIABLE_TRAIT:NOT_ESTABLISHED
intraday,range_s,daily,WATCH,3694,0.16633112618306342,0.11691993953863015,0.004647672094846126,0.1268711620219007,0.02649246960624206,0.20663746588522772,0.16139216328090006,0.1185033445660216,raw|incremental|calibration|tail,RELIABLE_PARTIAL_GATE_FAILURE:NOT_ESTABLISHED|PEER_ADJUSTMENT_LOSS:NOT_ESTABLISHED|STRATUM_LOCAL_SIGNAL:INDICATION|RECENT_ONLY_RELIABILITY:UNKNOWN|PEER_CLUSTER_RELIABILITY:UNKNOWN|SAMPLE_INSUFFICIENT:NOT_ESTABLISHED|TAIL_SESSION_SENSITIVITY:INDICATION|DEFINITION_INSTABILITY:NOT_ESTABLISHED|NO_RELIABILITY_DEMONSTRATED:CONFIRMED|REDUNDANT_RELIABLE_TRAIT:NOT_ESTABLISHED
intraday,true_range_s,daily,WATCH,3694,0.013711698996794149,-0.017488122981654725,-0.06711290681879034,0.06388120976753642,0.7470455913569686,-0.03566121134271994,0.004403352215549319,-0.013192373717391593,raw|incremental|CI|calibration|direction|strata|timeRandom|tail|FDR,RELIABLE_PARTIAL_GATE_FAILURE:NOT_ESTABLISHED|PEER_ADJUSTMENT_LOSS:NOT_ESTABLISHED|STRATUM_LOCAL_SIGNAL:INDICATION|RECENT_ONLY_RELIABILITY:UNKNOWN|PEER_CLUSTER_RELIABILITY:UNKNOWN|SAMPLE_INSUFFICIENT:NOT_ESTABLISHED|TAIL_SESSION_SENSITIVITY:INDICATION|DEFINITION_INSTABILITY:NOT_ESTABLISHED|NO_RELIABILITY_DEMONSTRATED:CONFIRMED|REDUNDANT_RELIABLE_TRAIT:NOT_ESTABLISHED
intraday,range_exp,daily,WATCH,3694,0.41020437891014866,0.1505410256839791,0.024778869942157403,0.11938849271399324,0.012489307100085544,0.204193235235975,0.4034718123847884,0.13748313229043202,calibration|tail,RELIABLE_PARTIAL_GATE_FAILURE:CONFIRMED|PEER_ADJUSTMENT_LOSS:NOT_ESTABLISHED|STRATUM_LOCAL_SIGNAL:NOT_ESTABLISHED|RECENT_ONLY_RELIABILITY:UNKNOWN|PEER_CLUSTER_RELIABILITY:UNKNOWN|SAMPLE_INSUFFICIENT:NOT_ESTABLISHED|TAIL_SESSION_SENSITIVITY:CONFIRMED|DEFINITION_INSTABILITY:NOT_ESTABLISHED|NO_RELIABILITY_DEMONSTRATED:NOT_ESTABLISHED|REDUNDANT_RELIABLE_TRAIT:NOT_ESTABLISHED
intraday,range_con,daily,WATCH,3694,0.5864610730328265,0.22649443918661727,0.09323153678176958,0.16879617027267838,0.005024433890839011,0.3145713401089725,0.5843558583340277,0.2191331541700823,calibration,RELIABLE_PARTIAL_GATE_FAILURE:CONFIRMED|PEER_ADJUSTMENT_LOSS:NOT_ESTABLISHED|STRATUM_LOCAL_SIGNAL:NOT_ESTABLISHED|RECENT_ONLY_RELIABILITY:UNKNOWN|PEER_CLUSTER_RELIABILITY:UNKNOWN|SAMPLE_INSUFFICIENT:NOT_ESTABLISHED|TAIL_SESSION_SENSITIVITY:NOT_ESTABLISHED|DEFINITION_INSTABILITY:NOT_ESTABLISHED|NO_RELIABILITY_DEMONSTRATED:NOT_ESTABLISHED|REDUNDANT_RELIABLE_TRAIT:NOT_ESTABLISHED
intraday,gap_s,daily,WATCH,3694,0.1101670058555342,0.1119212568652321,0.0251284001660763,0.13403602312606824,0.012489307100085544,0.1819893429658,0.10477963933702626,0.11130042563980075,raw|incremental|calibration|timeRandom|tail,RELIABLE_PARTIAL_GATE_FAILURE:NOT_ESTABLISHED|PEER_ADJUSTMENT_LOSS:NOT_ESTABLISHED|STRATUM_LOCAL_SIGNAL:NOT_ESTABLISHED|RECENT_ONLY_RELIABILITY:UNKNOWN|PEER_CLUSTER_RELIABILITY:UNKNOWN|SAMPLE_INSUFFICIENT:NOT_ESTABLISHED|TAIL_SESSION_SENSITIVITY:INDICATION|DEFINITION_INSTABILITY:NOT_ESTABLISHED|NO_RELIABILITY_DEMONSTRATED:CONFIRMED|REDUNDANT_RELIABLE_TRAIT:NOT_ESTABLISHED
intraday,gap_up,daily,WATCH,3694,0.2595612995797596,0.20707967560273205,0.0738622070583501,0.1879197466171174,0.005024433890839011,0.2973130262171811,0.2584578637976832,0.2104102255909917,raw|calibration|timeRandom|tail,RELIABLE_PARTIAL_GATE_FAILURE:NOT_ESTABLISHED|PEER_ADJUSTMENT_LOSS:NOT_ESTABLISHED|STRATUM_LOCAL_SIGNAL:NOT_ESTABLISHED|RECENT_ONLY_RELIABILITY:UNKNOWN|PEER_CLUSTER_RELIABILITY:UNKNOWN|SAMPLE_INSUFFICIENT:NOT_ESTABLISHED|TAIL_SESSION_SENSITIVITY:INDICATION|DEFINITION_INSTABILITY:NOT_ESTABLISHED|NO_RELIABILITY_DEMONSTRATED:NOT_ESTABLISHED|REDUNDANT_RELIABLE_TRAIT:NOT_ESTABLISHED
intraday,gap_dn,daily,WATCH,3694,0.28603875621181857,0.23250109687348314,0.1037583079743779,0.18606895517162894,0.005024433890839011,0.33999616902240837,0.29047107743814565,0.23251649698992954,raw|calibration|tail,RELIABLE_PARTIAL_GATE_FAILURE:NOT_ESTABLISHED|PEER_ADJUSTMENT_LOSS:NOT_ESTABLISHED|STRATUM_LOCAL_SIGNAL:NOT_ESTABLISHED|RECENT_ONLY_RELIABILITY:UNKNOWN|PEER_CLUSTER_RELIABILITY:UNKNOWN|SAMPLE_INSUFFICIENT:NOT_ESTABLISHED|TAIL_SESSION_SENSITIVITY:INDICATION|DEFINITION_INSTABILITY:NOT_ESTABLISHED|NO_RELIABILITY_DEMONSTRATED:NOT_ESTABLISHED|REDUNDANT_RELIABLE_TRAIT:NOT_ESTABLISHED
intraday,gap_fill,daily,WATCH,2609,0.38937159150279066,0.15577025051658552,0.05292647242768994,0.13237823219524913,0.005024433890839011,0.47122309032166404,0.3902630684440143,0.16122375817925982,calibration,RELIABLE_PARTIAL_GATE_FAILURE:CONFIRMED|PEER_ADJUSTMENT_LOSS:NOT_ESTABLISHED|STRATUM_LOCAL_SIGNAL:NOT_ESTABLISHED|RECENT_ONLY_RELIABILITY:UNKNOWN|PEER_CLUSTER_RELIABILITY:UNKNOWN|SAMPLE_INSUFFICIENT:NOT_ESTABLISHED|TAIL_SESSION_SENSITIVITY:NOT_ESTABLISHED|DEFINITION_INSTABILITY:NOT_ESTABLISHED|NO_RELIABILITY_DEMONSTRATED:NOT_ESTABLISHED|REDUNDANT_RELIABLE_TRAIT:NOT_ESTABLISHED
intraday,gap_cont,daily,WATCH,2609,0.1951023751586571,0.07074206984339709,0.006457805743331297,0.07729168078896421,0.012489307100085544,0.24532597911350668,0.19746941604423807,0.07769958715837084,raw|incremental|calibration|tail,RELIABLE_PARTIAL_GATE_FAILURE:NOT_ESTABLISHED|PEER_ADJUSTMENT_LOSS:NOT_ESTABLISHED|STRATUM_LOCAL_SIGNAL:NOT_ESTABLISHED|RECENT_ONLY_RELIABILITY:UNKNOWN|PEER_CLUSTER_RELIABILITY:UNKNOWN|SAMPLE_INSUFFICIENT:NOT_ESTABLISHED|TAIL_SESSION_SENSITIVITY:INDICATION|DEFINITION_INSTABILITY:NOT_ESTABLISHED|NO_RELIABILITY_DEMONSTRATED:CONFIRMED|REDUNDANT_RELIABLE_TRAIT:NOT_ESTABLISHED
intraday,gap_rev,daily,WATCH,2609,0.08813716201914537,0.04539931019400956,-0.011953766339549067,0.05747280403231639,0.15691693536004914,0.09704314695953989,0.09593881218150975,0.050089877047767135,raw|incremental|CI|calibration|tail|FDR,RELIABLE_PARTIAL_GATE_FAILURE:NOT_ESTABLISHED|PEER_ADJUSTMENT_LOSS:NOT_ESTABLISHED|STRATUM_LOCAL_SIGNAL:NOT_ESTABLISHED|RECENT_ONLY_RELIABILITY:UNKNOWN|PEER_CLUSTER_RELIABILITY:UNKNOWN|SAMPLE_INSUFFICIENT:NOT_ESTABLISHED|TAIL_SESSION_SENSITIVITY:INDICATION|DEFINITION_INSTABILITY:NOT_ESTABLISHED|NO_RELIABILITY_DEMONSTRATED:CONFIRMED|REDUNDANT_RELIABLE_TRAIT:NOT_ESTABLISHED
intraday,overnight_s,daily,WATCH,3694,0.11075207963939643,0.11118674757374637,0.024670690010206404,0.13354336264683767,0.012489307100085544,0.18759457964969403,0.10562911788267226,0.11058738568438276,raw|incremental|calibration|timeRandom|tail,RELIABLE_PARTIAL_GATE_FAILURE:NOT_ESTABLISHED|PEER_ADJUSTMENT_LOSS:NOT_ESTABLISHED|STRATUM_LOCAL_SIGNAL:NOT_ESTABLISHED|RECENT_ONLY_RELIABILITY:UNKNOWN|PEER_CLUSTER_RELIABILITY:UNKNOWN|SAMPLE_INSUFFICIENT:NOT_ESTABLISHED|TAIL_SESSION_SENSITIVITY:INDICATION|DEFINITION_INSTABILITY:NOT_ESTABLISHED|NO_RELIABILITY_DEMONSTRATED:CONFIRMED|REDUNDANT_RELIABLE_TRAIT:NOT_ESTABLISHED
intraday,intraday_s,daily,WATCH,3694,0.10090809115947579,0.10372179767645172,0.008765258491547483,0.10166058743763526,0.02132320724404849,0.16225092635325292,0.09443039798616067,0.09775706683175076,raw|incremental|calibration|timeRandom|tail,RELIABLE_PARTIAL_GATE_FAILURE:NOT_ESTABLISHED|PEER_ADJUSTMENT_LOSS:NOT_ESTABLISHED|STRATUM_LOCAL_SIGNAL:NOT_ESTABLISHED|RECENT_ONLY_RELIABILITY:UNKNOWN|PEER_CLUSTER_RELIABILITY:UNKNOWN|SAMPLE_INSUFFICIENT:NOT_ESTABLISHED|TAIL_SESSION_SENSITIVITY:INDICATION|DEFINITION_INSTABILITY:NOT_ESTABLISHED|NO_RELIABILITY_DEMONSTRATED:CONFIRMED|REDUNDANT_RELIABLE_TRAIT:NOT_ESTABLISHED
intraday,overnight_var_share,daily,WATCH,3679,0.3945648923011143,0.21698296745255816,0.09287867964501251,0.16165973941001716,0.005024433890839011,0.31093263910147356,0.3974261256988312,0.2207446784684228,calibration,RELIABLE_PARTIAL_GATE_FAILURE:CONFIRMED|PEER_ADJUSTMENT_LOSS:NOT_ESTABLISHED|STRATUM_LOCAL_SIGNAL:NOT_ESTABLISHED|RECENT_ONLY_RELIABILITY:UNKNOWN|PEER_CLUSTER_RELIABILITY:UNKNOWN|SAMPLE_INSUFFICIENT:NOT_ESTABLISHED|TAIL_SESSION_SENSITIVITY:NOT_ESTABLISHED|DEFINITION_INSTABILITY:NOT_ESTABLISHED|NO_RELIABILITY_DEMONSTRATED:NOT_ESTABLISHED|REDUNDANT_RELIABLE_TRAIT:NOT_ESTABLISHED
intraday,trading_value,daily,WATCH,3694,0.9417445077034734,0.6622236054646349,-0.046380372783678105,0.17357618237222985,0.1399945207623968,0.8600801889538254,0.9422054886701714,0.6560823618357283,CI|FDR,RELIABLE_PARTIAL_GATE_FAILURE:CONFIRMED|PEER_ADJUSTMENT_LOSS:NOT_ESTABLISHED|STRATUM_LOCAL_SIGNAL:NOT_ESTABLISHED|RECENT_ONLY_RELIABILITY:UNKNOWN|PEER_CLUSTER_RELIABILITY:UNKNOWN|SAMPLE_INSUFFICIENT:NOT_ESTABLISHED|TAIL_SESSION_SENSITIVITY:NOT_ESTABLISHED|DEFINITION_INSTABILITY:NOT_ESTABLISHED|NO_RELIABILITY_DEMONSTRATED:NOT_ESTABLISHED|REDUNDANT_RELIABLE_TRAIT:NOT_ESTABLISHED
intraday,amihud,daily,USABLE,3694,0.8949292091520835,0.4027142613522664,0.25622384429943573,0.3384324209215417,0.005024433890839011,0.6426956962034283,0.8942486174352533,0.3923372054022835,,RELIABLE_PARTIAL_GATE_FAILURE:NOT_ESTABLISHED|PEER_ADJUSTMENT_LOSS:NOT_ESTABLISHED|STRATUM_LOCAL_SIGNAL:NOT_ESTABLISHED|RECENT_ONLY_RELIABILITY:UNKNOWN|PEER_CLUSTER_RELIABILITY:UNKNOWN|SAMPLE_INSUFFICIENT:NOT_ESTABLISHED|TAIL_SESSION_SENSITIVITY:NOT_ESTABLISHED|DEFINITION_INSTABILITY:NOT_ESTABLISHED|NO_RELIABILITY_DEMONSTRATED:NOT_ESTABLISHED|REDUNDANT_RELIABLE_TRAIT:NOT_ESTABLISHED
intraday,value_rvol,daily,WATCH,3694,-0.00882102589797329,0.01886964557940532,-0.06920269786969241,0.0987589620415888,0.7513098802395209,0.05265147433884554,-0.016012607789782245,0.009785066775208698,raw|incremental|CI|calibration|timeRandom|tail|FDR,RELIABLE_PARTIAL_GATE_FAILURE:NOT_ESTABLISHED|PEER_ADJUSTMENT_LOSS:NOT_ESTABLISHED|STRATUM_LOCAL_SIGNAL:INDICATION|RECENT_ONLY_RELIABILITY:UNKNOWN|PEER_CLUSTER_RELIABILITY:UNKNOWN|SAMPLE_INSUFFICIENT:NOT_ESTABLISHED|TAIL_SESSION_SENSITIVITY:INDICATION|DEFINITION_INSTABILITY:NOT_ESTABLISHED|NO_RELIABILITY_DEMONSTRATED:CONFIRMED|REDUNDANT_RELIABLE_TRAIT:NOT_ESTABLISHED
intraday,value_shock,daily,WATCH,3694,0.5979533139788049,0.19063666332805534,0.027933224525496226,0.17274696952167018,0.019172181951885702,0.3238026561822276,0.5897656762593135,0.16901337416633383,calibration,RELIABLE_PARTIAL_GATE_FAILURE:CONFIRMED|PEER_ADJUSTMENT_LOSS:NOT_ESTABLISHED|STRATUM_LOCAL_SIGNAL:NOT_ESTABLISHED|RECENT_ONLY_RELIABILITY:UNKNOWN|PEER_CLUSTER_RELIABILITY:UNKNOWN|SAMPLE_INSUFFICIENT:NOT_ESTABLISHED|TAIL_SESSION_SENSITIVITY:NOT_ESTABLISHED|DEFINITION_INSTABILITY:NOT_ESTABLISHED|NO_RELIABILITY_DEMONSTRATED:NOT_ESTABLISHED|REDUNDANT_RELIABLE_TRAIT:NOT_ESTABLISHED
intraday,jump,daily,WATCH,3694,0.1687811058633055,0.11425776847672647,0.01707595893261971,0.09406022791882357,0.005024433890839011,0.1545791338476856,0.16804712516325915,0.10344731700777034,raw|incremental|calibration|tail,RELIABLE_PARTIAL_GATE_FAILURE:NOT_ESTABLISHED|PEER_ADJUSTMENT_LOSS:NOT_ESTABLISHED|STRATUM_LOCAL_SIGNAL:NOT_ESTABLISHED|RECENT_ONLY_RELIABILITY:UNKNOWN|PEER_CLUSTER_RELIABILITY:UNKNOWN|SAMPLE_INSUFFICIENT:NOT_ESTABLISHED|TAIL_SESSION_SENSITIVITY:INDICATION|DEFINITION_INSTABILITY:NOT_ESTABLISHED|NO_RELIABILITY_DEMONSTRATED:CONFIRMED|REDUNDANT_RELIABLE_TRAIT:NOT_ESTABLISHED
intraday,continuation_1,daily,WATCH,3682,0.08993785336808832,0.07275052605067496,0.002724454933466046,0.07153672657101984,0.02649246960624206,0.12500477238821242,0.09991846428904991,0.07863994086437263,raw|incremental|calibration|tail,RELIABLE_PARTIAL_GATE_FAILURE:NOT_ESTABLISHED|PEER_ADJUSTMENT_LOSS:NOT_ESTABLISHED|STRATUM_LOCAL_SIGNAL:NOT_ESTABLISHED|RECENT_ONLY_RELIABILITY:UNKNOWN|PEER_CLUSTER_RELIABILITY:UNKNOWN|SAMPLE_INSUFFICIENT:NOT_ESTABLISHED|TAIL_SESSION_SENSITIVITY:INDICATION|DEFINITION_INSTABILITY:NOT_ESTABLISHED|NO_RELIABILITY_DEMONSTRATED:CONFIRMED|REDUNDANT_RELIABLE_TRAIT:NOT_ESTABLISHED
intraday,continuation_3,daily,WATCH,3666,0.05674773917009363,0.053764553780072444,-0.0034631025629178525,0.06125219156299013,0.05464071856287425,0.10509666624574009,0.058771576984401004,0.05704974043440715,raw|incremental|CI|calibration|timeRandom|tail,RELIABLE_PARTIAL_GATE_FAILURE:NOT_ESTABLISHED|PEER_ADJUSTMENT_LOSS:NOT_ESTABLISHED|STRATUM_LOCAL_SIGNAL:NOT_ESTABLISHED|RECENT_ONLY_RELIABILITY:UNKNOWN|PEER_CLUSTER_RELIABILITY:UNKNOWN|SAMPLE_INSUFFICIENT:NOT_ESTABLISHED|TAIL_SESSION_SENSITIVITY:INDICATION|DEFINITION_INSTABILITY:NOT_ESTABLISHED|NO_RELIABILITY_DEMONSTRATED:CONFIRMED|REDUNDANT_RELIABLE_TRAIT:NOT_ESTABLISHED
intraday,vol_clustering,daily,WATCH,3673,0.11736566501987215,0.3849665599477422,0.13323093211205314,0.565806860580398,0.005024433890839011,0.37877014247084045,0.11396676468998154,0.16770992598480333,raw|calibration|timeRandom|tail,RELIABLE_PARTIAL_GATE_FAILURE:NOT_ESTABLISHED|PEER_ADJUSTMENT_LOSS:NOT_ESTABLISHED|STRATUM_LOCAL_SIGNAL:NOT_ESTABLISHED|RECENT_ONLY_RELIABILITY:UNKNOWN|PEER_CLUSTER_RELIABILITY:UNKNOWN|SAMPLE_INSUFFICIENT:NOT_ESTABLISHED|TAIL_SESSION_SENSITIVITY:INDICATION|DEFINITION_INSTABILITY:NOT_ESTABLISHED|NO_RELIABILITY_DEMONSTRATED:NOT_ESTABLISHED|REDUNDANT_RELIABLE_TRAIT:NOT_ESTABLISHED
intraday,value_O30,intraday,USABLE,1545,0.7878447889160209,0.645969808805108,0.5256995425493706,0.6138111462934193,0.005024433890839011,0.9695113003288595,0.7837345117574397,0.6345370441614442,,RELIABLE_PARTIAL_GATE_FAILURE:NOT_ESTABLISHED|PEER_ADJUSTMENT_LOSS:NOT_ESTABLISHED|STRATUM_LOCAL_SIGNAL:NOT_ESTABLISHED|RECENT_ONLY_RELIABILITY:UNKNOWN|PEER_CLUSTER_RELIABILITY:UNKNOWN|SAMPLE_INSUFFICIENT:NOT_ESTABLISHED|TAIL_SESSION_SENSITIVITY:NOT_ESTABLISHED|DEFINITION_INSTABILITY:NOT_ESTABLISHED|NO_RELIABILITY_DEMONSTRATED:NOT_ESTABLISHED|REDUNDANT_RELIABLE_TRAIT:NOT_ESTABLISHED
intraday,value_AM,intraday,USABLE,1545,0.7822572911522214,0.6424623337296727,0.4992644984692968,0.5932196984511794,0.005024433890839011,1.1544404369157621,0.7812848229543246,0.6346329277191997,,RELIABLE_PARTIAL_GATE_FAILURE:NOT_ESTABLISHED|PEER_ADJUSTMENT_LOSS:NOT_ESTABLISHED|STRATUM_LOCAL_SIGNAL:NOT_ESTABLISHED|RECENT_ONLY_RELIABILITY:UNKNOWN|PEER_CLUSTER_RELIABILITY:UNKNOWN|SAMPLE_INSUFFICIENT:NOT_ESTABLISHED|TAIL_SESSION_SENSITIVITY:NOT_ESTABLISHED|DEFINITION_INSTABILITY:NOT_ESTABLISHED|NO_RELIABILITY_DEMONSTRATED:NOT_ESTABLISHED|REDUNDANT_RELIABLE_TRAIT:NOT_ESTABLISHED
intraday,value_PM1,intraday,USABLE,1544,0.6058850015373307,0.48450247783927497,0.3431492297681596,0.4541218439934905,0.005024433890839011,0.9163970733040594,0.606169712794018,0.4684056935424566,,RELIABLE_PARTIAL_GATE_FAILURE:NOT_ESTABLISHED|PEER_ADJUSTMENT_LOSS:NOT_ESTABLISHED|STRATUM_LOCAL_SIGNAL:NOT_ESTABLISHED|RECENT_ONLY_RELIABILITY:UNKNOWN|PEER_CLUSTER_RELIABILITY:UNKNOWN|SAMPLE_INSUFFICIENT:NOT_ESTABLISHED|TAIL_SESSION_SENSITIVITY:NOT_ESTABLISHED|DEFINITION_INSTABILITY:NOT_ESTABLISHED|NO_RELIABILITY_DEMONSTRATED:NOT_ESTABLISHED|REDUNDANT_RELIABLE_TRAIT:NOT_ESTABLISHED
intraday,value_PM2,intraday,WATCH,1544,0.31660803858157144,0.18301361930541735,0.03403068326825121,0.3268929300296606,0.02132320724404849,0.613216708089901,0.32923772565373305,0.22295766226029015,timeRandom,RELIABLE_PARTIAL_GATE_FAILURE:CONFIRMED|PEER_ADJUSTMENT_LOSS:NOT_ESTABLISHED|STRATUM_LOCAL_SIGNAL:NOT_ESTABLISHED|RECENT_ONLY_RELIABILITY:UNKNOWN|PEER_CLUSTER_RELIABILITY:UNKNOWN|SAMPLE_INSUFFICIENT:NOT_ESTABLISHED|TAIL_SESSION_SENSITIVITY:NOT_ESTABLISHED|DEFINITION_INSTABILITY:NOT_ESTABLISHED|NO_RELIABILITY_DEMONSTRATED:NOT_ESTABLISHED|REDUNDANT_RELIABLE_TRAIT:NOT_ESTABLISHED
intraday,value_CL,intraday,WATCH,1370,0.9533973842387322,0.7944047209132578,0.7304664535904022,0.794092139510301,0.005024433890839011,1.8263676179092545,0.9533973842387322,0.7882255753562574,calibration,RELIABLE_PARTIAL_GATE_FAILURE:CONFIRMED|PEER_ADJUSTMENT_LOSS:NOT_ESTABLISHED|STRATUM_LOCAL_SIGNAL:NOT_ESTABLISHED|RECENT_ONLY_RELIABILITY:UNKNOWN|PEER_CLUSTER_RELIABILITY:UNKNOWN|SAMPLE_INSUFFICIENT:NOT_ESTABLISHED|TAIL_SESSION_SENSITIVITY:NOT_ESTABLISHED|DEFINITION_INSTABILITY:INDICATION|NO_RELIABILITY_DEMONSTRATED:NOT_ESTABLISHED|REDUNDANT_RELIABLE_TRAIT:NOT_ESTABLISHED
intraday,hod_o30,intraday,WATCH,1545,0.1560248644190211,0.10121426415063399,-0.0013111667926010576,0.11429247188049141,0.04960292181594258,0.17455478403409014,0.14743015713680532,0.09183941774597533,raw|incremental|CI|calibration|timeRandom|tail,RELIABLE_PARTIAL_GATE_FAILURE:NOT_ESTABLISHED|PEER_ADJUSTMENT_LOSS:NOT_ESTABLISHED|STRATUM_LOCAL_SIGNAL:INDICATION|RECENT_ONLY_RELIABILITY:UNKNOWN|PEER_CLUSTER_RELIABILITY:UNKNOWN|SAMPLE_INSUFFICIENT:NOT_ESTABLISHED|TAIL_SESSION_SENSITIVITY:INDICATION|DEFINITION_INSTABILITY:NOT_ESTABLISHED|NO_RELIABILITY_DEMONSTRATED:CONFIRMED|REDUNDANT_RELIABLE_TRAIT:NOT_ESTABLISHED
intraday,lod_o30,intraday,WATCH,1545,0.06095703690100834,0.05050813241586372,-0.03500077156642448,0.09203448440685812,0.2888152266894782,0.15515544346723364,0.048734399425796056,0.03697237751664663,raw|incremental|CI|calibration|timeRandom|tail|FDR,RELIABLE_PARTIAL_GATE_FAILURE:NOT_ESTABLISHED|PEER_ADJUSTMENT_LOSS:NOT_ESTABLISHED|STRATUM_LOCAL_SIGNAL:INDICATION|RECENT_ONLY_RELIABILITY:UNKNOWN|PEER_CLUSTER_RELIABILITY:UNKNOWN|SAMPLE_INSUFFICIENT:NOT_ESTABLISHED|TAIL_SESSION_SENSITIVITY:INDICATION|DEFINITION_INSTABILITY:NOT_ESTABLISHED|NO_RELIABILITY_DEMONSTRATED:CONFIRMED|REDUNDANT_RELIABLE_TRAIT:NOT_ESTABLISHED
intraday,lod_before_hod,intraday,WATCH,1539,0.06482570670341956,0.04371092117995137,-0.03254926172796271,0.0709914701012161,0.2888608747417446,0.08162625696051513,0.0455366638623383,0.027869381787642387,raw|incremental|CI|calibration|timeRandom|tail|FDR,RELIABLE_PARTIAL_GATE_FAILURE:NOT_ESTABLISHED|PEER_ADJUSTMENT_LOSS:NOT_ESTABLISHED|STRATUM_LOCAL_SIGNAL:INDICATION|RECENT_ONLY_RELIABILITY:UNKNOWN|PEER_CLUSTER_RELIABILITY:UNKNOWN|SAMPLE_INSUFFICIENT:NOT_ESTABLISHED|TAIL_SESSION_SENSITIVITY:INDICATION|DEFINITION_INSTABILITY:NOT_ESTABLISHED|NO_RELIABILITY_DEMONSTRATED:CONFIRMED|REDUNDANT_RELIABLE_TRAIT:NOT_ESTABLISHED
intraday,lag15,intraday,WATCH,236,0.017248604308270982,0.0002592814070581146,-0.1451720934691213,0.1112998306454188,1.0,-0.028230738505396966,-0.0009487087020444395,0.0008516186301977864,raw|incremental|CI|calibration|strata|timeRandom|tail|FDR,RELIABLE_PARTIAL_GATE_FAILURE:NOT_ESTABLISHED|PEER_ADJUSTMENT_LOSS:NOT_ESTABLISHED|STRATUM_LOCAL_SIGNAL:INDICATION|RECENT_ONLY_RELIABILITY:UNKNOWN|PEER_CLUSTER_RELIABILITY:UNKNOWN|SAMPLE_INSUFFICIENT:NOT_ESTABLISHED|TAIL_SESSION_SENSITIVITY:INDICATION|DEFINITION_INSTABILITY:NOT_ESTABLISHED|NO_RELIABILITY_DEMONSTRATED:CONFIRMED|REDUNDANT_RELIABLE_TRAIT:NOT_ESTABLISHED
intraday,variance_ratio,intraday,WATCH,309,0.08377416507701506,0.058199145045371166,-0.07225134323865924,0.12483918758973565,0.4445346594945702,0.1576634092961068,0.08359072809432973,0.042600493774937874,raw|incremental|CI|calibration|timeRandom|tail|FDR,RELIABLE_PARTIAL_GATE_FAILURE:NOT_ESTABLISHED|PEER_ADJUSTMENT_LOSS:NOT_ESTABLISHED|STRATUM_LOCAL_SIGNAL:INDICATION|RECENT_ONLY_RELIABILITY:UNKNOWN|PEER_CLUSTER_RELIABILITY:UNKNOWN|SAMPLE_INSUFFICIENT:NOT_ESTABLISHED|TAIL_SESSION_SENSITIVITY:INDICATION|DEFINITION_INSTABILITY:NOT_ESTABLISHED|NO_RELIABILITY_DEMONSTRATED:CONFIRMED|REDUNDANT_RELIABLE_TRAIT:NOT_ESTABLISHED
intraday,or_break,intraday,WATCH,149,0.4991963663168597,0.16817703609649917,-0.06859504806820242,0.22844812261926356,0.17485029940119762,0.3241411730853098,0.4850087970825376,0.15609677678643197,CI|calibration|FDR,RELIABLE_PARTIAL_GATE_FAILURE:CONFIRMED|PEER_ADJUSTMENT_LOSS:NOT_ESTABLISHED|STRATUM_LOCAL_SIGNAL:INDICATION|RECENT_ONLY_RELIABILITY:UNKNOWN|PEER_CLUSTER_RELIABILITY:UNKNOWN|SAMPLE_INSUFFICIENT:NOT_ESTABLISHED|TAIL_SESSION_SENSITIVITY:NOT_ESTABLISHED|DEFINITION_INSTABILITY:NOT_ESTABLISHED|NO_RELIABILITY_DEMONSTRATED:NOT_ESTABLISHED|REDUNDANT_RELIABLE_TRAIT:NOT_ESTABLISHED
intraday,or_follow,intraday,WATCH,121,-0.03782422931512642,-0.061312830239804904,-0.19133941877794336,0.11840181865999332,0.5398383560747358,-0.16581810385557116,-0.03048447943801968,-0.007419367239457195,raw|incremental|CI|calibration|direction|strata|timeRandom|tail|FDR,RELIABLE_PARTIAL_GATE_FAILURE:NOT_ESTABLISHED|PEER_ADJUSTMENT_LOSS:NOT_ESTABLISHED|STRATUM_LOCAL_SIGNAL:NOT_ESTABLISHED|RECENT_ONLY_RELIABILITY:UNKNOWN|PEER_CLUSTER_RELIABILITY:UNKNOWN|SAMPLE_INSUFFICIENT:NOT_ESTABLISHED|TAIL_SESSION_SENSITIVITY:INDICATION|DEFINITION_INSTABILITY:NOT_ESTABLISHED|NO_RELIABILITY_DEMONSTRATED:CONFIRMED|REDUNDANT_RELIABLE_TRAIT:NOT_ESTABLISHED
intraday,or_fail,intraday,WATCH,121,0.07632497363172129,0.12297791627150792,-0.1102194824549519,0.19773336946213246,0.3316126367953748,0.08833720683620053,0.10624584149306461,0.13168031368930921,raw|incremental|CI|calibration|timeRandom|tail|FDR,RELIABLE_PARTIAL_GATE_FAILURE:NOT_ESTABLISHED|PEER_ADJUSTMENT_LOSS:NOT_ESTABLISHED|STRATUM_LOCAL_SIGNAL:INDICATION|RECENT_ONLY_RELIABILITY:UNKNOWN|PEER_CLUSTER_RELIABILITY:UNKNOWN|SAMPLE_INSUFFICIENT:NOT_ESTABLISHED|TAIL_SESSION_SENSITIVITY:INDICATION|DEFINITION_INSTABILITY:NOT_ESTABLISHED|NO_RELIABILITY_DEMONSTRATED:CONFIRMED|REDUNDANT_RELIABLE_TRAIT:NOT_ESTABLISHED
intraday,pdh_break,intraday,USABLE,265,0.8149985159866726,0.48669185829066663,0.29602275951456686,0.4807146726163608,0.005024433890839011,0.7911939980339495,0.804337190111964,0.4519507567188489,,RELIABLE_PARTIAL_GATE_FAILURE:NOT_ESTABLISHED|PEER_ADJUSTMENT_LOSS:NOT_ESTABLISHED|STRATUM_LOCAL_SIGNAL:NOT_ESTABLISHED|RECENT_ONLY_RELIABILITY:UNKNOWN|PEER_CLUSTER_RELIABILITY:UNKNOWN|SAMPLE_INSUFFICIENT:NOT_ESTABLISHED|TAIL_SESSION_SENSITIVITY:NOT_ESTABLISHED|DEFINITION_INSTABILITY:NOT_ESTABLISHED|NO_RELIABILITY_DEMONSTRATED:NOT_ESTABLISHED|REDUNDANT_RELIABLE_TRAIT:NOT_ESTABLISHED
intraday,pdl_reclaim,intraday,WATCH,246,0.014370284916413298,-0.03512654592793966,-0.14079136733309652,0.09411945838866795,0.6392376537248085,-0.14525526757695056,0.001913864182195078,-0.05528401157683523,raw|incremental|CI|calibration|direction|timeRandom|tail|FDR,RELIABLE_PARTIAL_GATE_FAILURE:NOT_ESTABLISHED|PEER_ADJUSTMENT_LOSS:NOT_ESTABLISHED|STRATUM_LOCAL_SIGNAL:INDICATION|RECENT_ONLY_RELIABILITY:UNKNOWN|PEER_CLUSTER_RELIABILITY:UNKNOWN|SAMPLE_INSUFFICIENT:NOT_ESTABLISHED|TAIL_SESSION_SENSITIVITY:INDICATION|DEFINITION_INSTABILITY:NOT_ESTABLISHED|NO_RELIABILITY_DEMONSTRATED:CONFIRMED|REDUNDANT_RELIABLE_TRAIT:NOT_ESTABLISHED
intraday,vwap_reclaim,intraday,WATCH,366,0.1468531088254195,-0.015549508612814063,-0.08129996554996755,0.09730898741992507,0.8877015200368494,-0.026895366993753018,0.15533330637906825,-0.00894954324641686,raw|incremental|CI|calibration|direction|strata|tail|FDR,RELIABLE_PARTIAL_GATE_FAILURE:NOT_ESTABLISHED|PEER_ADJUSTMENT_LOSS:NOT_ESTABLISHED|STRATUM_LOCAL_SIGNAL:INDICATION|RECENT_ONLY_RELIABILITY:UNKNOWN|PEER_CLUSTER_RELIABILITY:UNKNOWN|SAMPLE_INSUFFICIENT:NOT_ESTABLISHED|TAIL_SESSION_SENSITIVITY:INDICATION|DEFINITION_INSTABILITY:NOT_ESTABLISHED|NO_RELIABILITY_DEMONSTRATED:CONFIRMED|REDUNDANT_RELIABLE_TRAIT:NOT_ESTABLISHED
intraday,swing_amplitude,intraday,INSUFFICIENT,9,,,,,1.0,,,,PAIRED_SAMPLE_BELOW100,RELIABLE_PARTIAL_GATE_FAILURE:NOT_ESTABLISHED|PEER_ADJUSTMENT_LOSS:NOT_ESTABLISHED|STRATUM_LOCAL_SIGNAL:NOT_ESTABLISHED|RECENT_ONLY_RELIABILITY:UNKNOWN|PEER_CLUSTER_RELIABILITY:UNKNOWN|SAMPLE_INSUFFICIENT:CONFIRMED|TAIL_SESSION_SENSITIVITY:NOT_ESTABLISHED|DEFINITION_INSTABILITY:NOT_ESTABLISHED|NO_RELIABILITY_DEMONSTRATED:NOT_ESTABLISHED|REDUNDANT_RELIABLE_TRAIT:NOT_ESTABLISHED
intraday,swing_duration,intraday,INSUFFICIENT,9,,,,,1.0,,,,PAIRED_SAMPLE_BELOW100,RELIABLE_PARTIAL_GATE_FAILURE:NOT_ESTABLISHED|PEER_ADJUSTMENT_LOSS:NOT_ESTABLISHED|STRATUM_LOCAL_SIGNAL:NOT_ESTABLISHED|RECENT_ONLY_RELIABILITY:UNKNOWN|PEER_CLUSTER_RELIABILITY:UNKNOWN|SAMPLE_INSUFFICIENT:CONFIRMED|TAIL_SESSION_SENSITIVITY:NOT_ESTABLISHED|DEFINITION_INSTABILITY:NOT_ESTABLISHED|NO_RELIABILITY_DEMONSTRATED:NOT_ESTABLISHED|REDUNDANT_RELIABLE_TRAIT:NOT_ESTABLISHED
intraday,pullback_depth,intraday,INSUFFICIENT,0,,,,,1.0,,,,PAIRED_SAMPLE_BELOW100,RELIABLE_PARTIAL_GATE_FAILURE:NOT_ESTABLISHED|PEER_ADJUSTMENT_LOSS:NOT_ESTABLISHED|STRATUM_LOCAL_SIGNAL:NOT_ESTABLISHED|RECENT_ONLY_RELIABILITY:UNKNOWN|PEER_CLUSTER_RELIABILITY:UNKNOWN|SAMPLE_INSUFFICIENT:CONFIRMED|TAIL_SESSION_SENSITIVITY:NOT_ESTABLISHED|DEFINITION_INSTABILITY:CONFIRMED|NO_RELIABILITY_DEMONSTRATED:NOT_ESTABLISHED|REDUNDANT_RELIABLE_TRAIT:NOT_ESTABLISHED
intraday,selloff_rebound,intraday,INSUFFICIENT,0,,,,,1.0,,,,PAIRED_SAMPLE_BELOW100,RELIABLE_PARTIAL_GATE_FAILURE:NOT_ESTABLISHED|PEER_ADJUSTMENT_LOSS:NOT_ESTABLISHED|STRATUM_LOCAL_SIGNAL:NOT_ESTABLISHED|RECENT_ONLY_RELIABILITY:UNKNOWN|PEER_CLUSTER_RELIABILITY:UNKNOWN|SAMPLE_INSUFFICIENT:CONFIRMED|TAIL_SESSION_SENSITIVITY:NOT_ESTABLISHED|DEFINITION_INSTABILITY:NOT_ESTABLISHED|NO_RELIABILITY_DEMONSTRATED:NOT_ESTABLISHED|REDUNDANT_RELIABLE_TRAIT:NOT_ESTABLISHED
intraday,rally_giveback,intraday,INSUFFICIENT,0,,,,,1.0,,,,PAIRED_SAMPLE_BELOW100,RELIABLE_PARTIAL_GATE_FAILURE:NOT_ESTABLISHED|PEER_ADJUSTMENT_LOSS:NOT_ESTABLISHED|STRATUM_LOCAL_SIGNAL:NOT_ESTABLISHED|RECENT_ONLY_RELIABILITY:UNKNOWN|PEER_CLUSTER_RELIABILITY:UNKNOWN|SAMPLE_INSUFFICIENT:CONFIRMED|TAIL_SESSION_SENSITIVITY:NOT_ESTABLISHED|DEFINITION_INSTABILITY:NOT_ESTABLISHED|NO_RELIABILITY_DEMONSTRATED:NOT_ESTABLISHED|REDUNDANT_RELIABLE_TRAIT:NOT_ESTABLISHED
intraday,volume_O30,intraday,WATCH,1545,0.7881436930167489,0.6458238090772591,0.5260589411183456,0.6139765502050667,0.005024433890839011,0.9695836533044364,0.784220186020255,0.6348152683246558,REDUNDANT_WITH:value_O30,RELIABLE_PARTIAL_GATE_FAILURE:CONFIRMED|PEER_ADJUSTMENT_LOSS:NOT_ESTABLISHED|STRATUM_LOCAL_SIGNAL:NOT_ESTABLISHED|RECENT_ONLY_RELIABILITY:UNKNOWN|PEER_CLUSTER_RELIABILITY:UNKNOWN|SAMPLE_INSUFFICIENT:NOT_ESTABLISHED|TAIL_SESSION_SENSITIVITY:NOT_ESTABLISHED|DEFINITION_INSTABILITY:NOT_ESTABLISHED|NO_RELIABILITY_DEMONSTRATED:NOT_ESTABLISHED|REDUNDANT_RELIABLE_TRAIT:CONFIRMED
intraday,range_O30,intraday,WATCH,1541,0.19379150229601072,0.1786429701619444,0.036237004731520396,0.17412707454298265,0.016189842537147926,0.31846676102393934,0.18458383309652138,0.17149441923426578,raw|calibration|timeRandom|tail,RELIABLE_PARTIAL_GATE_FAILURE:NOT_ESTABLISHED|PEER_ADJUSTMENT_LOSS:NOT_ESTABLISHED|STRATUM_LOCAL_SIGNAL:NOT_ESTABLISHED|RECENT_ONLY_RELIABILITY:UNKNOWN|PEER_CLUSTER_RELIABILITY:UNKNOWN|SAMPLE_INSUFFICIENT:NOT_ESTABLISHED|TAIL_SESSION_SENSITIVITY:INDICATION|DEFINITION_INSTABILITY:NOT_ESTABLISHED|NO_RELIABILITY_DEMONSTRATED:NOT_ESTABLISHED|REDUNDANT_RELIABLE_TRAIT:NOT_ESTABLISHED
intraday,volume_AM,intraday,WATCH,1545,0.7833818860249401,0.6433981831998209,0.5004786325477417,0.5939323841485489,0.005024433890839011,1.1566207675537343,0.782222541678032,0.6352920845437906,REDUNDANT_WITH:value_AM,RELIABLE_PARTIAL_GATE_FAILURE:CONFIRMED|PEER_ADJUSTMENT_LOSS:NOT_ESTABLISHED|STRATUM_LOCAL_SIGNAL:NOT_ESTABLISHED|RECENT_ONLY_RELIABILITY:UNKNOWN|PEER_CLUSTER_RELIABILITY:UNKNOWN|SAMPLE_INSUFFICIENT:NOT_ESTABLISHED|TAIL_SESSION_SENSITIVITY:NOT_ESTABLISHED|DEFINITION_INSTABILITY:NOT_ESTABLISHED|NO_RELIABILITY_DEMONSTRATED:NOT_ESTABLISHED|REDUNDANT_RELIABLE_TRAIT:CONFIRMED
intraday,range_AM,intraday,WATCH,1544,0.24153614461464643,0.2753094947699949,0.09777333139310065,0.22979308786075392,0.005024433890839011,0.4817678845634469,0.24469226122982757,0.26955634175569776,raw|calibration|timeRandom|tail,RELIABLE_PARTIAL_GATE_FAILURE:NOT_ESTABLISHED|PEER_ADJUSTMENT_LOSS:NOT_ESTABLISHED|STRATUM_LOCAL_SIGNAL:NOT_ESTABLISHED|RECENT_ONLY_RELIABILITY:UNKNOWN|PEER_CLUSTER_RELIABILITY:UNKNOWN|SAMPLE_INSUFFICIENT:NOT_ESTABLISHED|TAIL_SESSION_SENSITIVITY:INDICATION|DEFINITION_INSTABILITY:NOT_ESTABLISHED|NO_RELIABILITY_DEMONSTRATED:NOT_ESTABLISHED|REDUNDANT_RELIABLE_TRAIT:NOT_ESTABLISHED
intraday,volume_PM1,intraday,WATCH,1544,0.607093961891348,0.48328632882210215,0.34271984969532293,0.4529679702348267,0.005024433890839011,0.9151849040817893,0.6072366432641443,0.4679320729209707,REDUNDANT_WITH:value_PM1,RELIABLE_PARTIAL_GATE_FAILURE:CONFIRMED|PEER_ADJUSTMENT_LOSS:NOT_ESTABLISHED|STRATUM_LOCAL_SIGNAL:NOT_ESTABLISHED|RECENT_ONLY_RELIABILITY:UNKNOWN|PEER_CLUSTER_RELIABILITY:UNKNOWN|SAMPLE_INSUFFICIENT:NOT_ESTABLISHED|TAIL_SESSION_SENSITIVITY:NOT_ESTABLISHED|DEFINITION_INSTABILITY:NOT_ESTABLISHED|NO_RELIABILITY_DEMONSTRATED:NOT_ESTABLISHED|REDUNDANT_RELIABLE_TRAIT:CONFIRMED
intraday,range_PM1,intraday,WATCH,1542,0.43971043469623783,0.26849319581910736,0.10971203787722583,0.24373406992513252,0.005024433890839011,0.46740951636518596,0.4376409250543187,0.26338651870651836,calibration,RELIABLE_PARTIAL_GATE_FAILURE:CONFIRMED|PEER_ADJUSTMENT_LOSS:NOT_ESTABLISHED|STRATUM_LOCAL_SIGNAL:NOT_ESTABLISHED|RECENT_ONLY_RELIABILITY:UNKNOWN|PEER_CLUSTER_RELIABILITY:UNKNOWN|SAMPLE_INSUFFICIENT:NOT_ESTABLISHED|TAIL_SESSION_SENSITIVITY:NOT_ESTABLISHED|DEFINITION_INSTABILITY:NOT_ESTABLISHED|NO_RELIABILITY_DEMONSTRATED:NOT_ESTABLISHED|REDUNDANT_RELIABLE_TRAIT:NOT_ESTABLISHED
intraday,volume_PM2,intraday,WATCH,1544,0.31369703752420225,0.18114869751367127,0.03270544832529741,0.32508626224627885,0.024284763805721893,0.6094806728934978,0.32653885302603997,0.22165521979074757,timeRandom,RELIABLE_PARTIAL_GATE_FAILURE:CONFIRMED|PEER_ADJUSTMENT_LOSS:NOT_ESTABLISHED|STRATUM_LOCAL_SIGNAL:NOT_ESTABLISHED|RECENT_ONLY_RELIABILITY:UNKNOWN|PEER_CLUSTER_RELIABILITY:UNKNOWN|SAMPLE_INSUFFICIENT:NOT_ESTABLISHED|TAIL_SESSION_SENSITIVITY:NOT_ESTABLISHED|DEFINITION_INSTABILITY:NOT_ESTABLISHED|NO_RELIABILITY_DEMONSTRATED:NOT_ESTABLISHED|REDUNDANT_RELIABLE_TRAIT:NOT_ESTABLISHED
intraday,range_PM2,intraday,WATCH,1543,0.317186243435839,0.28078354314742077,0.12734289208244723,0.26623975314585246,0.005024433890839011,0.5651824388233716,0.3129196917790976,0.2681403278652458,timeRandom,RELIABLE_PARTIAL_GATE_FAILURE:CONFIRMED|PEER_ADJUSTMENT_LOSS:NOT_ESTABLISHED|STRATUM_LOCAL_SIGNAL:NOT_ESTABLISHED|RECENT_ONLY_RELIABILITY:UNKNOWN|PEER_CLUSTER_RELIABILITY:UNKNOWN|SAMPLE_INSUFFICIENT:NOT_ESTABLISHED|TAIL_SESSION_SENSITIVITY:NOT_ESTABLISHED|DEFINITION_INSTABILITY:NOT_ESTABLISHED|NO_RELIABILITY_DEMONSTRATED:NOT_ESTABLISHED|REDUNDANT_RELIABLE_TRAIT:NOT_ESTABLISHED
intraday,volume_CL,intraday,WATCH,1370,0.9532915737393723,0.7943497459349814,0.7304062701062787,0.7939354231377527,0.005024433890839011,1.825056746145854,0.9532915737393723,0.7879973778615413,calibration,RELIABLE_PARTIAL_GATE_FAILURE:CONFIRMED|PEER_ADJUSTMENT_LOSS:NOT_ESTABLISHED|STRATUM_LOCAL_SIGNAL:NOT_ESTABLISHED|RECENT_ONLY_RELIABILITY:UNKNOWN|PEER_CLUSTER_RELIABILITY:UNKNOWN|SAMPLE_INSUFFICIENT:NOT_ESTABLISHED|TAIL_SESSION_SENSITIVITY:NOT_ESTABLISHED|DEFINITION_INSTABILITY:INDICATION|NO_RELIABILITY_DEMONSTRATED:NOT_ESTABLISHED|REDUNDANT_RELIABLE_TRAIT:NOT_ESTABLISHED
intraday,range_CL,intraday,INSUFFICIENT,0,,,,,1.0,,,,PAIRED_SAMPLE_BELOW100,RELIABLE_PARTIAL_GATE_FAILURE:NOT_ESTABLISHED|PEER_ADJUSTMENT_LOSS:NOT_ESTABLISHED|STRATUM_LOCAL_SIGNAL:NOT_ESTABLISHED|RECENT_ONLY_RELIABILITY:UNKNOWN|PEER_CLUSTER_RELIABILITY:UNKNOWN|SAMPLE_INSUFFICIENT:CONFIRMED|TAIL_SESSION_SENSITIVITY:NOT_ESTABLISHED|DEFINITION_INSTABILITY:INDICATION|NO_RELIABILITY_DEMONSTRATED:NOT_ESTABLISHED|REDUNDANT_RELIABLE_TRAIT:NOT_ESTABLISHED
intraday,hod_AM,intraday,WATCH,1545,0.05318876521711536,0.050502015199720286,-0.018873221232310586,0.08031301323199405,0.13988023952095807,0.10360777303669945,0.058441377425770116,0.058177684732093345,raw|incremental|CI|calibration|tail|FDR,RELIABLE_PARTIAL_GATE_FAILURE:NOT_ESTABLISHED|PEER_ADJUSTMENT_LOSS:NOT_ESTABLISHED|STRATUM_LOCAL_SIGNAL:NOT_ESTABLISHED|RECENT_ONLY_RELIABILITY:UNKNOWN|PEER_CLUSTER_RELIABILITY:UNKNOWN|SAMPLE_INSUFFICIENT:NOT_ESTABLISHED|TAIL_SESSION_SENSITIVITY:INDICATION|DEFINITION_INSTABILITY:NOT_ESTABLISHED|NO_RELIABILITY_DEMONSTRATED:CONFIRMED|REDUNDANT_RELIABLE_TRAIT:NOT_ESTABLISHED
intraday,hod_PM1,intraday,WATCH,1545,0.07107730451453313,0.06496956001662582,-0.016680097481093083,0.07913019140964542,0.15945467555455128,0.10497572367951087,0.07192066439136434,0.07031126175692962,raw|incremental|CI|calibration|timeRandom|tail|FDR,RELIABLE_PARTIAL_GATE_FAILURE:NOT_ESTABLISHED|PEER_ADJUSTMENT_LOSS:NOT_ESTABLISHED|STRATUM_LOCAL_SIGNAL:NOT_ESTABLISHED|RECENT_ONLY_RELIABILITY:UNKNOWN|PEER_CLUSTER_RELIABILITY:UNKNOWN|SAMPLE_INSUFFICIENT:NOT_ESTABLISHED|TAIL_SESSION_SENSITIVITY:INDICATION|DEFINITION_INSTABILITY:NOT_ESTABLISHED|NO_RELIABILITY_DEMONSTRATED:CONFIRMED|REDUNDANT_RELIABLE_TRAIT:NOT_ESTABLISHED
intraday,hod_PM2,intraday,WATCH,1545,0.1489476718874439,0.11106674032489058,0.015781922659906147,0.11546318080141649,0.009400553731247183,0.19129374707222274,0.14395721316798338,0.10044850993761151,raw|incremental|calibration|tail,RELIABLE_PARTIAL_GATE_FAILURE:NOT_ESTABLISHED|PEER_ADJUSTMENT_LOSS:NOT_ESTABLISHED|STRATUM_LOCAL_SIGNAL:NOT_ESTABLISHED|RECENT_ONLY_RELIABILITY:UNKNOWN|PEER_CLUSTER_RELIABILITY:UNKNOWN|SAMPLE_INSUFFICIENT:NOT_ESTABLISHED|TAIL_SESSION_SENSITIVITY:INDICATION|DEFINITION_INSTABILITY:NOT_ESTABLISHED|NO_RELIABILITY_DEMONSTRATED:CONFIRMED|REDUNDANT_RELIABLE_TRAIT:NOT_ESTABLISHED
intraday,hod_CL,intraday,WATCH,1370,0.04719899863051415,-0.0028651413964724854,-0.03569795932577296,0.1087575790246937,1.0,0.0634727867481676,0.04719899863051415,-0.00763353940822166,raw|incremental|CI|calibration|direction|timeRandom|tail|FDR,RELIABLE_PARTIAL_GATE_FAILURE:NOT_ESTABLISHED|PEER_ADJUSTMENT_LOSS:NOT_ESTABLISHED|STRATUM_LOCAL_SIGNAL:INDICATION|RECENT_ONLY_RELIABILITY:UNKNOWN|PEER_CLUSTER_RELIABILITY:UNKNOWN|SAMPLE_INSUFFICIENT:NOT_ESTABLISHED|TAIL_SESSION_SENSITIVITY:INDICATION|DEFINITION_INSTABILITY:INDICATION|NO_RELIABILITY_DEMONSTRATED:CONFIRMED|REDUNDANT_RELIABLE_TRAIT:NOT_ESTABLISHED
intraday,lod_AM,intraday,WATCH,1545,0.03197719710894599,0.023170817338819656,-0.03435258483618909,0.06150146915683347,0.49298070525615434,0.03975113290960286,0.028364483038477127,0.016569691319080412,raw|incremental|CI|calibration|tail|FDR,RELIABLE_PARTIAL_GATE_FAILURE:NOT_ESTABLISHED|PEER_ADJUSTMENT_LOSS:NOT_ESTABLISHED|STRATUM_LOCAL_SIGNAL:INDICATION|RECENT_ONLY_RELIABILITY:UNKNOWN|PEER_CLUSTER_RELIABILITY:UNKNOWN|SAMPLE_INSUFFICIENT:NOT_ESTABLISHED|TAIL_SESSION_SENSITIVITY:INDICATION|DEFINITION_INSTABILITY:NOT_ESTABLISHED|NO_RELIABILITY_DEMONSTRATED:CONFIRMED|REDUNDANT_RELIABLE_TRAIT:NOT_ESTABLISHED
intraday,lod_PM1,intraday,WATCH,1545,0.07230559796523656,0.055196321314457,-0.013891441669708463,0.07846211868349438,0.16999334664005322,0.09550702729868628,0.07588623414486369,0.05987255050765219,raw|incremental|CI|calibration|tail|FDR,RELIABLE_PARTIAL_GATE_FAILURE:NOT_ESTABLISHED|PEER_ADJUSTMENT_LOSS:NOT_ESTABLISHED|STRATUM_LOCAL_SIGNAL:NOT_ESTABLISHED|RECENT_ONLY_RELIABILITY:UNKNOWN|PEER_CLUSTER_RELIABILITY:UNKNOWN|SAMPLE_INSUFFICIENT:NOT_ESTABLISHED|TAIL_SESSION_SENSITIVITY:INDICATION|DEFINITION_INSTABILITY:NOT_ESTABLISHED|NO_RELIABILITY_DEMONSTRATED:CONFIRMED|REDUNDANT_RELIABLE_TRAIT:NOT_ESTABLISHED
intraday,lod_PM2,intraday,WATCH,1545,0.07049057522772775,0.09153524684626597,-0.011034464200521824,0.09701832373049703,0.07434111369098538,0.1823046454855523,0.056936168585278495,0.08839133479348939,raw|incremental|CI|calibration|timeRandom|tail,RELIABLE_PARTIAL_GATE_FAILURE:NOT_ESTABLISHED|PEER_ADJUSTMENT_LOSS:NOT_ESTABLISHED|STRATUM_LOCAL_SIGNAL:NOT_ESTABLISHED|RECENT_ONLY_RELIABILITY:UNKNOWN|PEER_CLUSTER_RELIABILITY:UNKNOWN|SAMPLE_INSUFFICIENT:NOT_ESTABLISHED|TAIL_SESSION_SENSITIVITY:INDICATION|DEFINITION_INSTABILITY:NOT_ESTABLISHED|NO_RELIABILITY_DEMONSTRATED:CONFIRMED|REDUNDANT_RELIABLE_TRAIT:NOT_ESTABLISHED
intraday,lod_CL,intraday,WATCH,1370,0.13985457529709952,0.07979928672765771,-0.00021554799955539133,0.08691359668300207,0.044346090427839976,0.1018250250028631,0.13985457529709952,0.07957474800908503,raw|incremental|CI|calibration|timeRandom|tail,RELIABLE_PARTIAL_GATE_FAILURE:NOT_ESTABLISHED|PEER_ADJUSTMENT_LOSS:NOT_ESTABLISHED|STRATUM_LOCAL_SIGNAL:NOT_ESTABLISHED|RECENT_ONLY_RELIABILITY:UNKNOWN|PEER_CLUSTER_RELIABILITY:UNKNOWN|SAMPLE_INSUFFICIENT:NOT_ESTABLISHED|TAIL_SESSION_SENSITIVITY:INDICATION|DEFINITION_INSTABILITY:INDICATION|NO_RELIABILITY_DEMONSTRATED:CONFIRMED|REDUNDANT_RELIABLE_TRAIT:NOT_ESTABLISHED
